/*******************************************************************************
 * Size: 18 px
 * Bpp: 1
 * Opts: --bpp 1 --size 18 --font C:/Users/LENOVO/OneDrive - Mawell/Melody_IO/ATD3.5-S3-Coin-Selector-PIO-main/ATD3.5-S3-Coin-Selector-PIO-main/SquareLine Studio Project/assets/Kanit-Regular.ttf -o C:/Users/LENOVO/OneDrive - Mawell/Melody_IO/ATD3.5-S3-Coin-Selector-PIO-main/ATD3.5-S3-Coin-Selector-PIO-main/SquareLine Studio Project/assets\ui_font_Kanit18.c --format lvgl -r 0x20-0x7f -r 0x00-0x0E7F --no-compress --no-prefilter
 ******************************************************************************/

#include "../ui.h"

#ifndef UI_FONT_KANIT18
#define UI_FONT_KANIT18 1
#endif

#if UI_FONT_KANIT18

/*-----------------
 *    BITMAPS
 *----------------*/

/*Store the image of the glyphs*/
static LV_ATTRIBUTE_LARGE_CONST const uint8_t glyph_bitmap[] = {
    /* U+0000 "\u0000" */
    0x0,

    /* U+000D "\r" */
    0x0,

    /* U+0020 " " */
    0x0,

    /* U+0021 "!" */
    0xff, 0xff, 0xc3,

    /* U+0022 "\"" */
    0xde, 0xf6,

    /* U+0023 "#" */
    0xc, 0x41, 0x18, 0x63, 0x3f, 0xf1, 0x18, 0x23,
    0xc, 0x41, 0x88, 0xff, 0xcc, 0x61, 0x88, 0x23,
    0x0,

    /* U+0024 "$" */
    0x18, 0x18, 0x7e, 0xd8, 0xd8, 0xd8, 0xf8, 0x7c,
    0x3e, 0x1f, 0x1b, 0x1b, 0x9b, 0xfc, 0x18,

    /* U+0025 "%" */
    0x70, 0x91, 0x32, 0x24, 0x45, 0x87, 0x20, 0xc,
    0x1, 0x0, 0x66, 0x9, 0x23, 0x24, 0xc4, 0x98,
    0x60,

    /* U+0026 "&" */
    0x3c, 0xc, 0xc1, 0x98, 0x33, 0x3, 0xc0, 0x30,
    0x1f, 0x7, 0x36, 0xc7, 0xd8, 0x73, 0x8f, 0x1f,
    0x20,

    /* U+0027 "'" */
    0xfc,

    /* U+0028 "(" */
    0x33, 0x19, 0x8c, 0x63, 0x18, 0xc6, 0x30, 0xc6,
    0x18,

    /* U+0029 ")" */
    0x61, 0x8c, 0x71, 0x8c, 0x63, 0x18, 0xce, 0x63,
    0x30,

    /* U+002A "*" */
    0x32, 0xdf, 0xdc, 0x79, 0x20,

    /* U+002B "+" */
    0x30, 0x60, 0xc7, 0xf3, 0x6, 0xc, 0x0,

    /* U+002C "," */
    0xf8,

    /* U+002D "-" */
    0xfe,

    /* U+002E "." */
    0xc0,

    /* U+002F "/" */
    0xc, 0x71, 0x86, 0x18, 0xc3, 0xc, 0x61, 0x86,
    0x30, 0xc0,

    /* U+0030 "0" */
    0x3f, 0x18, 0x66, 0x1b, 0x3, 0xc0, 0xf0, 0x3c,
    0xf, 0x3, 0xc0, 0xd8, 0x66, 0x18, 0xfc,

    /* U+0031 "1" */
    0xff, 0x33, 0x33, 0x33, 0x33, 0x33,

    /* U+0032 "2" */
    0xf9, 0x18, 0x18, 0x30, 0x61, 0xc7, 0x1c, 0x30,
    0xc3, 0x87, 0xf0,

    /* U+0033 "3" */
    0xfc, 0x7, 0x3, 0x3, 0x7, 0x3c, 0x6, 0x3,
    0x3, 0x3, 0x86, 0xfc,

    /* U+0034 "4" */
    0x3, 0x3, 0x83, 0xc3, 0x61, 0xb1, 0x99, 0x8d,
    0x86, 0xff, 0x81, 0x80, 0xc0, 0x60,

    /* U+0035 "5" */
    0xfe, 0xc0, 0xc0, 0xc0, 0xc0, 0xfe, 0x7, 0x3,
    0x3, 0x3, 0x6, 0xfc,

    /* U+0036 "6" */
    0x1f, 0x30, 0x30, 0x18, 0xf, 0xe7, 0x1b, 0x7,
    0x83, 0xc1, 0xe0, 0xd8, 0xc7, 0xc0,

    /* U+0037 "7" */
    0xff, 0x3, 0x6, 0x6, 0xe, 0xc, 0xc, 0x18,
    0x18, 0x38, 0x30, 0x30,

    /* U+0038 "8" */
    0x3e, 0x31, 0xb0, 0x78, 0x3e, 0x3b, 0xf9, 0xfd,
    0x87, 0xc1, 0xe0, 0xf8, 0xe7, 0xc0,

    /* U+0039 "9" */
    0x3e, 0x31, 0xb0, 0x78, 0x3c, 0x1f, 0x1c, 0xfe,
    0x3, 0x1, 0x80, 0x90, 0xcf, 0xc0,

    /* U+003A ":" */
    0xc0, 0xc,

    /* U+003B ";" */
    0x60, 0x0, 0x1b, 0xc0,

    /* U+003C "<" */
    0x3, 0xf, 0x3c, 0xf0, 0xc0, 0xf0, 0x1c, 0x7,
    0x1,

    /* U+003D "=" */
    0xfe, 0x0, 0x7, 0xf0,

    /* U+003E ">" */
    0xc0, 0xf0, 0x3c, 0xf, 0x3, 0xf, 0x38, 0xe0,
    0x80,

    /* U+003F "?" */
    0xf9, 0x18, 0x18, 0x30, 0x61, 0x86, 0x1c, 0x30,
    0x0, 0x1, 0x80,

    /* U+0040 "@" */
    0x1f, 0x83, 0xe, 0x60, 0x6c, 0xfb, 0xc0, 0xfc,
    0xff, 0xd8, 0xfd, 0x8f, 0xd8, 0xe6, 0xf0, 0x30,
    0x0, 0xfc,

    /* U+0041 "A" */
    0xe, 0x1, 0xc0, 0x78, 0xd, 0x81, 0x30, 0x66,
    0xc, 0x63, 0xc, 0x7f, 0xcc, 0x1b, 0x3, 0x60,
    0x30,

    /* U+0042 "B" */
    0xff, 0x60, 0xf0, 0x78, 0x3c, 0x1f, 0xf3, 0xf,
    0x83, 0xc1, 0xe0, 0xf0, 0xff, 0xe0,

    /* U+0043 "C" */
    0x1f, 0x98, 0x58, 0x18, 0xc, 0x6, 0x3, 0x1,
    0x80, 0xc0, 0x30, 0x1c, 0x3, 0xf0,

    /* U+0044 "D" */
    0xfe, 0x30, 0x6c, 0x1b, 0x3, 0xc0, 0xf0, 0x3c,
    0xf, 0x3, 0xc0, 0xf0, 0x6c, 0x1b, 0xfc,

    /* U+0045 "E" */
    0xff, 0xc0, 0xc0, 0xc0, 0xc0, 0xc0, 0xff, 0xc0,
    0xc0, 0xc0, 0xc0, 0xff,

    /* U+0046 "F" */
    0xff, 0xc0, 0xc0, 0xc0, 0xc0, 0xc0, 0xfe, 0xc0,
    0xc0, 0xc0, 0xc0, 0xc0,

    /* U+0047 "G" */
    0x1f, 0x8c, 0x6, 0x3, 0x0, 0xc0, 0x31, 0xfc,
    0xf, 0x3, 0xc0, 0xd8, 0x37, 0xc, 0x7f,

    /* U+0048 "H" */
    0xc0, 0xf0, 0x3c, 0xf, 0x3, 0xc0, 0xf0, 0x3f,
    0xff, 0x3, 0xc0, 0xf0, 0x3c, 0xf, 0x3,

    /* U+0049 "I" */
    0xff, 0xff, 0xff,

    /* U+004A "J" */
    0x6, 0xc, 0x18, 0x30, 0x60, 0xc1, 0x83, 0x6,
    0xc, 0x3f, 0xe0,

    /* U+004B "K" */
    0xc3, 0xe1, 0xb1, 0x99, 0x8d, 0x87, 0xc3, 0xb1,
    0x8c, 0xc6, 0x61, 0xb0, 0xd8, 0x30,

    /* U+004C "L" */
    0xc0, 0xc0, 0xc0, 0xc0, 0xc0, 0xc0, 0xc0, 0xc0,
    0xc0, 0xc0, 0xc0, 0xff,

    /* U+004D "M" */
    0xc0, 0x7c, 0x1f, 0x83, 0xf8, 0xfd, 0x17, 0xb2,
    0xf6, 0xde, 0x53, 0xce, 0x78, 0x8f, 0x1, 0xe0,
    0x30,

    /* U+004E "N" */
    0xc0, 0xf8, 0x3f, 0xf, 0xc3, 0xd8, 0xf3, 0x3c,
    0xcf, 0x1b, 0xc3, 0xf0, 0xfc, 0x1f, 0x3,

    /* U+004F "O" */
    0x1f, 0xe, 0x39, 0x83, 0x60, 0x3c, 0x7, 0x80,
    0xf0, 0x1e, 0x3, 0xc0, 0x6c, 0x19, 0xc7, 0xf,
    0x80,

    /* U+0050 "P" */
    0xfe, 0x61, 0xb0, 0x78, 0x3c, 0x1e, 0xf, 0xd,
    0xfc, 0xc0, 0x60, 0x30, 0x18, 0x0,

    /* U+0051 "Q" */
    0x1f, 0xe, 0x39, 0x83, 0x60, 0x3c, 0x7, 0x80,
    0xf0, 0x1e, 0x3, 0xc0, 0x7c, 0x1d, 0x83, 0x3f,
    0xe3, 0xf0, 0x18, 0x3, 0x0, 0x3c,

    /* U+0052 "R" */
    0xff, 0x61, 0xf0, 0x78, 0x3c, 0x1e, 0x1b, 0xf9,
    0x8c, 0xc3, 0x61, 0xb0, 0xd8, 0x30,

    /* U+0053 "S" */
    0x3e, 0x40, 0xc0, 0xc0, 0xf0, 0x7c, 0x3e, 0x7,
    0x3, 0x3, 0x82, 0xfc,

    /* U+0054 "T" */
    0xff, 0x86, 0x3, 0x1, 0x80, 0xc0, 0x60, 0x30,
    0x18, 0xc, 0x6, 0x3, 0x1, 0x80,

    /* U+0055 "U" */
    0xc0, 0xf0, 0x3c, 0xf, 0x3, 0xc0, 0xf0, 0x3c,
    0xf, 0x3, 0xc0, 0xf0, 0x36, 0x18, 0xfc,

    /* U+0056 "V" */
    0xc0, 0x78, 0x19, 0x83, 0x30, 0x66, 0x18, 0x63,
    0xc, 0xc0, 0x98, 0x1b, 0x3, 0xc0, 0x38, 0x7,
    0x0,

    /* U+0057 "W" */
    0xc3, 0xf, 0xc, 0x3c, 0x31, 0x99, 0xe6, 0x67,
    0x99, 0x9a, 0x66, 0x49, 0x8b, 0x3c, 0x3c, 0xf0,
    0xe1, 0xc3, 0x87, 0xe, 0x18,

    /* U+0058 "X" */
    0xc0, 0xd8, 0x63, 0x38, 0xcc, 0x1e, 0x3, 0x80,
    0xe0, 0x78, 0x33, 0x1c, 0xe6, 0x1b, 0x3,

    /* U+0059 "Y" */
    0xc0, 0xd8, 0x66, 0x18, 0xcc, 0x33, 0x7, 0x81,
    0xe0, 0x30, 0xc, 0x3, 0x0, 0xc0, 0x30,

    /* U+005A "Z" */
    0x7f, 0x81, 0xc0, 0xc0, 0xc0, 0xe0, 0x60, 0x70,
    0x70, 0x38, 0x38, 0x18, 0x1f, 0xf0,

    /* U+005B "[" */
    0xfe, 0x31, 0x8c, 0x63, 0x18, 0xc6, 0x31, 0x8c,
    0x63, 0xe0,

    /* U+005C "\\" */
    0xc3, 0x6, 0x18, 0x60, 0xc3, 0xc, 0x18, 0x61,
    0x83, 0xc, 0x30,

    /* U+005D "]" */
    0xf8, 0xc6, 0x31, 0x8c, 0x63, 0x18, 0xc6, 0x31,
    0x8f, 0xe0,

    /* U+005E "^" */
    0x10, 0x71, 0xa2, 0x6c, 0x40,

    /* U+005F "_" */
    0xff,

    /* U+0060 "`" */
    0xc9, 0x80,

    /* U+0061 "a" */
    0x7e, 0x7, 0x3, 0x3, 0x7f, 0xc3, 0xc3, 0xc7,
    0x7f,

    /* U+0062 "b" */
    0xc0, 0x60, 0x30, 0x18, 0xf, 0xe6, 0x1b, 0x7,
    0x83, 0xc1, 0xe0, 0xf0, 0x7c, 0x6f, 0xe0,

    /* U+0063 "c" */
    0x3f, 0x61, 0xc0, 0xc0, 0xc0, 0xc0, 0xc0, 0x61,
    0x3f,

    /* U+0064 "d" */
    0x1, 0x80, 0xc0, 0x60, 0x33, 0xfb, 0x1f, 0x7,
    0x83, 0xc1, 0xe0, 0xf0, 0x6c, 0x73, 0xf8,

    /* U+0065 "e" */
    0x3c, 0x66, 0xc3, 0xc3, 0xff, 0xc0, 0xc0, 0x60,
    0x3e,

    /* U+0066 "f" */
    0x3d, 0x86, 0x18, 0xf9, 0x86, 0x18, 0x61, 0x86,
    0x18, 0x60,

    /* U+0067 "g" */
    0x3f, 0xf3, 0xb0, 0xd8, 0x6c, 0x37, 0x31, 0xf9,
    0x80, 0xfe, 0x1, 0x80, 0xd0, 0x6f, 0xe0,

    /* U+0068 "h" */
    0xc0, 0xc0, 0xc0, 0xc0, 0xfe, 0xe3, 0xc3, 0xc3,
    0xc3, 0xc3, 0xc3, 0xc3, 0xc3,

    /* U+0069 "i" */
    0x60, 0xe, 0xdb, 0x6d, 0xb6,

    /* U+006A "j" */
    0x18, 0x0, 0x3, 0x8c, 0x63, 0x18, 0xc6, 0x31,
    0x8c, 0x7e,

    /* U+006B "k" */
    0xc0, 0xc0, 0xc0, 0xc0, 0xc6, 0xcc, 0xd8, 0xf0,
    0xf8, 0xcc, 0xcc, 0xc6, 0xc3,

    /* U+006C "l" */
    0xcc, 0xcc, 0xcc, 0xcc, 0xcc, 0xcc, 0x70,

    /* U+006D "m" */
    0xfe, 0xfb, 0x8c, 0x3c, 0x30, 0xf0, 0xc3, 0xc3,
    0xf, 0xc, 0x3c, 0x30, 0xf0, 0xc3, 0xc3, 0xc,

    /* U+006E "n" */
    0xfe, 0xe3, 0xc3, 0xc3, 0xc3, 0xc3, 0xc3, 0xc3,
    0xc3,

    /* U+006F "o" */
    0x3e, 0x31, 0xb0, 0x78, 0x3c, 0x1e, 0xf, 0x6,
    0xc6, 0x3e, 0x0,

    /* U+0070 "p" */
    0xfe, 0x71, 0xb0, 0x78, 0x3c, 0x1e, 0xf, 0x7,
    0xc6, 0xfe, 0x60, 0x30, 0x18, 0xc, 0x0,

    /* U+0071 "q" */
    0x3f, 0x98, 0xec, 0x1b, 0x6, 0xc1, 0xb0, 0x6c,
    0x19, 0x8e, 0x3f, 0x80, 0x60, 0x18, 0x6, 0x1,
    0xc0,

    /* U+0072 "r" */
    0xdf, 0xf1, 0x8c, 0x63, 0x18, 0xc0,

    /* U+0073 "s" */
    0x7d, 0x83, 0x7, 0xc7, 0xc3, 0xc1, 0x83, 0xfc,

    /* U+0074 "t" */
    0x0, 0x60, 0xc7, 0xe3, 0x6, 0xc, 0x18, 0x30,
    0x60, 0xc0, 0xf0,

    /* U+0075 "u" */
    0xc3, 0xc3, 0xc3, 0xc3, 0xc3, 0xc3, 0xc3, 0xc7,
    0x7f,

    /* U+0076 "v" */
    0xc3, 0x61, 0x98, 0xcc, 0xc6, 0x61, 0xb0, 0xf0,
    0x38, 0x18, 0x0,

    /* U+0077 "w" */
    0xc6, 0x3c, 0x66, 0x46, 0x66, 0xe6, 0x6b, 0x66,
    0x94, 0x39, 0xc3, 0x1c, 0x30, 0xc0,

    /* U+0078 "x" */
    0xc3, 0x66, 0x7c, 0x3c, 0x18, 0x3c, 0x6c, 0x66,
    0xc3,

    /* U+0079 "y" */
    0x60, 0xd8, 0x66, 0x18, 0xc6, 0x33, 0xc, 0xc1,
    0xe0, 0x78, 0xe, 0x3, 0x0, 0xc0, 0x60, 0x70,
    0x0,

    /* U+007A "z" */
    0xfe, 0x1c, 0x30, 0xc3, 0x86, 0x18, 0x30, 0xfe,

    /* U+007B "{" */
    0x7b, 0x18, 0xc6, 0x33, 0x9c, 0x63, 0x18, 0xc6,
    0x3c,

    /* U+007C "|" */
    0xff, 0xff, 0xff, 0xff,

    /* U+007D "}" */
    0xf1, 0x8c, 0x63, 0x18, 0xe7, 0x31, 0x8c, 0x63,
    0x78,

    /* U+007E "~" */
    0xf8, 0x47, 0xc1, 0xc0,

    /* U+00A0 " " */
    0x0,

    /* U+00A1 "¡" */
    0xcf, 0xff, 0xfc,

    /* U+00A2 "¢" */
    0xc, 0xc, 0x3f, 0x6c, 0xcc, 0xcc, 0xcc, 0xcc,
    0xec, 0x7f, 0x1c, 0xc,

    /* U+00A3 "£" */
    0x3e, 0xe1, 0x83, 0x6, 0x1f, 0xd8, 0x30, 0x60,
    0xc1, 0x87, 0xf0,

    /* U+00A4 "¤" */
    0x0, 0x7f, 0xcd, 0x8c, 0x66, 0x31, 0xb3, 0xfe,
    0x0,

    /* U+00A5 "¥" */
    0xc1, 0xe0, 0xd8, 0xc6, 0x63, 0x20, 0xf0, 0x78,
    0xfe, 0xc, 0x3f, 0x83, 0x1, 0x80,

    /* U+00A6 "¦" */
    0xff, 0xf0, 0xf, 0xff,

    /* U+00A7 "§" */
    0x7e, 0xe0, 0xc0, 0xc0, 0xe0, 0xfc, 0xcf, 0x7b,
    0x3f, 0x7, 0x3, 0x3, 0x87, 0xfc,

    /* U+00A8 "¨" */
    0xd8,

    /* U+00A9 "©" */
    0xf, 0x3, 0xc, 0x6f, 0xa7, 0x82, 0xf0, 0x1f,
    0x1, 0xf0, 0x1f, 0x1, 0x78, 0x26, 0xfa, 0x38,
    0xc0, 0xf0,

    /* U+00AA "ª" */
    0x70, 0xbf, 0x3f, 0x80,

    /* U+00AB "«" */
    0x18, 0x99, 0xd9, 0x99, 0x8e, 0xe1, 0x98, 0x66,
    0x11,

    /* U+00AC "¬" */
    0xff, 0x80, 0xc0, 0x60, 0x30,

    /* U+00AD "­" */
    0xfe,

    /* U+00AE "®" */
    0xf, 0x3, 0xc, 0x7f, 0x27, 0xa, 0xd0, 0x9d,
    0x9, 0xdf, 0x1d, 0x11, 0x71, 0x27, 0xa, 0x38,
    0xc0, 0xf0,

    /* U+00AF "¯" */
    0xf8,

    /* U+00B0 "°" */
    0x69, 0x96,

    /* U+00B1 "±" */
    0x30, 0x60, 0xc7, 0xf3, 0x6, 0xc, 0x0, 0xfe,

    /* U+00B2 "²" */
    0xe5, 0xee,

    /* U+00B3 "³" */
    0x71, 0x61, 0xf0,

    /* U+00B4 "´" */
    0x7b, 0x0,

    /* U+00B5 "µ" */
    0xc3, 0xc3, 0xc3, 0xc3, 0xc3, 0xc3, 0xc3, 0xc7,
    0xff, 0xc0, 0xc0,

    /* U+00B6 "¶" */
    0x3f, 0xdf, 0xb7, 0xed, 0xfb, 0x7e, 0xdf, 0xb7,
    0xec, 0x7b, 0x6, 0xc1, 0xb0, 0x6c, 0x1b, 0x6,
    0xc1, 0xb0,

    /* U+00B7 "·" */
    0xc0,

    /* U+00B8 "¸" */
    0x60, 0xc7, 0xe0,

    /* U+00B9 "¹" */
    0xd5, 0x40,

    /* U+00BA "º" */
    0x74, 0x63, 0x17, 0x0,

    /* U+00BB "»" */
    0x8c, 0x73, 0xc, 0xc3, 0x33, 0x3b, 0x33, 0x31,
    0x10,

    /* U+00BC "¼" */
    0xe1, 0x8c, 0x71, 0x8c, 0x33, 0x86, 0x60, 0x1c,
    0x3, 0x30, 0xce, 0x39, 0x46, 0x49, 0xcf, 0xb0,
    0x60,

    /* U+00BD "½" */
    0xe3, 0x18, 0xc6, 0x61, 0x98, 0x6c, 0x3, 0x1,
    0xc0, 0x6f, 0x38, 0xcc, 0x37, 0x11, 0x8f,

    /* U+00BE "¾" */
    0x79, 0x83, 0x31, 0xcc, 0xd, 0x8f, 0x60, 0xc,
    0x3, 0x0, 0x6e, 0x19, 0x43, 0x68, 0xcf, 0x98,
    0x60,

    /* U+00BF "¿" */
    0x18, 0x0, 0x0, 0x18, 0x18, 0x30, 0x70, 0xe0,
    0xc0, 0xc0, 0xc0, 0x61, 0x3f,

    /* U+00C0 "À" */
    0x18, 0x1, 0x0, 0x30, 0x0, 0x0, 0xe0, 0x1c,
    0x7, 0x80, 0xd8, 0x13, 0x6, 0x60, 0xc6, 0x30,
    0xc7, 0xfc, 0xc1, 0xb0, 0x36, 0x3,

    /* U+00C1 "Á" */
    0x2, 0x0, 0xc0, 0x10, 0x0, 0x0, 0xe0, 0x1c,
    0x7, 0x80, 0xd8, 0x13, 0x6, 0x60, 0xc6, 0x30,
    0xc7, 0xfc, 0xc1, 0xb0, 0x36, 0x3,

    /* U+00C2 "Â" */
    0xc, 0x3, 0x40, 0x4c, 0x0, 0x0, 0xe0, 0x1c,
    0x7, 0x80, 0xd8, 0x13, 0x6, 0x60, 0xc6, 0x30,
    0xc7, 0xfc, 0xc1, 0xb0, 0x36, 0x3,

    /* U+00C3 "Ã" */
    0x1c, 0x0, 0x38, 0x0, 0x0, 0x60, 0xf, 0x0,
    0xf0, 0x9, 0x1, 0x98, 0x19, 0x83, 0xc, 0x30,
    0xc3, 0xfc, 0x60, 0x66, 0x6, 0x60, 0x60,

    /* U+00C4 "Ä" */
    0x1b, 0x0, 0x0, 0x0, 0x3, 0x0, 0xe0, 0x14,
    0x6, 0xc0, 0xd8, 0x11, 0x86, 0x30, 0xc6, 0x3f,
    0xe6, 0xc, 0xc1, 0xb0, 0x18,

    /* U+00C5 "Å" */
    0xc, 0x4, 0x81, 0x20, 0x30, 0xc, 0x7, 0x81,
    0xe0, 0xcc, 0x33, 0xc, 0xc6, 0x19, 0xfe, 0x61,
    0xb0, 0x3c, 0xc,

    /* U+00C6 "Æ" */
    0x7, 0xfc, 0x36, 0x0, 0xd8, 0x3, 0x60, 0x19,
    0x80, 0x66, 0x3, 0x9f, 0xcc, 0x60, 0x3f, 0x81,
    0xc6, 0x6, 0x18, 0x18, 0x7f,

    /* U+00C7 "Ç" */
    0x1f, 0x98, 0x58, 0x18, 0xc, 0x6, 0x3, 0x1,
    0x80, 0xc0, 0x30, 0x1c, 0x3, 0xf0, 0xc0, 0x78,
    0xc, 0x1c,

    /* U+00C8 "È" */
    0x30, 0x10, 0x18, 0x0, 0xff, 0xc0, 0xc0, 0xc0,
    0xc0, 0xc0, 0xff, 0xc0, 0xc0, 0xc0, 0xc0, 0xff,

    /* U+00C9 "É" */
    0xc, 0x8, 0x18, 0x0, 0xff, 0xc0, 0xc0, 0xc0,
    0xc0, 0xc0, 0xff, 0xc0, 0xc0, 0xc0, 0xc0, 0xff,

    /* U+00CA "Ê" */
    0x18, 0x3c, 0x66, 0x0, 0xff, 0xc0, 0xc0, 0xc0,
    0xc0, 0xc0, 0xff, 0xc0, 0xc0, 0xc0, 0xc0, 0xff,

    /* U+00CB "Ë" */
    0x66, 0x0, 0x0, 0xff, 0xc0, 0xc0, 0xc0, 0xc0,
    0xc0, 0xff, 0xc0, 0xc0, 0xc0, 0xc0, 0xff,

    /* U+00CC "Ì" */
    0xd9, 0x86, 0xdb, 0x6d, 0xb6, 0xdb,

    /* U+00CD "Í" */
    0x6f, 0xd, 0xb6, 0xdb, 0x6d, 0xb6,

    /* U+00CE "Î" */
    0x31, 0xec, 0xc0, 0x30, 0xc3, 0xc, 0x30, 0xc3,
    0xc, 0x30, 0xc3, 0xc,

    /* U+00CF "Ï" */
    0xd8, 0x0, 0xc6, 0x31, 0x8c, 0x63, 0x18, 0xc6,
    0x31, 0x80,

    /* U+00D0 "Ð" */
    0x7f, 0xc, 0x19, 0x83, 0x30, 0x36, 0x6, 0xc0,
    0xff, 0x1b, 0x3, 0x60, 0x6c, 0x19, 0x83, 0x3f,
    0xc0,

    /* U+00D1 "Ñ" */
    0x38, 0x1, 0xc0, 0x3, 0x3, 0xe0, 0xfc, 0x3f,
    0xf, 0x63, 0xcc, 0xf3, 0x3c, 0x6f, 0xf, 0xc3,
    0xf0, 0x7c, 0xc,

    /* U+00D2 "Ò" */
    0x8, 0x1, 0x80, 0x10, 0x0, 0x1, 0xf0, 0xe3,
    0x98, 0x36, 0x3, 0xc0, 0x78, 0xf, 0x1, 0xe0,
    0x3c, 0x6, 0xc1, 0x9c, 0x70, 0xf8,

    /* U+00D3 "Ó" */
    0x2, 0x0, 0xc0, 0x10, 0x0, 0x1, 0xf0, 0xe3,
    0x98, 0x36, 0x3, 0xc0, 0x78, 0xf, 0x1, 0xe0,
    0x3c, 0x6, 0xc1, 0x9c, 0x70, 0xf8,

    /* U+00D4 "Ô" */
    0xe, 0x1, 0x40, 0x6c, 0x0, 0x1, 0xf0, 0xe3,
    0x98, 0x36, 0x3, 0xc0, 0x78, 0xf, 0x1, 0xe0,
    0x3c, 0x6, 0xc1, 0x9c, 0x70, 0xf8,

    /* U+00D5 "Õ" */
    0x38, 0x0, 0xe0, 0x0, 0xf, 0x87, 0x1c, 0xc1,
    0xb0, 0x1e, 0x3, 0xc0, 0x78, 0xf, 0x1, 0xe0,
    0x36, 0xc, 0xe3, 0x87, 0xc0,

    /* U+00D6 "Ö" */
    0x1b, 0x0, 0x0, 0x0, 0xf, 0x87, 0x1c, 0xc1,
    0xb0, 0x1e, 0x3, 0xc0, 0x78, 0xf, 0x1, 0xe0,
    0x36, 0xc, 0xe3, 0x87, 0xc0,

    /* U+00D7 "×" */
    0xb, 0x67, 0x1c, 0x7b, 0x30,

    /* U+00D8 "Ø" */
    0x1, 0x3, 0xf1, 0x8f, 0x31, 0x6c, 0x67, 0x8c,
    0xf1, 0x1e, 0x63, 0xcc, 0x7d, 0xd, 0xe3, 0x3c,
    0xe3, 0xf0, 0x60, 0x0,

    /* U+00D9 "Ù" */
    0x18, 0x2, 0x0, 0xc0, 0x0, 0xc0, 0xf0, 0x3c,
    0xf, 0x3, 0xc0, 0xf0, 0x3c, 0xf, 0x3, 0xc0,
    0xf0, 0x36, 0x18, 0xfc,

    /* U+00DA "Ú" */
    0x6, 0x1, 0x0, 0xc0, 0x0, 0xc0, 0xf0, 0x3c,
    0xf, 0x3, 0xc0, 0xf0, 0x3c, 0xf, 0x3, 0xc0,
    0xf0, 0x36, 0x18, 0xfc,

    /* U+00DB "Û" */
    0xc, 0x7, 0x83, 0x30, 0x0, 0xc0, 0xf0, 0x3c,
    0xf, 0x3, 0xc0, 0xf0, 0x3c, 0xf, 0x3, 0xc0,
    0xf0, 0x36, 0x18, 0xfc,

    /* U+00DC "Ü" */
    0x33, 0x0, 0x0, 0x3, 0x3, 0xc0, 0xf0, 0x3c,
    0xf, 0x3, 0xc0, 0xf0, 0x3c, 0xf, 0x3, 0xc0,
    0xd8, 0x63, 0xf0,

    /* U+00DD "Ý" */
    0x6, 0x1, 0x0, 0xc0, 0x0, 0xc0, 0xd8, 0x66,
    0x18, 0xcc, 0x33, 0x7, 0x81, 0xe0, 0x30, 0xc,
    0x3, 0x0, 0xc0, 0x30,

    /* U+00DE "Þ" */
    0xc0, 0x60, 0x3f, 0x98, 0x6c, 0x1e, 0xf, 0x7,
    0x83, 0xc3, 0x7f, 0x30, 0x18, 0x0,

    /* U+00DF "ß" */
    0x3e, 0x18, 0xcc, 0x1b, 0x6, 0xc1, 0xb0, 0xec,
    0xf3, 0x6, 0xc0, 0xf0, 0x3c, 0xf, 0x6, 0xdf,
    0x0,

    /* U+00E0 "à" */
    0x10, 0x18, 0x8, 0x0, 0x7e, 0x7, 0x3, 0x3,
    0x7f, 0xc3, 0xc3, 0xc7, 0x7f,

    /* U+00E1 "á" */
    0x4, 0xc, 0x8, 0x0, 0x7e, 0x7, 0x3, 0x3,
    0x7f, 0xc3, 0xc3, 0xc7, 0x7f,

    /* U+00E2 "â" */
    0x18, 0x14, 0x36, 0x0, 0x7e, 0x7, 0x3, 0x3,
    0x7f, 0xc3, 0xc3, 0xc7, 0x7f,

    /* U+00E3 "ã" */
    0x70, 0xe, 0x0, 0x7e, 0x7, 0x3, 0x3, 0x7f,
    0xc3, 0xc3, 0xc7, 0x7f,

    /* U+00E4 "ä" */
    0x36, 0x0, 0x0, 0x7e, 0x7, 0x3, 0x3, 0x7f,
    0xc3, 0xc3, 0xc7, 0x7f,

    /* U+00E5 "å" */
    0x1c, 0x22, 0x22, 0x1c, 0x0, 0x7e, 0x7, 0x3,
    0x3, 0x7f, 0xc3, 0xc3, 0xc7, 0x7f,

    /* U+00E6 "æ" */
    0x7e, 0xf0, 0x1e, 0x60, 0x30, 0xc0, 0xc3, 0x7f,
    0xff, 0xc, 0xc, 0x30, 0x31, 0xe0, 0x7c, 0xf8,

    /* U+00E7 "ç" */
    0x3f, 0x61, 0xc0, 0xc0, 0xc0, 0xc0, 0xc0, 0x61,
    0x3f, 0x10, 0x1e, 0x6, 0x1c,

    /* U+00E8 "è" */
    0x30, 0x10, 0x18, 0x0, 0x3c, 0x66, 0xc3, 0xc3,
    0xff, 0xc0, 0xc0, 0x60, 0x3e,

    /* U+00E9 "é" */
    0xc, 0x8, 0x18, 0x0, 0x3c, 0x66, 0xc3, 0xc3,
    0xff, 0xc0, 0xc0, 0x60, 0x3e,

    /* U+00EA "ê" */
    0x18, 0x3c, 0x24, 0x0, 0x3c, 0x66, 0xc3, 0xc3,
    0xff, 0xc0, 0xc0, 0x60, 0x3e,

    /* U+00EB "ë" */
    0x66, 0x0, 0x0, 0x3c, 0x66, 0xc3, 0xc3, 0xff,
    0xc0, 0xc0, 0x61, 0x3f,

    /* U+00EC "ì" */
    0xd9, 0x8e, 0xdb, 0x6d, 0xb6,

    /* U+00ED "í" */
    0x32, 0x60, 0xe6, 0x66, 0x66, 0x66, 0x60,

    /* U+00EE "î" */
    0x31, 0x4c, 0x80, 0x70, 0xc3, 0xc, 0x30, 0xc3,
    0xc, 0x30,

    /* U+00EF "ï" */
    0xd8, 0x0, 0xe3, 0x18, 0xc6, 0x31, 0x8c, 0x60,

    /* U+00F0 "ð" */
    0x7e, 0x81, 0x83, 0x60, 0x33, 0xfb, 0x1f, 0x7,
    0x83, 0xc1, 0xe0, 0xd8, 0xc7, 0xc0,

    /* U+00F1 "ñ" */
    0x70, 0xe, 0x0, 0xfe, 0xe3, 0xc3, 0xc3, 0xc3,
    0xc3, 0xc3, 0xc3, 0xc3,

    /* U+00F2 "ò" */
    0x10, 0xc, 0x2, 0x0, 0x3, 0xe3, 0x1b, 0x7,
    0x83, 0xc1, 0xe0, 0xf0, 0x6c, 0x63, 0xe0,

    /* U+00F3 "ó" */
    0x4, 0x6, 0x2, 0x0, 0x3, 0xe3, 0x1b, 0x7,
    0x83, 0xc1, 0xe0, 0xf0, 0x6c, 0x63, 0xe0,

    /* U+00F4 "ô" */
    0x1c, 0xa, 0xd, 0x80, 0x3, 0xe3, 0x1b, 0x7,
    0x83, 0xc1, 0xe0, 0xf0, 0x6c, 0x63, 0xe0,

    /* U+00F5 "õ" */
    0x7e, 0x0, 0x0, 0x7, 0xc6, 0x36, 0xf, 0x7,
    0x83, 0xc1, 0xe0, 0xd8, 0xc7, 0xc0,

    /* U+00F6 "ö" */
    0x36, 0x0, 0x0, 0x7, 0xc6, 0x36, 0xf, 0x7,
    0x83, 0xc1, 0xe0, 0xd8, 0xc7, 0xc0,

    /* U+00F7 "÷" */
    0x30, 0x0, 0x7, 0xf0, 0x0, 0xc, 0x0,

    /* U+00F8 "ø" */
    0x2, 0x1f, 0x19, 0xd9, 0xbc, 0x9e, 0x4f, 0x67,
    0xf3, 0x73, 0x1f, 0x8, 0x0,

    /* U+00F9 "ù" */
    0x30, 0x10, 0x18, 0x0, 0xc3, 0xc3, 0xc3, 0xc3,
    0xc3, 0xc3, 0xc3, 0xc7, 0x7f,

    /* U+00FA "ú" */
    0xc, 0x8, 0x18, 0x0, 0xc3, 0xc3, 0xc3, 0xc3,
    0xc3, 0xc3, 0xc3, 0xc7, 0x7f,

    /* U+00FB "û" */
    0x18, 0x3c, 0x24, 0x0, 0xc3, 0xc3, 0xc3, 0xc3,
    0xc3, 0xc3, 0xc3, 0xc7, 0x7f,

    /* U+00FC "ü" */
    0x66, 0x0, 0x0, 0xc3, 0xc3, 0xc3, 0xc3, 0xc3,
    0xc3, 0xc3, 0xc7, 0x7f,

    /* U+00FD "ý" */
    0x6, 0x1, 0x80, 0xc1, 0x83, 0x61, 0x98, 0x63,
    0x18, 0xcc, 0x33, 0x7, 0x81, 0xe0, 0x38, 0xc,
    0x3, 0x1, 0x81, 0xc0,

    /* U+00FE "þ" */
    0xc0, 0x60, 0x30, 0x18, 0xf, 0xe7, 0x1b, 0x7,
    0x83, 0xc1, 0xe0, 0xf0, 0x7c, 0x6f, 0xe6, 0x3,
    0x1, 0x80, 0xc0, 0x0,

    /* U+00FF "ÿ" */
    0x36, 0x0, 0x0, 0x18, 0x3c, 0x1b, 0x19, 0x8c,
    0x46, 0x36, 0x1b, 0x7, 0x3, 0x80, 0xc0, 0xc0,
    0x61, 0xe0,

    /* U+0100 "Ā" */
    0x1f, 0x0, 0x0, 0x38, 0x7, 0x0, 0xa0, 0x36,
    0x6, 0xc0, 0x8c, 0x31, 0x86, 0x31, 0xff, 0x30,
    0x66, 0xd, 0x80, 0xc0,

    /* U+0101 "ā" */
    0x3e, 0x0, 0x7e, 0x47, 0x3, 0x3, 0x7f, 0xc3,
    0xc3, 0xc7, 0x7f,

    /* U+0102 "Ă" */
    0x1b, 0x3, 0x60, 0x38, 0x0, 0x0, 0x40, 0x1c,
    0x2, 0x80, 0x50, 0x1b, 0x3, 0x60, 0xc6, 0x18,
    0xc7, 0xf8, 0xc1, 0x98, 0x36, 0x3,

    /* U+0103 "ă" */
    0x36, 0x36, 0x1c, 0x0, 0x7e, 0x7, 0x3, 0x3,
    0x7f, 0xc3, 0xc3, 0xc7, 0x7f,

    /* U+0104 "Ą" */
    0xe, 0x0, 0xe0, 0xb, 0x1, 0xb0, 0x1b, 0x81,
    0x18, 0x31, 0x83, 0x1c, 0x7f, 0xc6, 0xe, 0x60,
    0x6c, 0x6, 0x0, 0x60, 0xc, 0x0, 0xc0, 0x7,

    /* U+0105 "ą" */
    0x7e, 0x7, 0x3, 0x3, 0x7f, 0xc3, 0xc3, 0xc7,
    0x7f, 0x3, 0x6, 0x6, 0x7,

    /* U+0106 "Ć" */
    0x2, 0x3, 0x1, 0x0, 0x1, 0xf9, 0x85, 0x81,
    0x80, 0xc0, 0x60, 0x30, 0x18, 0xc, 0x3, 0x1,
    0xc0, 0x3f,

    /* U+0107 "ć" */
    0x4, 0xc, 0x8, 0x0, 0x3f, 0x61, 0xc0, 0xc0,
    0xc0, 0xc0, 0xc0, 0x61, 0x3f,

    /* U+0108 "Ĉ" */
    0xc, 0xf, 0x4, 0xc0, 0x1, 0xf9, 0x85, 0x81,
    0x80, 0xc0, 0x60, 0x30, 0x18, 0xc, 0x3, 0x1,
    0xc0, 0x3f,

    /* U+0109 "ĉ" */
    0x18, 0x3c, 0x26, 0x0, 0x3f, 0x61, 0xc0, 0xc0,
    0xc0, 0xc0, 0xc0, 0x61, 0x3f,

    /* U+010A "Ċ" */
    0x6, 0x0, 0x0, 0x3, 0xf3, 0xb, 0x3, 0x1,
    0x80, 0xc0, 0x60, 0x30, 0x18, 0x6, 0x3, 0x80,
    0x7e,

    /* U+010B "ċ" */
    0x18, 0x0, 0x0, 0x3f, 0x61, 0xc0, 0xc0, 0xc0,
    0xc0, 0xc0, 0x61, 0x3f,

    /* U+010C "Č" */
    0x19, 0x5, 0x1, 0x80, 0x1, 0xf9, 0x85, 0x81,
    0x80, 0xc0, 0x60, 0x30, 0x18, 0xc, 0x3, 0x1,
    0xc0, 0x3f,

    /* U+010D "č" */
    0x26, 0x34, 0x1c, 0x0, 0x3f, 0x61, 0xc0, 0xc0,
    0xc0, 0xc0, 0xc0, 0x61, 0x3f,

    /* U+010E "Ď" */
    0x26, 0x5, 0x1, 0xc0, 0x0, 0xfe, 0x30, 0x6c,
    0x1b, 0x3, 0xc0, 0xf0, 0x3c, 0xf, 0x3, 0xc0,
    0xf0, 0x6c, 0x1b, 0xfc,

    /* U+010F "ď" */
    0x1, 0xb0, 0x1b, 0x1, 0xb0, 0x18, 0x3f, 0x86,
    0x38, 0xc1, 0x8c, 0x18, 0xc1, 0x8c, 0x18, 0xc1,
    0x86, 0x38, 0x3f, 0x80,

    /* U+0110 "Đ" */
    0x7f, 0xc, 0x19, 0x83, 0x30, 0x36, 0x6, 0xc0,
    0xff, 0x1b, 0x3, 0x60, 0x6c, 0x19, 0x83, 0x3f,
    0xc0,

    /* U+0111 "đ" */
    0x1, 0x80, 0x60, 0xfc, 0x6, 0x3f, 0x98, 0xec,
    0x1b, 0x6, 0xc1, 0xb0, 0x6c, 0x19, 0x8e, 0x3f,
    0x80,

    /* U+0112 "Ē" */
    0x7c, 0x0, 0x0, 0xff, 0xc0, 0xc0, 0xc0, 0xc0,
    0xc0, 0xff, 0xc0, 0xc0, 0xc0, 0xc0, 0xff,

    /* U+0113 "ē" */
    0x3e, 0x0, 0x0, 0x3c, 0x66, 0xc3, 0xc3, 0xff,
    0xc0, 0xc0, 0x61, 0x3f,

    /* U+0114 "Ĕ" */
    0x66, 0x66, 0x3c, 0x0, 0xff, 0xc0, 0xc0, 0xc0,
    0xc0, 0xc0, 0xff, 0xc0, 0xc0, 0xc0, 0xc0, 0xff,

    /* U+0115 "ĕ" */
    0x66, 0x66, 0x3c, 0x0, 0x3c, 0x66, 0xc3, 0xc3,
    0xff, 0xc0, 0xc0, 0x61, 0x3f,

    /* U+0116 "Ė" */
    0x18, 0x0, 0x0, 0xff, 0xc0, 0xc0, 0xc0, 0xc0,
    0xc0, 0xff, 0xc0, 0xc0, 0xc0, 0xc0, 0xff,

    /* U+0117 "ė" */
    0x18, 0x0, 0x0, 0x3c, 0x66, 0xc3, 0xc3, 0xff,
    0xc0, 0xc0, 0x60, 0x3e,

    /* U+0118 "Ę" */
    0xff, 0xc0, 0xc0, 0xc0, 0xc0, 0xff, 0xc0, 0xc0,
    0xc0, 0xc0, 0xc0, 0xff, 0x6, 0xc, 0xc, 0x7,

    /* U+0119 "ę" */
    0x3c, 0x66, 0xc3, 0xc3, 0xff, 0xc0, 0xc0, 0x60,
    0x3e, 0xc, 0x18, 0x18, 0xe,

    /* U+011A "Ě" */
    0x26, 0x3c, 0x18, 0x0, 0xff, 0xc0, 0xc0, 0xc0,
    0xc0, 0xc0, 0xff, 0xc0, 0xc0, 0xc0, 0xc0, 0xff,

    /* U+011B "ě" */
    0x26, 0x3c, 0x18, 0x0, 0x3c, 0x66, 0xc3, 0xc3,
    0xff, 0xc0, 0xc0, 0x60, 0x3e,

    /* U+011C "Ĝ" */
    0xe, 0x2, 0x81, 0xb0, 0x0, 0x1f, 0x8c, 0x6,
    0x3, 0x0, 0xc0, 0x31, 0xfc, 0xf, 0x3, 0xc0,
    0xd8, 0x37, 0xc, 0x7f,

    /* U+011D "ĝ" */
    0x18, 0x1e, 0x19, 0x0, 0x3, 0xff, 0x3b, 0xd,
    0x86, 0xc3, 0x73, 0x1f, 0x98, 0xf, 0xe0, 0x18,
    0xd, 0x6, 0xfe, 0x0,

    /* U+011E "Ğ" */
    0x19, 0x86, 0x60, 0xf0, 0x0, 0x1f, 0xcc, 0x16,
    0x3, 0x0, 0xc0, 0x30, 0xfc, 0x7, 0x1, 0xc0,
    0x58, 0x17, 0x4, 0x7f,

    /* U+011F "ğ" */
    0x66, 0x33, 0x9, 0x7, 0x87, 0xff, 0x3b, 0xd,
    0x86, 0xc3, 0x73, 0x1f, 0x98, 0xf, 0xe0, 0x18,
    0xd, 0x6, 0xfe, 0x0,

    /* U+0120 "Ġ" */
    0x6, 0x0, 0x0, 0x0, 0x7e, 0x30, 0x18, 0xc,
    0x3, 0x0, 0xc3, 0xf0, 0x3c, 0xf, 0x3, 0x60,
    0xdc, 0x31, 0xfc,

    /* U+0121 "ġ" */
    0x18, 0x0, 0x0, 0x7, 0xfe, 0x76, 0x1b, 0xd,
    0x86, 0xe6, 0x3f, 0x30, 0x1f, 0xc0, 0x30, 0x1a,
    0xd, 0xfc,

    /* U+0122 "Ģ" */
    0x1f, 0x8c, 0x6, 0x3, 0x0, 0xc0, 0x31, 0xfc,
    0xf, 0x3, 0xc0, 0xd8, 0x37, 0xc, 0x7f, 0x0,
    0x1, 0x0, 0x40, 0x10,

    /* U+0123 "ģ" */
    0x8, 0xc, 0x6, 0x7, 0xfe, 0x76, 0x1b, 0xd,
    0x86, 0xe6, 0x3f, 0x30, 0x1f, 0xc0, 0x30, 0x1a,
    0xd, 0xfc,

    /* U+0124 "Ĥ" */
    0xc, 0x7, 0x83, 0x30, 0x0, 0xc0, 0xf0, 0x3c,
    0xf, 0x3, 0xc0, 0xf0, 0x3f, 0xff, 0x3, 0xc0,
    0xf0, 0x3c, 0xf, 0x3,

    /* U+0125 "ĥ" */
    0x30, 0x78, 0xc8, 0xc0, 0xc0, 0xc0, 0xc0, 0xfe,
    0xe3, 0xc3, 0xc3, 0xc3, 0xc3, 0xc3, 0xc3, 0xc3,

    /* U+0126 "Ħ" */
    0x60, 0xcc, 0x1b, 0xff, 0xb0, 0x66, 0xc, 0xc1,
    0x9f, 0xf3, 0x6, 0x60, 0xcc, 0x19, 0x83, 0x30,
    0x60,

    /* U+0127 "ħ" */
    0x60, 0x30, 0x3f, 0xc, 0x7, 0xf3, 0x8d, 0x86,
    0xc3, 0x61, 0xb0, 0xd8, 0x6c, 0x36, 0x18,

    /* U+0128 "Ĩ" */
    0xe0, 0x70, 0xc, 0x30, 0xc3, 0xc, 0x30, 0xc3,
    0xc, 0x30, 0xc3, 0x0,

    /* U+0129 "ĩ" */
    0xe0, 0x70, 0x1c, 0x30, 0xc3, 0xc, 0x30, 0xc3,
    0xc,

    /* U+012A "Ī" */
    0xf8, 0x0, 0x63, 0x18, 0xc6, 0x31, 0x8c, 0x63,
    0x18, 0xc0,

    /* U+012B "ī" */
    0xf8, 0x0, 0xe3, 0x18, 0xc6, 0x31, 0x8c, 0x60,

    /* U+012C "Ĭ" */
    0xce, 0x5c, 0x3, 0x18, 0xc6, 0x31, 0x8c, 0x63,
    0x18, 0xc6,

    /* U+012D "ĭ" */
    0xde, 0xdc, 0x7, 0x18, 0xc6, 0x31, 0x8c, 0x63,
    0x0,

    /* U+012E "Į" */
    0x6d, 0xb6, 0xdb, 0x6d, 0xb7, 0xb7,

    /* U+012F "į" */
    0x60, 0xe, 0xdb, 0x6d, 0xb6, 0xf6, 0xe0,

    /* U+0130 "İ" */
    0xc3, 0xff, 0xff, 0xfc,

    /* U+0131 "ı" */
    0xed, 0xb6, 0xdb, 0x60,

    /* U+0132 "Ĳ" */
    0xc0, 0xf0, 0x3c, 0xf, 0x3, 0xc0, 0xf0, 0x3c,
    0xf, 0x3, 0xc0, 0xf0, 0x3c, 0x1f, 0x7c,

    /* U+0133 "ĳ" */
    0x66, 0x0, 0x0, 0xe, 0xec, 0xd9, 0xb3, 0x66,
    0xcd, 0x9b, 0x36, 0x60, 0xc1, 0x83, 0x1c,

    /* U+0134 "Ĵ" */
    0x6, 0x7, 0x86, 0x60, 0x0, 0x60, 0x30, 0x18,
    0xc, 0x6, 0x3, 0x1, 0x80, 0xc0, 0x60, 0x30,
    0x39, 0xf8,

    /* U+0135 "ĵ" */
    0x18, 0x51, 0x90, 0x3, 0x83, 0x6, 0xc, 0x18,
    0x30, 0x60, 0xc1, 0x83, 0x6, 0x78,

    /* U+0136 "Ķ" */
    0xc3, 0xe1, 0xb1, 0x99, 0x8d, 0x87, 0xc3, 0xb1,
    0x8c, 0xc6, 0x61, 0xb0, 0xd8, 0x30, 0x0, 0x40,
    0x20, 0x30,

    /* U+0137 "ķ" */
    0xc0, 0xc0, 0xc0, 0xc0, 0xc6, 0xcc, 0xd8, 0xf0,
    0xf8, 0xcc, 0xcc, 0xc6, 0xc3, 0x0, 0x10, 0x10,
    0x10,

    /* U+0138 "ĸ" */
    0xc6, 0xcc, 0xdc, 0xf8, 0xf8, 0xfc, 0xcc, 0xc6,
    0xc3,

    /* U+0139 "Ĺ" */
    0x60, 0x60, 0xc0, 0x0, 0xc0, 0xc0, 0xc0, 0xc0,
    0xc0, 0xc0, 0xc0, 0xc0, 0xc0, 0xc0, 0xc0, 0xff,

    /* U+013A "ĺ" */
    0x64, 0xc0, 0xcc, 0xcc, 0xcc, 0xcc, 0xcc, 0xcc,
    0x70,

    /* U+013B "Ļ" */
    0xc0, 0xc0, 0xc0, 0xc0, 0xc0, 0xc0, 0xc0, 0xc0,
    0xc0, 0xc0, 0xc0, 0xff, 0x0, 0x18, 0x18, 0x10,

    /* U+013C "ļ" */
    0xcc, 0xcc, 0xcc, 0xcc, 0xcc, 0xcc, 0x70, 0x64,
    0x40,

    /* U+013D "Ľ" */
    0xc6, 0xc4, 0xc4, 0xc0, 0xc0, 0xc0, 0xc0, 0xc0,
    0xc0, 0xc0, 0xc0, 0xff,

    /* U+013E "ľ" */
    0xde, 0xf5, 0x8c, 0x63, 0x18, 0xc6, 0x31, 0x87,
    0x0,

    /* U+013F "Ŀ" */
    0xc0, 0xc0, 0xc0, 0xc0, 0xc0, 0xc0, 0xc6, 0xc0,
    0xc0, 0xc0, 0xc0, 0xff,

    /* U+0140 "ŀ" */
    0xc6, 0x31, 0x8c, 0x63, 0x78, 0xc6, 0x31, 0x86,
    0x0,

    /* U+0141 "Ł" */
    0x30, 0xc, 0x3, 0x0, 0xc0, 0x36, 0xf, 0xf,
    0x3, 0xc0, 0x30, 0xc, 0x3, 0x0, 0xff,

    /* U+0142 "ł" */
    0x30, 0xc3, 0xc, 0x30, 0xf3, 0xbc, 0xb0, 0xc3,
    0xc, 0x1c,

    /* U+0143 "Ń" */
    0x6, 0x1, 0x0, 0xc0, 0x0, 0xc0, 0xf8, 0x3f,
    0xf, 0xc3, 0xd8, 0xf3, 0x3c, 0xcf, 0x1b, 0xc3,
    0xf0, 0xfc, 0x1f, 0x3,

    /* U+0144 "ń" */
    0xc, 0x8, 0x18, 0x0, 0xfe, 0xe3, 0xc3, 0xc3,
    0xc3, 0xc3, 0xc3, 0xc3, 0xc3,

    /* U+0145 "Ņ" */
    0xc0, 0xf8, 0x3f, 0xf, 0xc3, 0xd8, 0xf3, 0x3c,
    0xcf, 0x1b, 0xc3, 0xf0, 0xfc, 0x1f, 0x3, 0x0,
    0x3, 0x0, 0xc0, 0x20,

    /* U+0146 "ņ" */
    0xfe, 0xe3, 0xc3, 0xc3, 0xc3, 0xc3, 0xc3, 0xc3,
    0xc3, 0x0, 0x18, 0x18, 0x10,

    /* U+0147 "Ň" */
    0x33, 0x7, 0x80, 0xc0, 0x0, 0xc0, 0xf8, 0x3f,
    0xf, 0xc3, 0xd8, 0xf3, 0x3c, 0xcf, 0x1b, 0xc3,
    0xf0, 0xfc, 0x1f, 0x3,

    /* U+0148 "ň" */
    0x64, 0x3c, 0x18, 0x0, 0xfe, 0xe3, 0xc3, 0xc3,
    0xc3, 0xc3, 0xc3, 0xc3, 0xc3,

    /* U+0149 "ŉ" */
    0xc0, 0x20, 0x8, 0x0, 0xfe, 0x38, 0xcc, 0x33,
    0xc, 0xc3, 0x30, 0xcc, 0x33, 0xc, 0xc3,

    /* U+014A "Ŋ" */
    0xc0, 0xf8, 0x3f, 0xf, 0xc3, 0xd8, 0xf3, 0x3c,
    0xcf, 0x1b, 0xc3, 0xf0, 0xfc, 0x1f, 0x3, 0x0,
    0xc0, 0x30, 0xc, 0x1e,

    /* U+014B "ŋ" */
    0xfe, 0xe3, 0xc3, 0xc3, 0xc3, 0xc3, 0xc3, 0xc3,
    0xc3, 0x3, 0x3, 0x3, 0xe,

    /* U+014C "Ō" */
    0x1f, 0x0, 0x0, 0x0, 0xf, 0x87, 0x1c, 0xc1,
    0xb0, 0x1e, 0x3, 0xc0, 0x78, 0xf, 0x1, 0xe0,
    0x36, 0xc, 0xe3, 0x87, 0xc0,

    /* U+014D "ō" */
    0x3e, 0x0, 0x0, 0x7, 0xc6, 0x36, 0xf, 0x7,
    0x83, 0xc1, 0xe0, 0xd8, 0xc7, 0xc0,

    /* U+014E "Ŏ" */
    0x1b, 0x3, 0x60, 0x38, 0x0, 0x1, 0xf0, 0xe3,
    0x98, 0x36, 0x3, 0xc0, 0x78, 0xf, 0x1, 0xe0,
    0x3c, 0x6, 0xc1, 0x9c, 0x70, 0xf8,

    /* U+014F "ŏ" */
    0x36, 0x1b, 0x7, 0x0, 0x3, 0xe3, 0x1b, 0x7,
    0x83, 0xc1, 0xe0, 0xf0, 0x6c, 0x63, 0xe0,

    /* U+0150 "Ő" */
    0x19, 0x83, 0x30, 0x4c, 0x0, 0x1, 0xf0, 0xe3,
    0x98, 0x36, 0x3, 0xc0, 0x78, 0xf, 0x1, 0xe0,
    0x3c, 0x6, 0xc1, 0x9c, 0x70, 0xf8,

    /* U+0151 "ő" */
    0x19, 0x99, 0x8c, 0x80, 0x3, 0xe3, 0x1b, 0x7,
    0x83, 0xc1, 0xe0, 0xf0, 0x6c, 0x63, 0xe0,

    /* U+0152 "Œ" */
    0x1f, 0xff, 0xb8, 0xf0, 0x18, 0x38, 0x18, 0xc,
    0xc, 0x6, 0x6, 0x3, 0xff, 0x1, 0x81, 0x80,
    0xc0, 0xc0, 0x60, 0x30, 0x70, 0x1c, 0x78, 0x3,
    0xff, 0xf0,

    /* U+0153 "œ" */
    0x3e, 0x78, 0xc7, 0x9b, 0x6, 0x1e, 0xc, 0x3c,
    0x1f, 0xf8, 0x30, 0x30, 0x60, 0x31, 0xe0, 0x3e,
    0x7c,

    /* U+0154 "Ŕ" */
    0xc, 0x4, 0x6, 0x0, 0xf, 0xf6, 0x1f, 0x7,
    0x83, 0xc1, 0xe1, 0xbf, 0x98, 0xcc, 0x36, 0x1b,
    0xd, 0x83,

    /* U+0155 "ŕ" */
    0x62, 0x30, 0xd, 0xff, 0x18, 0xc6, 0x31, 0x8c,
    0x0,

    /* U+0156 "Ŗ" */
    0xff, 0x61, 0xf0, 0x78, 0x3c, 0x1e, 0x1b, 0xf9,
    0x8c, 0xc3, 0x61, 0xb0, 0xd8, 0x30, 0x0, 0xc0,
    0x40, 0x20,

    /* U+0157 "ŗ" */
    0xdf, 0xf1, 0x8c, 0x63, 0x18, 0xc0, 0x31, 0x8,
    0x0,

    /* U+0158 "Ř" */
    0x26, 0x1e, 0x6, 0x0, 0xf, 0xf6, 0x1f, 0x7,
    0x83, 0xc1, 0xe1, 0xbf, 0x98, 0xcc, 0x36, 0x1b,
    0xd, 0x83,

    /* U+0159 "ř" */
    0x4c, 0xa3, 0x80, 0x6d, 0xf6, 0x18, 0x61, 0x86,
    0x18, 0x60,

    /* U+015A "Ś" */
    0xc, 0x8, 0x18, 0x0, 0x3e, 0x40, 0xc0, 0xc0,
    0xf0, 0x7c, 0x3e, 0x7, 0x3, 0x3, 0x82, 0xfc,

    /* U+015B "ś" */
    0x8, 0x30, 0x40, 0x7, 0xd8, 0x30, 0x7c, 0x7c,
    0x3c, 0x18, 0x3f, 0xc0,

    /* U+015C "Ŝ" */
    0x18, 0x3c, 0x24, 0x0, 0x3e, 0x40, 0xc0, 0xc0,
    0xf0, 0x7c, 0x3e, 0x7, 0x3, 0x3, 0x82, 0xfc,

    /* U+015D "ŝ" */
    0x38, 0x51, 0x90, 0x7, 0xd8, 0x30, 0x7c, 0x7c,
    0x3c, 0x18, 0x3f, 0xc0,

    /* U+015E "Ş" */
    0x3f, 0x61, 0xc0, 0xc0, 0xf0, 0x7c, 0x3e, 0x7,
    0x1, 0x1, 0x82, 0xfc, 0x10, 0x1e, 0x6, 0x3c,

    /* U+015F "ş" */
    0x7d, 0x83, 0x7, 0xc7, 0xc3, 0xc1, 0x83, 0xf8,
    0x60, 0xf0, 0x63, 0x80,

    /* U+0160 "Š" */
    0x26, 0x1c, 0x18, 0x0, 0x3e, 0x40, 0xc0, 0xc0,
    0xf0, 0x7c, 0x3e, 0x7, 0x3, 0x3, 0x82, 0xfc,

    /* U+0161 "š" */
    0x44, 0xd8, 0xe0, 0x7, 0xd8, 0x30, 0x7c, 0x7c,
    0x3c, 0x18, 0x3f, 0xc0,

    /* U+0162 "Ţ" */
    0xff, 0x86, 0x3, 0x1, 0x80, 0xc0, 0x60, 0x30,
    0x18, 0xc, 0x6, 0x3, 0x1, 0x80, 0x80, 0x70,
    0x18, 0x38,

    /* U+0163 "ţ" */
    0x0, 0x60, 0xc7, 0xe3, 0x6, 0xc, 0x18, 0x30,
    0x60, 0xc0, 0xe0, 0x83, 0xc1, 0x8e,

    /* U+0164 "Ť" */
    0x32, 0xf, 0x3, 0x0, 0xf, 0xf8, 0x60, 0x30,
    0x18, 0xc, 0x6, 0x3, 0x1, 0x80, 0xc0, 0x60,
    0x30, 0x18,

    /* U+0165 "ť" */
    0x3, 0x3, 0x32, 0x30, 0x30, 0xfc, 0x30, 0x30,
    0x30, 0x30, 0x30, 0x30, 0x30, 0x1e,

    /* U+0166 "Ŧ" */
    0xff, 0x86, 0x3, 0x1, 0x80, 0xc3, 0xf8, 0x30,
    0x18, 0xc, 0x6, 0x3, 0x1, 0x80,

    /* U+0167 "ŧ" */
    0x3, 0x19, 0xf6, 0x31, 0x9f, 0x63, 0x18, 0x70,

    /* U+0168 "Ũ" */
    0x38, 0x1, 0xc0, 0x3, 0x3, 0xc0, 0xf0, 0x3c,
    0xf, 0x3, 0xc0, 0xf0, 0x3c, 0xf, 0x3, 0xc0,
    0xd8, 0x63, 0xf0,

    /* U+0169 "ũ" */
    0x70, 0xe, 0x0, 0xc3, 0xc3, 0xc3, 0xc3, 0xc3,
    0xc3, 0xc3, 0xc7, 0x7f,

    /* U+016A "Ū" */
    0x3e, 0x0, 0x0, 0x3, 0x3, 0xc0, 0xf0, 0x3c,
    0xf, 0x3, 0xc0, 0xf0, 0x3c, 0xf, 0x3, 0xc0,
    0xd8, 0x63, 0xf0,

    /* U+016B "ū" */
    0x3e, 0x0, 0x0, 0xc3, 0xc3, 0xc3, 0xc3, 0xc3,
    0xc3, 0xc3, 0xc7, 0x7f,

    /* U+016C "Ŭ" */
    0x33, 0xc, 0xc1, 0xe0, 0x0, 0xc0, 0xf0, 0x3c,
    0xf, 0x3, 0xc0, 0xf0, 0x3c, 0xf, 0x3, 0xc0,
    0xf0, 0x36, 0x18, 0xfc,

    /* U+016D "ŭ" */
    0x66, 0x66, 0x3c, 0x0, 0xc3, 0xc3, 0xc3, 0xc3,
    0xc3, 0xc3, 0xc3, 0xc7, 0x7f,

    /* U+016E "Ů" */
    0xc, 0x4, 0x81, 0x20, 0x30, 0x0, 0x30, 0x3c,
    0xf, 0x3, 0xc0, 0xf0, 0x3c, 0xf, 0x3, 0xc0,
    0xf0, 0x3c, 0xd, 0x86, 0x3f, 0x0,

    /* U+016F "ů" */
    0x18, 0x24, 0x24, 0x18, 0x0, 0xc3, 0xc3, 0xc3,
    0xc3, 0xc3, 0xc3, 0xc3, 0xc7, 0x7f,

    /* U+0170 "Ű" */
    0x19, 0xc, 0xc3, 0x20, 0x0, 0xc0, 0xf0, 0x3c,
    0xf, 0x3, 0xc0, 0xf0, 0x3c, 0xf, 0x3, 0xc0,
    0xf0, 0x36, 0x18, 0xfc,

    /* U+0171 "ű" */
    0x32, 0x26, 0x64, 0x0, 0xc3, 0xc3, 0xc3, 0xc3,
    0xc3, 0xc3, 0xc3, 0xc7, 0x7f,

    /* U+0172 "Ų" */
    0xc0, 0xf0, 0x3c, 0xf, 0x3, 0xc0, 0xf0, 0x3c,
    0xf, 0x3, 0xc0, 0xf0, 0x36, 0x18, 0xfc, 0xc,
    0x6, 0x1, 0x80, 0x38,

    /* U+0173 "ų" */
    0xc3, 0xc3, 0xc3, 0xc3, 0xc3, 0xc3, 0xc3, 0xc7,
    0x7f, 0x2, 0x6, 0x6, 0x7,

    /* U+0174 "Ŵ" */
    0x3, 0x0, 0x1e, 0x0, 0xcc, 0x0, 0x0, 0xc3,
    0xf, 0xc, 0x3c, 0x31, 0x99, 0xe6, 0x67, 0x99,
    0x9a, 0x66, 0x49, 0x8b, 0x3c, 0x3c, 0xf0, 0xe1,
    0xc3, 0x87, 0xe, 0x18,

    /* U+0175 "ŵ" */
    0x6, 0x0, 0xf0, 0x19, 0x0, 0x0, 0xc6, 0x3c,
    0x66, 0x46, 0x66, 0xe6, 0x6b, 0x66, 0x94, 0x39,
    0xc3, 0x1c, 0x30, 0xc0,

    /* U+0176 "Ŷ" */
    0xc, 0x7, 0x83, 0x30, 0x0, 0xc0, 0xd8, 0x66,
    0x18, 0xcc, 0x33, 0x7, 0x81, 0xe0, 0x30, 0xc,
    0x3, 0x0, 0xc0, 0x30,

    /* U+0177 "ŷ" */
    0xc, 0x7, 0x81, 0x30, 0x0, 0x60, 0xd8, 0x66,
    0x18, 0xc6, 0x33, 0xc, 0xc1, 0xe0, 0x78, 0xe,
    0x3, 0x0, 0xc0, 0x60, 0x70, 0x0,

    /* U+0178 "Ÿ" */
    0x1b, 0x0, 0x0, 0x0, 0x30, 0x66, 0xc, 0x63,
    0xc, 0x40, 0xd8, 0x1a, 0x3, 0xc0, 0x30, 0x6,
    0x0, 0xc0, 0x18, 0x3, 0x0,

    /* U+0179 "Ź" */
    0x6, 0x2, 0x3, 0x0, 0x7, 0xf8, 0x1c, 0xc,
    0xc, 0xe, 0x6, 0x7, 0x7, 0x3, 0x83, 0x81,
    0x81, 0xff,

    /* U+017A "ź" */
    0xc, 0x30, 0x60, 0xf, 0xe1, 0xc3, 0xc, 0x38,
    0x61, 0x83, 0xf, 0xe0,

    /* U+017B "Ż" */
    0xc, 0x0, 0x0, 0xf, 0xf0, 0x38, 0x18, 0x18,
    0x1c, 0xc, 0xe, 0xe, 0x6, 0x7, 0x3, 0x3,
    0xfe,

    /* U+017C "ż" */
    0x18, 0x0, 0x7, 0xf0, 0x61, 0x86, 0xc, 0x30,
    0xe1, 0x87, 0xf0,

    /* U+017D "Ž" */
    0x13, 0xf, 0x3, 0x0, 0x7, 0xf8, 0x1c, 0xc,
    0xc, 0xe, 0x6, 0x7, 0x7, 0x3, 0x83, 0x81,
    0x81, 0xff,

    /* U+017E "ž" */
    0x6c, 0x50, 0xe0, 0xf, 0xe1, 0xc3, 0xc, 0x38,
    0x61, 0x83, 0xf, 0xe0,

    /* U+018F "Ə" */
    0x7f, 0x8, 0x30, 0x3, 0x0, 0x30, 0x7, 0xff,
    0xf0, 0x1e, 0x3, 0xc0, 0x7c, 0x19, 0x87, 0xf,
    0x80,

    /* U+0192 "ƒ" */
    0x3, 0xc1, 0x80, 0x60, 0x10, 0x1f, 0x3, 0x0,
    0xc0, 0x20, 0x18, 0x6, 0x1, 0x80, 0x60, 0x30,
    0x38, 0x0,

    /* U+01A0 "Ơ" */
    0x0, 0x18, 0xfd, 0xdc, 0x7c, 0xc1, 0xcc, 0x6,
    0x60, 0x33, 0x1, 0x98, 0xc, 0xc0, 0x66, 0x3,
    0x18, 0x30, 0xe3, 0x81, 0xf0, 0x0,

    /* U+01A1 "ơ" */
    0x0, 0x67, 0xfd, 0x8f, 0x60, 0xcc, 0x19, 0x83,
    0x30, 0x66, 0xc, 0x63, 0x7, 0xc0,

    /* U+01AF "Ư" */
    0x0, 0xf, 0x3, 0x3c, 0xf, 0xb0, 0x30, 0xc0,
    0xc3, 0x3, 0xc, 0xc, 0x30, 0x30, 0xc0, 0xc3,
    0x3, 0xc, 0xc, 0x18, 0x60, 0x3f, 0x0,

    /* U+01B0 "ư" */
    0x0, 0x78, 0x6f, 0xf, 0x61, 0x8c, 0x31, 0x86,
    0x30, 0xc6, 0x18, 0xc7, 0xf, 0xe0,

    /* U+01CD "Ǎ" */
    0x13, 0x3, 0x40, 0x30, 0x0, 0x0, 0xe0, 0x1c,
    0x7, 0x80, 0xd8, 0x13, 0x6, 0x60, 0xc6, 0x30,
    0xc7, 0xfc, 0xc1, 0xb0, 0x36, 0x3,

    /* U+01CE "ǎ" */
    0x26, 0x14, 0x18, 0x0, 0x7e, 0x7, 0x3, 0x3,
    0x7f, 0xc3, 0xc3, 0xc7, 0x7f,

    /* U+01CF "Ǐ" */
    0xcd, 0xe3, 0x0, 0x30, 0xc3, 0xc, 0x30, 0xc3,
    0xc, 0x30, 0xc3, 0xc,

    /* U+01D0 "ǐ" */
    0xc9, 0x47, 0x0, 0x70, 0xc3, 0xc, 0x30, 0xc3,
    0xc, 0x30,

    /* U+01D1 "Ǒ" */
    0x1b, 0x1, 0x40, 0x38, 0x0, 0x1, 0xf0, 0xe3,
    0x98, 0x36, 0x3, 0xc0, 0x78, 0xf, 0x1, 0xe0,
    0x3c, 0x6, 0xc1, 0x9c, 0x70, 0xf8,

    /* U+01D2 "ǒ" */
    0x22, 0xa, 0x7, 0x0, 0x3, 0xe3, 0x1b, 0x7,
    0x83, 0xc1, 0xe0, 0xf0, 0x6c, 0x63, 0xe0,

    /* U+01D3 "Ǔ" */
    0x32, 0x7, 0x80, 0xc0, 0x0, 0xc0, 0xf0, 0x3c,
    0xf, 0x3, 0xc0, 0xf0, 0x3c, 0xf, 0x3, 0xc0,
    0xf0, 0x36, 0x18, 0xfc,

    /* U+01D4 "ǔ" */
    0x24, 0x3c, 0x18, 0x0, 0xc3, 0xc3, 0xc3, 0xc3,
    0xc3, 0xc3, 0xc3, 0xc7, 0x7f,

    /* U+01D5 "Ǖ" */
    0x3f, 0x0, 0x3, 0x30, 0x0, 0x0, 0x30, 0x3c,
    0xf, 0x3, 0xc0, 0xf0, 0x3c, 0xf, 0x3, 0xc0,
    0xf0, 0x3c, 0xd, 0x86, 0x3f, 0x0,

    /* U+01D6 "ǖ" */
    0x7e, 0x0, 0x66, 0x0, 0x0, 0xc3, 0xc3, 0xc3,
    0xc3, 0xc3, 0xc3, 0xc3, 0xc7, 0x7f,

    /* U+01D7 "Ǘ" */
    0x4, 0x0, 0x3, 0x30, 0x0, 0xc0, 0xf0, 0x3c,
    0xf, 0x3, 0xc0, 0xf0, 0x3c, 0xf, 0x3, 0xc0,
    0xf0, 0x36, 0x18, 0xfc,

    /* U+01D8 "ǘ" */
    0x8, 0x0, 0x66, 0x0, 0xc3, 0xc3, 0xc3, 0xc3,
    0xc3, 0xc3, 0xc3, 0xc7, 0x7f,

    /* U+01D9 "Ǚ" */
    0x12, 0x3, 0x0, 0x0, 0xcc, 0x0, 0x30, 0x3c,
    0xf, 0x3, 0xc0, 0xf0, 0x3c, 0xf, 0x3, 0xc0,
    0xf0, 0x3c, 0xd, 0x86, 0x3f, 0x0,

    /* U+01DA "ǚ" */
    0x66, 0x3c, 0x18, 0x66, 0x0, 0xc3, 0xc3, 0xc3,
    0xc3, 0xc3, 0xc3, 0xc3, 0xc7, 0x7f,

    /* U+01DB "Ǜ" */
    0x8, 0x0, 0x3, 0x30, 0x0, 0xc0, 0xf0, 0x3c,
    0xf, 0x3, 0xc0, 0xf0, 0x3c, 0xf, 0x3, 0xc0,
    0xf0, 0x36, 0x18, 0xfc,

    /* U+01DC "ǜ" */
    0x10, 0x0, 0x66, 0x0, 0xc3, 0xc3, 0xc3, 0xc3,
    0xc3, 0xc3, 0xc3, 0xc7, 0x7f,

    /* U+01E6 "Ǧ" */
    0x1b, 0x2, 0x80, 0xe0, 0x0, 0x1f, 0x8c, 0x6,
    0x3, 0x0, 0xc0, 0x31, 0xfc, 0xf, 0x3, 0xc0,
    0xd8, 0x37, 0xc, 0x7f,

    /* U+01E7 "ǧ" */
    0x26, 0x1a, 0x6, 0x0, 0x3, 0xff, 0x3b, 0xd,
    0x86, 0xc3, 0x73, 0x1f, 0x98, 0xf, 0xe0, 0x18,
    0xd, 0x6, 0xfe, 0x0,

    /* U+01FA "Ǻ" */
    0x6, 0x1, 0x0, 0xc0, 0x0, 0xc, 0x4, 0x81,
    0x20, 0x30, 0xc, 0x7, 0x81, 0xe0, 0xcc, 0x33,
    0xc, 0xc6, 0x19, 0xfe, 0x61, 0xb0, 0x3c, 0xc,

    /* U+01FB "ǻ" */
    0x8, 0x0, 0x0, 0x18, 0x24, 0x24, 0x18, 0x0,
    0x7e, 0x7, 0x3, 0x3, 0x7f, 0xc3, 0xc3, 0xc7,
    0x7f,

    /* U+01FC "Ǽ" */
    0x0, 0x40, 0x3, 0x0, 0x8, 0x0, 0x0, 0x7,
    0xfc, 0x36, 0x0, 0xd8, 0x3, 0x60, 0x19, 0x80,
    0x66, 0x3, 0x9f, 0xcc, 0x60, 0x3f, 0x81, 0xc6,
    0x6, 0x18, 0x18, 0x7f,

    /* U+01FD "ǽ" */
    0x1, 0x80, 0x4, 0x0, 0x30, 0x0, 0x0, 0x7e,
    0xf0, 0x1e, 0x60, 0x30, 0xc0, 0xc3, 0x7f, 0xff,
    0xc, 0xc, 0x30, 0x31, 0xe0, 0x7c, 0xf8,

    /* U+01FE "Ǿ" */
    0x6, 0x0, 0xc0, 0x10, 0x0, 0x81, 0xf8, 0xc7,
    0x98, 0xb6, 0x33, 0xc6, 0x78, 0x8f, 0x31, 0xe6,
    0x3e, 0x86, 0xf1, 0x9e, 0x71, 0xf8, 0x30, 0x0,

    /* U+01FF "ǿ" */
    0xc, 0x6, 0x2, 0x0, 0x43, 0xe3, 0x3b, 0x37,
    0x93, 0xc9, 0xec, 0xfe, 0x6e, 0x63, 0xe1, 0x0,

    /* U+0218 "Ș" */
    0x3e, 0x40, 0xc0, 0xc0, 0xf0, 0x7c, 0x3e, 0x7,
    0x3, 0x3, 0x82, 0xfc, 0x0, 0x18, 0x10, 0x10,

    /* U+0219 "ș" */
    0x7d, 0x83, 0x7, 0xc7, 0xc3, 0xc1, 0x83, 0xfc,
    0x0, 0x41, 0x83, 0x0,

    /* U+021A "Ț" */
    0xff, 0x86, 0x3, 0x1, 0x80, 0xc0, 0x60, 0x30,
    0x18, 0xc, 0x6, 0x3, 0x1, 0x80, 0x0, 0x60,
    0x20, 0x10,

    /* U+021B "ț" */
    0x0, 0x60, 0xc7, 0xe3, 0x6, 0xc, 0x18, 0x30,
    0x60, 0xc0, 0xf0, 0x1, 0x6, 0xc,

    /* U+0237 "ȷ" */
    0x38, 0xc6, 0x31, 0x8c, 0x63, 0x18, 0xc7, 0xe0,

    /* U+0251 "ɑ" */
    0x3f, 0xb1, 0xf0, 0x78, 0x3c, 0x1e, 0xf, 0x6,
    0xc7, 0x3f, 0x80,

    /* U+0259 "ə" */
    0x7c, 0x6, 0x3, 0x3, 0xff, 0xc3, 0xc3, 0x66,
    0x3c,

    /* U+02BB "ʻ" */
    0x7c,

    /* U+02BC "ʼ" */
    0x78,

    /* U+02BE "ʾ" */
    0xc4, 0x9c,

    /* U+02BF "ʿ" */
    0x7b, 0x66,

    /* U+02C6 "ˆ" */
    0x31, 0xe4, 0xc0,

    /* U+02C7 "ˇ" */
    0x4d, 0xe3, 0x0,

    /* U+02C8 "ˈ" */
    0xfc,

    /* U+02C9 "ˉ" */
    0xf8,

    /* U+02CA "ˊ" */
    0x6f, 0x0,

    /* U+02CB "ˋ" */
    0xc9, 0x80,

    /* U+02CC "ˌ" */
    0xfc,

    /* U+02D8 "˘" */
    0xde, 0xdc,

    /* U+02D9 "˙" */
    0xc0,

    /* U+02DA "˚" */
    0x69, 0x96,

    /* U+02DB "˛" */
    0x6c, 0xc7,

    /* U+02DC "˜" */
    0xe0, 0x70,

    /* U+02DD "˝" */
    0x66, 0xcb, 0x30,

    /* U+0300 "̀" */
    0xd9, 0x80,

    /* U+0301 "́" */
    0x7b, 0x0,

    /* U+0302 "̂" */
    0x72, 0xb6,

    /* U+0303 "̃" */
    0xe0, 0x70,

    /* U+0304 "̄" */
    0xf8,

    /* U+0306 "̆" */
    0xde, 0xdc,

    /* U+0307 "̇" */
    0xc0,

    /* U+0308 "̈" */
    0xd8,

    /* U+0309 "̉" */
    0xe3, 0x3c,

    /* U+030A "̊" */
    0x69, 0x96,

    /* U+030B "̋" */
    0x66, 0x9b, 0x30,

    /* U+030C "̌" */
    0xda, 0x9c,

    /* U+031B "̛" */
    0x33, 0x3e,

    /* U+0323 "̣" */
    0xc0,

    /* U+0324 "̤" */
    0xd8,

    /* U+0326 "̦" */
    0xf8,

    /* U+0327 "̧" */
    0x60, 0xc7, 0xe0,

    /* U+0328 "̨" */
    0x6c, 0xc7,

    /* U+032E "̮" */
    0xde, 0xdc,

    /* U+0331 "̱" */
    0xf8,

    /* U+0394 "Δ" */
    0xc, 0x3, 0x81, 0xe0, 0x68, 0x33, 0xc, 0xc2,
    0x11, 0x86, 0x61, 0x90, 0x3f, 0xff, 0xff,

    /* U+03A9 "Ω" */
    0x1f, 0x83, 0xfc, 0x70, 0xee, 0x7, 0xc0, 0x3c,
    0x3, 0xc0, 0x3c, 0x3, 0xc0, 0x36, 0x6, 0x30,
    0xcf, 0x9f, 0xf9, 0xf0,

    /* U+03BC "μ" */
    0xc3, 0xc3, 0xc3, 0xc3, 0xc3, 0xc3, 0xc3, 0xff,
    0xfb, 0xc0, 0xc0, 0xc0,

    /* U+03C0 "π" */
    0xff, 0xdf, 0xf9, 0x86, 0x30, 0xc6, 0x18, 0xc3,
    0x18, 0x63, 0xf, 0x60, 0xe0,

    /* U+0E01 "ก" */
    0x3f, 0x38, 0x6e, 0xd, 0xc3, 0x70, 0xd8, 0x36,
    0xd, 0x83, 0x60, 0xd8, 0x30,

    /* U+0E02 "ข" */
    0xf3, 0x33, 0x73, 0x63, 0xc3, 0xc3, 0xc3, 0xc3,
    0x66, 0x3c,

    /* U+0E03 "ฃ" */
    0xf3, 0x33, 0x73, 0x63, 0xe3, 0xc3, 0xc3, 0xc3,
    0x66, 0x3c,

    /* U+0E04 "ค" */
    0x3e, 0x31, 0xb0, 0x78, 0x3c, 0x1f, 0xcf, 0x7,
    0x83, 0xc1, 0xe0, 0xc0,

    /* U+0E05 "ฅ" */
    0x77, 0x64, 0xf0, 0x78, 0x3c, 0x1f, 0xcf, 0x7,
    0x83, 0xc1, 0xe0, 0xc0,

    /* U+0E06 "ฆ" */
    0xf1, 0x98, 0xdc, 0x6c, 0x3e, 0x1e, 0xf, 0x7,
    0x83, 0xe3, 0xef, 0x0,

    /* U+0E07 "ง" */
    0xe, 0x1, 0x80, 0x78, 0x34, 0x1b, 0xd, 0x86,
    0x66, 0x33, 0xf, 0x0,

    /* U+0E08 "จ" */
    0xfe, 0x41, 0x80, 0x60, 0x30, 0x1f, 0xc, 0x86,
    0x62, 0x33, 0xf, 0x0,

    /* U+0E09 "ฉ" */
    0xfc, 0x6, 0x3, 0x3, 0xc3, 0xc3, 0xc3, 0xc3,
    0xc7, 0x7f,

    /* U+0E0A "ช" */
    0xf3, 0x33, 0x76, 0x63, 0xc3, 0xc3, 0xc3, 0xc3,
    0x66, 0x3c,

    /* U+0E0B "ซ" */
    0xf3, 0x33, 0x37, 0x63, 0xe3, 0xc3, 0xc3, 0xc3,
    0x66, 0x3c,

    /* U+0E0C "ฌ" */
    0x3e, 0x3, 0xe3, 0x3, 0xc1, 0x83, 0x71, 0x83,
    0x31, 0x83, 0x61, 0x83, 0x61, 0x83, 0x61, 0x83,
    0x61, 0xc7, 0x79, 0xfe,

    /* U+0E0D "ญ" */
    0x3e, 0x3, 0xe3, 0x3, 0xc1, 0x83, 0x71, 0x83,
    0x31, 0x83, 0x61, 0x83, 0x60, 0xc7, 0x60, 0x7f,
    0x60, 0x3, 0x78, 0x83, 0x0, 0xfe,

    /* U+0E0E "ฎ" */
    0x1f, 0x1c, 0x66, 0xd, 0xe3, 0x18, 0xcc, 0x33,
    0xc, 0xc3, 0x30, 0xf8, 0x30, 0xc, 0x3, 0x1f,
    0xc0, 0x30,

    /* U+0E0F "ฏ" */
    0x1f, 0x1c, 0x66, 0xd, 0xe3, 0x18, 0xcc, 0x33,
    0xc, 0xc3, 0x30, 0xf8, 0x30, 0xc, 0x13, 0x3f,
    0xcc, 0x40,

    /* U+0E10 "ฐ" */
    0xff, 0x81, 0x80, 0x60, 0x30, 0x1e, 0xd, 0x86,
    0x46, 0x23, 0x1e, 0x0, 0x2, 0x6f, 0xf6, 0x20,

    /* U+0E11 "ฑ" */
    0xff, 0x18, 0xcc, 0x6c, 0x36, 0x1b, 0xd, 0x86,
    0xc3, 0x61, 0xb0, 0xc0,

    /* U+0E12 "ฒ" */
    0x7f, 0x3, 0x69, 0x83, 0xc1, 0x83, 0xc1, 0x83,
    0xc1, 0x83, 0xc1, 0x83, 0xc1, 0x83, 0xc1, 0x83,
    0x61, 0xc7, 0x39, 0xbe,

    /* U+0E13 "ณ" */
    0x3e, 0x3, 0xe3, 0x3, 0xc1, 0x83, 0x71, 0x83,
    0x31, 0x83, 0x61, 0x83, 0x61, 0x83, 0x61, 0x83,
    0x61, 0xc7, 0x78, 0xff,

    /* U+0E14 "ด" */
    0x1f, 0x18, 0x6e, 0xf, 0x3, 0xc0, 0xf0, 0x3c,
    0xf, 0x3, 0x60, 0xcf, 0x30,

    /* U+0E15 "ต" */
    0x3b, 0x99, 0x3c, 0xf, 0x3, 0xc0, 0xf0, 0x3c,
    0xf, 0x3, 0x60, 0xcf, 0x30,

    /* U+0E16 "ถ" */
    0x3f, 0x38, 0x6c, 0xd, 0xc3, 0x30, 0xd8, 0x36,
    0xd, 0x83, 0x60, 0xde, 0x30,

    /* U+0E17 "ท" */
    0xff, 0x71, 0xf0, 0x78, 0x3c, 0x1e, 0xf, 0x7,
    0x83, 0xc1, 0xe0, 0xc0,

    /* U+0E18 "ธ" */
    0x7e, 0xc0, 0xc0, 0xf8, 0x7e, 0xf, 0xc3, 0xc3,
    0xc3, 0xfc,

    /* U+0E19 "น" */
    0xc1, 0xe0, 0xf0, 0x78, 0x3c, 0x1e, 0xf, 0x7,
    0x83, 0xe3, 0xbe, 0xc0,

    /* U+0E1A "บ" */
    0xc1, 0xe0, 0xf0, 0x78, 0x3c, 0x1e, 0xf, 0x7,
    0x83, 0x63, 0x1f, 0x0,

    /* U+0E1B "ป" */
    0x1, 0x80, 0xc0, 0x78, 0x3c, 0x1e, 0xf, 0x7,
    0x83, 0xc1, 0xe0, 0xf0, 0x6c, 0x63, 0xe0,

    /* U+0E1C "ผ" */
    0xf1, 0xe0, 0xf0, 0x79, 0x3d, 0xde, 0xaf, 0xdf,
    0xc7, 0xe3, 0xe0, 0xc0,

    /* U+0E1D "ฝ" */
    0x1, 0x80, 0xc0, 0x7e, 0x3c, 0x1e, 0xf, 0x27,
    0xbb, 0xd5, 0xfb, 0xf8, 0xfc, 0x7c, 0x18,

    /* U+0E1E "พ" */
    0xc6, 0x3c, 0x66, 0xc6, 0x66, 0xe6, 0x6f, 0x66,
    0xb4, 0x79, 0xc3, 0x9c, 0x31, 0xc3, 0x1c,

    /* U+0E1F "ฟ" */
    0x0, 0x30, 0x3, 0x0, 0x3c, 0x62, 0xc6, 0x6c,
    0x66, 0x6e, 0x66, 0xf6, 0x6b, 0x47, 0x9c, 0x39,
    0xc3, 0x1c, 0x31, 0xc0,

    /* U+0E20 "ภ" */
    0x1f, 0x1c, 0x66, 0xd, 0xe3, 0x18, 0xcc, 0x33,
    0xc, 0xc3, 0x30, 0xf8, 0x30,

    /* U+0E21 "ม" */
    0xc1, 0xe0, 0xf0, 0x78, 0x3c, 0x1e, 0xf, 0x7,
    0x83, 0xe3, 0xef, 0x0,

    /* U+0E22 "ย" */
    0x79, 0xe0, 0xf0, 0x78, 0x37, 0x9e, 0xf, 0x7,
    0x83, 0xe3, 0x1f, 0x0,

    /* U+0E23 "ร" */
    0x7d, 0x83, 0x7, 0xf, 0xc7, 0xc3, 0x83, 0x7,
    0xf8,

    /* U+0E24 "ฤ" */
    0x3f, 0x38, 0x6c, 0xd, 0xc3, 0x30, 0xd8, 0x36,
    0xd, 0x83, 0x60, 0xde, 0x30, 0xc, 0x3, 0x0,
    0xc0,

    /* U+0E25 "ล" */
    0x7e, 0x1, 0x80, 0x60, 0x37, 0xff, 0xf, 0x7,
    0x83, 0xc1, 0xbc, 0xc0,

    /* U+0E26 "ฦ" */
    0x1f, 0x1c, 0x66, 0xd, 0xe3, 0x18, 0xcc, 0x33,
    0xc, 0xc3, 0x30, 0xf8, 0x30, 0xc, 0x3, 0x0,
    0xc0,

    /* U+0E27 "ว" */
    0xfc, 0x86, 0x3, 0x3, 0x3, 0x3, 0x3, 0x3,
    0x86, 0xfc,

    /* U+0E28 "ศ" */
    0x3f, 0xd8, 0xec, 0x1b, 0x6, 0xc1, 0xbe, 0x6c,
    0x1b, 0x6, 0xc1, 0xb0, 0x60,

    /* U+0E29 "ษ" */
    0xc1, 0xb0, 0x6c, 0x1b, 0x6, 0xc7, 0xf0, 0x6c,
    0x1b, 0x6, 0x63, 0xf, 0x80,

    /* U+0E2A "ส" */
    0x7f, 0x81, 0xc0, 0x60, 0x37, 0xff, 0xf, 0x7,
    0x83, 0xc1, 0xbc, 0xc0,

    /* U+0E2B "ห" */
    0xc1, 0xe0, 0xf0, 0x78, 0x7f, 0xf6, 0xf, 0x7,
    0x83, 0xc1, 0xe0, 0xc0,

    /* U+0E2C "ฬ" */
    0x0, 0x30, 0x3, 0x0, 0xec, 0x46, 0xc6, 0x6c,
    0x66, 0x6e, 0x66, 0xf6, 0x6b, 0x47, 0x9c, 0x39,
    0xc3, 0x1c, 0x31, 0xc0,

    /* U+0E2D "อ" */
    0xfe, 0x1, 0x80, 0x60, 0x3f, 0x1e, 0xf, 0x7,
    0x83, 0xc3, 0x7f, 0x0,

    /* U+0E2E "ฮ" */
    0xff, 0x81, 0x80, 0x60, 0x3f, 0x1e, 0xf, 0x7,
    0x82, 0xc3, 0x7f, 0x0,

    /* U+0E2F "ฯ" */
    0xc3, 0xc3, 0xc3, 0xc3, 0x7f, 0x3, 0x3, 0x3,
    0x3, 0x3,

    /* U+0E30 "ะ" */
    0xcf, 0x0, 0xc, 0xf0,

    /* U+0E31 "ั" */
    0xc1, 0x83, 0xf8,

    /* U+0E32 "า" */
    0xfd, 0x1c, 0x18, 0x30, 0x60, 0xc1, 0x83, 0x6,
    0xc,

    /* U+0E33 "ำ" */
    0x60, 0x12, 0x3, 0xc0, 0x0, 0x0, 0xfc, 0x1,
    0xc0, 0x18, 0x3, 0x0, 0x60, 0xc, 0x1, 0x80,
    0x30, 0x6, 0x0, 0xc0,

    /* U+0E34 "ิ" */
    0xfe,

    /* U+0E35 "ี" */
    0x3, 0x3, 0xff,

    /* U+0E36 "ึ" */
    0x7, 0x5, 0x7f,

    /* U+0E37 "ื" */
    0xf, 0xf, 0xff,

    /* U+0E38 "ุ" */
    0xed, 0x80,

    /* U+0E39 "ู" */
    0xed, 0xb6, 0xce,

    /* U+0E3A "ฺ" */
    0xc0,

    /* U+0E3F "฿" */
    0x18, 0xc, 0x3f, 0xdb, 0x3d, 0x9e, 0xcf, 0x67,
    0xfc, 0xd9, 0xec, 0xf6, 0x7b, 0x3f, 0xf0, 0xc0,
    0x60,

    /* U+0E40 "เ" */
    0xcc, 0xcc, 0xcc, 0xcc, 0xcf,

    /* U+0E41 "แ" */
    0xcc, 0xcc, 0xcc, 0xcc, 0xcc, 0xcc, 0xcc, 0xcc,
    0xcc, 0xe7,

    /* U+0E42 "โ" */
    0xfd, 0x83, 0xc, 0x30, 0xc3, 0xc, 0x30, 0xc3,
    0xc, 0x30, 0x70,

    /* U+0E43 "ใ" */
    0xf0, 0xc6, 0x77, 0x31, 0x8c, 0x63, 0x18, 0xc6,
    0x38,

    /* U+0E44 "ไ" */
    0xf8, 0xcc, 0x63, 0x18, 0xc6, 0x31, 0x8c, 0x63,
    0x1c,

    /* U+0E45 "ๅ" */
    0xfd, 0x1c, 0x18, 0x30, 0x60, 0xc1, 0x83, 0x6,
    0xc, 0x18, 0x30, 0x60,

    /* U+0E46 "ๆ" */
    0x7f, 0x64, 0xf0, 0x78, 0x3c, 0x1b, 0xcc, 0x6,
    0x3, 0x1, 0x80, 0xc0,

    /* U+0E47 "็" */
    0x7f, 0x83, 0x23, 0xf0,

    /* U+0E48 "่" */
    0xfc,

    /* U+0E49 "้" */
    0xe0, 0x40, 0xf8,

    /* U+0E4A "๊" */
    0x7f, 0x6e, 0x1b, 0x30,

    /* U+0E4B "๋" */
    0x6f, 0x60,

    /* U+0E4C "์" */
    0xff, 0xc, 0x0,

    /* U+0E4D "ํ" */
    0x69, 0x96,

    /* U+0E4E "๎" */
    0x39, 0x1d, 0x8f, 0x0,

    /* U+0E4F "๏" */
    0x1e, 0x18, 0x6f, 0xdb, 0x8b, 0xe2, 0xf8, 0xbf,
    0xd9, 0x86, 0x1e, 0x0,

    /* U+0E50 "๐" */
    0x3e, 0x31, 0xb0, 0x78, 0x3c, 0x1e, 0xf, 0x6,
    0xc6, 0x3e, 0x0,

    /* U+0E51 "๑" */
    0x3f, 0x18, 0x6c, 0xf, 0x3, 0xc0, 0xf0, 0x36,
    0xc, 0xf6, 0x3, 0x81, 0xc0, 0x40,

    /* U+0E52 "๒" */
    0xc0, 0x37, 0xef, 0x6f, 0xc3, 0xf0, 0xfc, 0x3d,
    0xcf, 0x3, 0x61, 0x8f, 0xc0,

    /* U+0E53 "๓" */
    0x7f, 0x93, 0x3c, 0xcf, 0x33, 0xc0, 0xf0, 0x3c,
    0xd, 0x83, 0x3c, 0xc0,

    /* U+0E54 "๔" */
    0x0, 0x47, 0xf7, 0x3, 0x80, 0xc0, 0x30, 0xfc,
    0x63, 0x18, 0x66, 0xf, 0xf0,

    /* U+0E55 "๕" */
    0x20, 0x47, 0xf7, 0x1, 0x80, 0xc0, 0x30, 0xfc,
    0x63, 0x18, 0x66, 0xf, 0xf0,

    /* U+0E56 "๖" */
    0xc0, 0xd, 0xf1, 0xe3, 0x38, 0x33, 0x6, 0x0,
    0xc0, 0x18, 0x3, 0x20, 0xc3, 0xf0,

    /* U+0E57 "๗" */
    0x0, 0xd, 0xfe, 0x34, 0xcc, 0xf3, 0x33, 0xcc,
    0xcf, 0x3, 0x3c, 0xc, 0xf0, 0x33, 0x60, 0xc8,
    0xf3, 0xc0,

    /* U+0E58 "๘" */
    0x0, 0x47, 0xf6, 0x3, 0x0, 0xc0, 0x30, 0x7c,
    0xcf, 0x33, 0x4c, 0xdf, 0xf0,

    /* U+0E59 "๙" */
    0x0, 0x37, 0xf3, 0x4d, 0xbc, 0xce, 0xc4, 0xc,
    0x40, 0xc6, 0xc, 0x60, 0x62, 0x3, 0xa0,

    /* U+0E5A "๚" */
    0xc3, 0xf, 0xc, 0x3c, 0x30, 0xf0, 0xc3, 0x7f,
    0xfc, 0xc, 0x30, 0x30, 0xc0, 0xc3, 0x3, 0xc,
    0xc, 0x30,

    /* U+0E5B "๛" */
    0x3c, 0x0, 0x6, 0x66, 0x0, 0xc3, 0x6c, 0xc,
    0x36, 0xdc, 0xc3, 0x7d, 0xec, 0x77, 0xbc, 0xc6,
    0x7a, 0x46, 0xc, 0x0, 0x61, 0x80, 0x1, 0xf0,
    0x0
};


/*---------------------
 *  GLYPH DESCRIPTION
 *--------------------*/

static const lv_font_fmt_txt_glyph_dsc_t glyph_dsc[] = {
    {.bitmap_index = 0, .adv_w = 0, .box_w = 0, .box_h = 0, .ofs_x = 0, .ofs_y = 0} /* id = 0 reserved */,
    {.bitmap_index = 0, .adv_w = 144, .box_w = 1, .box_h = 1, .ofs_x = 0, .ofs_y = 0},
    {.bitmap_index = 1, .adv_w = 66, .box_w = 1, .box_h = 1, .ofs_x = 0, .ofs_y = 0},
    {.bitmap_index = 2, .adv_w = 66, .box_w = 1, .box_h = 1, .ofs_x = 0, .ofs_y = 0},
    {.bitmap_index = 3, .adv_w = 58, .box_w = 2, .box_h = 12, .ofs_x = 1, .ofs_y = 0},
    {.bitmap_index = 6, .adv_w = 98, .box_w = 5, .box_h = 3, .ofs_x = 1, .ofs_y = 9},
    {.bitmap_index = 8, .adv_w = 202, .box_w = 11, .box_h = 12, .ofs_x = 1, .ofs_y = 0},
    {.bitmap_index = 25, .adv_w = 160, .box_w = 8, .box_h = 15, .ofs_x = 1, .ofs_y = -1},
    {.bitmap_index = 40, .adv_w = 209, .box_w = 11, .box_h = 12, .ofs_x = 1, .ofs_y = 0},
    {.bitmap_index = 57, .adv_w = 192, .box_w = 11, .box_h = 12, .ofs_x = 1, .ofs_y = 0},
    {.bitmap_index = 74, .adv_w = 52, .box_w = 2, .box_h = 3, .ofs_x = 1, .ofs_y = 9},
    {.bitmap_index = 75, .adv_w = 94, .box_w = 5, .box_h = 14, .ofs_x = 1, .ofs_y = -1},
    {.bitmap_index = 84, .adv_w = 94, .box_w = 5, .box_h = 14, .ofs_x = 0, .ofs_y = -1},
    {.bitmap_index = 93, .adv_w = 124, .box_w = 6, .box_h = 6, .ofs_x = 1, .ofs_y = 6},
    {.bitmap_index = 98, .adv_w = 136, .box_w = 7, .box_h = 7, .ofs_x = 1, .ofs_y = 2},
    {.bitmap_index = 105, .adv_w = 61, .box_w = 2, .box_h = 3, .ofs_x = 1, .ofs_y = -2},
    {.bitmap_index = 106, .adv_w = 135, .box_w = 7, .box_h = 1, .ofs_x = 1, .ofs_y = 5},
    {.bitmap_index = 107, .adv_w = 52, .box_w = 2, .box_h = 1, .ofs_x = 1, .ofs_y = 0},
    {.bitmap_index = 108, .adv_w = 124, .box_w = 6, .box_h = 13, .ofs_x = 1, .ofs_y = 0},
    {.bitmap_index = 118, .adv_w = 187, .box_w = 10, .box_h = 12, .ofs_x = 1, .ofs_y = 0},
    {.bitmap_index = 133, .adv_w = 92, .box_w = 4, .box_h = 12, .ofs_x = 1, .ofs_y = 0},
    {.bitmap_index = 139, .adv_w = 147, .box_w = 7, .box_h = 12, .ofs_x = 1, .ofs_y = 0},
    {.bitmap_index = 150, .adv_w = 149, .box_w = 8, .box_h = 12, .ofs_x = 1, .ofs_y = 0},
    {.bitmap_index = 162, .adv_w = 156, .box_w = 9, .box_h = 12, .ofs_x = 1, .ofs_y = 0},
    {.bitmap_index = 176, .adv_w = 148, .box_w = 8, .box_h = 12, .ofs_x = 1, .ofs_y = 0},
    {.bitmap_index = 188, .adv_w = 165, .box_w = 9, .box_h = 12, .ofs_x = 1, .ofs_y = 0},
    {.bitmap_index = 202, .adv_w = 143, .box_w = 8, .box_h = 12, .ofs_x = 1, .ofs_y = 0},
    {.bitmap_index = 214, .adv_w = 170, .box_w = 9, .box_h = 12, .ofs_x = 1, .ofs_y = 0},
    {.bitmap_index = 228, .adv_w = 165, .box_w = 9, .box_h = 12, .ofs_x = 1, .ofs_y = 0},
    {.bitmap_index = 242, .adv_w = 52, .box_w = 2, .box_h = 7, .ofs_x = 1, .ofs_y = 1},
    {.bitmap_index = 244, .adv_w = 61, .box_w = 3, .box_h = 9, .ofs_x = 0, .ofs_y = -2},
    {.bitmap_index = 248, .adv_w = 157, .box_w = 8, .box_h = 9, .ofs_x = 1, .ofs_y = 1},
    {.bitmap_index = 257, .adv_w = 136, .box_w = 7, .box_h = 4, .ofs_x = 1, .ofs_y = 3},
    {.bitmap_index = 261, .adv_w = 157, .box_w = 8, .box_h = 9, .ofs_x = 1, .ofs_y = 1},
    {.bitmap_index = 270, .adv_w = 143, .box_w = 7, .box_h = 12, .ofs_x = 1, .ofs_y = 0},
    {.bitmap_index = 281, .adv_w = 220, .box_w = 12, .box_h = 12, .ofs_x = 1, .ofs_y = -2},
    {.bitmap_index = 299, .adv_w = 202, .box_w = 11, .box_h = 12, .ofs_x = 1, .ofs_y = 0},
    {.bitmap_index = 316, .adv_w = 182, .box_w = 9, .box_h = 12, .ofs_x = 1, .ofs_y = 0},
    {.bitmap_index = 330, .adv_w = 172, .box_w = 9, .box_h = 12, .ofs_x = 1, .ofs_y = 0},
    {.bitmap_index = 344, .adv_w = 187, .box_w = 10, .box_h = 12, .ofs_x = 1, .ofs_y = 0},
    {.bitmap_index = 359, .adv_w = 158, .box_w = 8, .box_h = 12, .ofs_x = 1, .ofs_y = 0},
    {.bitmap_index = 371, .adv_w = 151, .box_w = 8, .box_h = 12, .ofs_x = 1, .ofs_y = 0},
    {.bitmap_index = 383, .adv_w = 185, .box_w = 10, .box_h = 12, .ofs_x = 1, .ofs_y = 0},
    {.bitmap_index = 398, .adv_w = 188, .box_w = 10, .box_h = 12, .ofs_x = 1, .ofs_y = 0},
    {.bitmap_index = 413, .adv_w = 68, .box_w = 2, .box_h = 12, .ofs_x = 1, .ofs_y = 0},
    {.bitmap_index = 416, .adv_w = 124, .box_w = 7, .box_h = 12, .ofs_x = 0, .ofs_y = 0},
    {.bitmap_index = 427, .adv_w = 180, .box_w = 9, .box_h = 12, .ofs_x = 1, .ofs_y = 0},
    {.bitmap_index = 441, .adv_w = 151, .box_w = 8, .box_h = 12, .ofs_x = 1, .ofs_y = 0},
    {.bitmap_index = 453, .adv_w = 218, .box_w = 11, .box_h = 12, .ofs_x = 1, .ofs_y = 0},
    {.bitmap_index = 470, .adv_w = 192, .box_w = 10, .box_h = 12, .ofs_x = 1, .ofs_y = 0},
    {.bitmap_index = 485, .adv_w = 200, .box_w = 11, .box_h = 12, .ofs_x = 1, .ofs_y = 0},
    {.bitmap_index = 502, .adv_w = 170, .box_w = 9, .box_h = 12, .ofs_x = 1, .ofs_y = 0},
    {.bitmap_index = 516, .adv_w = 201, .box_w = 11, .box_h = 16, .ofs_x = 1, .ofs_y = -4},
    {.bitmap_index = 538, .adv_w = 176, .box_w = 9, .box_h = 12, .ofs_x = 1, .ofs_y = 0},
    {.bitmap_index = 552, .adv_w = 160, .box_w = 8, .box_h = 12, .ofs_x = 1, .ofs_y = 0},
    {.bitmap_index = 564, .adv_w = 164, .box_w = 9, .box_h = 12, .ofs_x = 1, .ofs_y = 0},
    {.bitmap_index = 578, .adv_w = 194, .box_w = 10, .box_h = 12, .ofs_x = 1, .ofs_y = 0},
    {.bitmap_index = 593, .adv_w = 202, .box_w = 11, .box_h = 12, .ofs_x = 1, .ofs_y = 0},
    {.bitmap_index = 610, .adv_w = 250, .box_w = 14, .box_h = 12, .ofs_x = 1, .ofs_y = 0},
    {.bitmap_index = 631, .adv_w = 195, .box_w = 10, .box_h = 12, .ofs_x = 1, .ofs_y = 0},
    {.bitmap_index = 646, .adv_w = 189, .box_w = 10, .box_h = 12, .ofs_x = 1, .ofs_y = 0},
    {.bitmap_index = 661, .adv_w = 166, .box_w = 9, .box_h = 12, .ofs_x = 1, .ofs_y = 0},
    {.bitmap_index = 675, .adv_w = 101, .box_w = 5, .box_h = 15, .ofs_x = 1, .ofs_y = -2},
    {.bitmap_index = 685, .adv_w = 130, .box_w = 6, .box_h = 14, .ofs_x = 1, .ofs_y = -1},
    {.bitmap_index = 696, .adv_w = 101, .box_w = 5, .box_h = 15, .ofs_x = 1, .ofs_y = -2},
    {.bitmap_index = 706, .adv_w = 137, .box_w = 7, .box_h = 5, .ofs_x = 1, .ofs_y = 7},
    {.bitmap_index = 711, .adv_w = 156, .box_w = 8, .box_h = 1, .ofs_x = 1, .ofs_y = -1},
    {.bitmap_index = 712, .adv_w = 75, .box_w = 3, .box_h = 3, .ofs_x = 1, .ofs_y = 10},
    {.bitmap_index = 714, .adv_w = 158, .box_w = 8, .box_h = 9, .ofs_x = 1, .ofs_y = 0},
    {.bitmap_index = 723, .adv_w = 168, .box_w = 9, .box_h = 13, .ofs_x = 1, .ofs_y = 0},
    {.bitmap_index = 738, .adv_w = 137, .box_w = 8, .box_h = 9, .ofs_x = 1, .ofs_y = 0},
    {.bitmap_index = 747, .adv_w = 168, .box_w = 9, .box_h = 13, .ofs_x = 1, .ofs_y = 0},
    {.bitmap_index = 762, .adv_w = 155, .box_w = 8, .box_h = 9, .ofs_x = 1, .ofs_y = 0},
    {.bitmap_index = 771, .adv_w = 104, .box_w = 6, .box_h = 13, .ofs_x = 1, .ofs_y = 0},
    {.bitmap_index = 781, .adv_w = 160, .box_w = 9, .box_h = 13, .ofs_x = 1, .ofs_y = -4},
    {.bitmap_index = 796, .adv_w = 166, .box_w = 8, .box_h = 13, .ofs_x = 1, .ofs_y = 0},
    {.bitmap_index = 809, .adv_w = 82, .box_w = 3, .box_h = 13, .ofs_x = 1, .ofs_y = 0},
    {.bitmap_index = 814, .adv_w = 89, .box_w = 5, .box_h = 16, .ofs_x = -1, .ofs_y = -3},
    {.bitmap_index = 824, .adv_w = 155, .box_w = 8, .box_h = 13, .ofs_x = 1, .ofs_y = 0},
    {.bitmap_index = 837, .adv_w = 81, .box_w = 4, .box_h = 13, .ofs_x = 1, .ofs_y = 0},
    {.bitmap_index = 844, .adv_w = 247, .box_w = 14, .box_h = 9, .ofs_x = 1, .ofs_y = 0},
    {.bitmap_index = 860, .adv_w = 166, .box_w = 8, .box_h = 9, .ofs_x = 1, .ofs_y = 0},
    {.bitmap_index = 869, .adv_w = 167, .box_w = 9, .box_h = 9, .ofs_x = 1, .ofs_y = 0},
    {.bitmap_index = 880, .adv_w = 168, .box_w = 9, .box_h = 13, .ofs_x = 1, .ofs_y = -4},
    {.bitmap_index = 895, .adv_w = 168, .box_w = 10, .box_h = 13, .ofs_x = 1, .ofs_y = -4},
    {.bitmap_index = 912, .adv_w = 103, .box_w = 5, .box_h = 9, .ofs_x = 1, .ofs_y = 0},
    {.bitmap_index = 918, .adv_w = 134, .box_w = 7, .box_h = 9, .ofs_x = 1, .ofs_y = 0},
    {.bitmap_index = 926, .adv_w = 103, .box_w = 7, .box_h = 12, .ofs_x = 0, .ofs_y = 0},
    {.bitmap_index = 937, .adv_w = 166, .box_w = 8, .box_h = 9, .ofs_x = 1, .ofs_y = 0},
    {.bitmap_index = 946, .adv_w = 166, .box_w = 9, .box_h = 9, .ofs_x = 1, .ofs_y = 0},
    {.bitmap_index = 957, .adv_w = 215, .box_w = 12, .box_h = 9, .ofs_x = 1, .ofs_y = 0},
    {.bitmap_index = 971, .adv_w = 156, .box_w = 8, .box_h = 9, .ofs_x = 1, .ofs_y = 0},
    {.bitmap_index = 980, .adv_w = 172, .box_w = 10, .box_h = 13, .ofs_x = 0, .ofs_y = -4},
    {.bitmap_index = 997, .adv_w = 140, .box_w = 7, .box_h = 9, .ofs_x = 1, .ofs_y = 0},
    {.bitmap_index = 1005, .adv_w = 88, .box_w = 5, .box_h = 14, .ofs_x = 1, .ofs_y = -1},
    {.bitmap_index = 1014, .adv_w = 56, .box_w = 2, .box_h = 16, .ofs_x = 1, .ofs_y = -2},
    {.bitmap_index = 1018, .adv_w = 88, .box_w = 5, .box_h = 14, .ofs_x = 0, .ofs_y = -1},
    {.bitmap_index = 1027, .adv_w = 162, .box_w = 9, .box_h = 3, .ofs_x = 1, .ofs_y = 4},
    {.bitmap_index = 1031, .adv_w = 66, .box_w = 1, .box_h = 1, .ofs_x = 0, .ofs_y = 0},
    {.bitmap_index = 1032, .adv_w = 58, .box_w = 2, .box_h = 11, .ofs_x = 1, .ofs_y = -2},
    {.bitmap_index = 1035, .adv_w = 142, .box_w = 8, .box_h = 12, .ofs_x = 1, .ofs_y = -1},
    {.bitmap_index = 1047, .adv_w = 143, .box_w = 7, .box_h = 12, .ofs_x = 1, .ofs_y = 0},
    {.bitmap_index = 1058, .adv_w = 165, .box_w = 9, .box_h = 8, .ofs_x = 1, .ofs_y = 2},
    {.bitmap_index = 1067, .adv_w = 189, .box_w = 9, .box_h = 12, .ofs_x = 1, .ofs_y = 0},
    {.bitmap_index = 1081, .adv_w = 56, .box_w = 2, .box_h = 16, .ofs_x = 1, .ofs_y = -2},
    {.bitmap_index = 1085, .adv_w = 160, .box_w = 8, .box_h = 14, .ofs_x = 1, .ofs_y = 0},
    {.bitmap_index = 1099, .adv_w = 105, .box_w = 5, .box_h = 1, .ofs_x = 1, .ofs_y = 11},
    {.bitmap_index = 1100, .adv_w = 216, .box_w = 12, .box_h = 12, .ofs_x = 1, .ofs_y = 0},
    {.bitmap_index = 1118, .adv_w = 99, .box_w = 5, .box_h = 5, .ofs_x = 1, .ofs_y = 7},
    {.bitmap_index = 1122, .adv_w = 179, .box_w = 9, .box_h = 8, .ofs_x = 1, .ofs_y = 1},
    {.bitmap_index = 1131, .adv_w = 151, .box_w = 9, .box_h = 4, .ofs_x = 0, .ofs_y = 3},
    {.bitmap_index = 1136, .adv_w = 135, .box_w = 7, .box_h = 1, .ofs_x = 1, .ofs_y = 5},
    {.bitmap_index = 1137, .adv_w = 216, .box_w = 12, .box_h = 12, .ofs_x = 1, .ofs_y = 0},
    {.bitmap_index = 1155, .adv_w = 105, .box_w = 5, .box_h = 1, .ofs_x = 1, .ofs_y = 11},
    {.bitmap_index = 1156, .adv_w = 90, .box_w = 4, .box_h = 4, .ofs_x = 1, .ofs_y = 9},
    {.bitmap_index = 1158, .adv_w = 136, .box_w = 7, .box_h = 9, .ofs_x = 1, .ofs_y = 0},
    {.bitmap_index = 1166, .adv_w = 87, .box_w = 3, .box_h = 5, .ofs_x = 1, .ofs_y = 7},
    {.bitmap_index = 1168, .adv_w = 88, .box_w = 4, .box_h = 5, .ofs_x = 0, .ofs_y = 7},
    {.bitmap_index = 1171, .adv_w = 75, .box_w = 3, .box_h = 3, .ofs_x = 1, .ofs_y = 10},
    {.bitmap_index = 1173, .adv_w = 168, .box_w = 8, .box_h = 11, .ofs_x = 1, .ofs_y = -2},
    {.bitmap_index = 1184, .adv_w = 182, .box_w = 10, .box_h = 14, .ofs_x = 0, .ofs_y = -1},
    {.bitmap_index = 1202, .adv_w = 52, .box_w = 2, .box_h = 1, .ofs_x = 1, .ofs_y = 5},
    {.bitmap_index = 1203, .adv_w = 84, .box_w = 5, .box_h = 4, .ofs_x = 0, .ofs_y = -4},
    {.bitmap_index = 1206, .adv_w = 58, .box_w = 2, .box_h = 5, .ofs_x = 1, .ofs_y = 7},
    {.bitmap_index = 1208, .adv_w = 105, .box_w = 5, .box_h = 5, .ofs_x = 1, .ofs_y = 7},
    {.bitmap_index = 1212, .adv_w = 179, .box_w = 9, .box_h = 8, .ofs_x = 1, .ofs_y = 1},
    {.bitmap_index = 1221, .adv_w = 185, .box_w = 11, .box_h = 12, .ofs_x = 1, .ofs_y = 0},
    {.bitmap_index = 1238, .adv_w = 187, .box_w = 10, .box_h = 12, .ofs_x = 1, .ofs_y = 0},
    {.bitmap_index = 1253, .adv_w = 190, .box_w = 11, .box_h = 12, .ofs_x = 0, .ofs_y = 0},
    {.bitmap_index = 1270, .adv_w = 143, .box_w = 8, .box_h = 13, .ofs_x = 1, .ofs_y = -4},
    {.bitmap_index = 1283, .adv_w = 202, .box_w = 11, .box_h = 16, .ofs_x = 1, .ofs_y = 0},
    {.bitmap_index = 1305, .adv_w = 202, .box_w = 11, .box_h = 16, .ofs_x = 1, .ofs_y = 0},
    {.bitmap_index = 1327, .adv_w = 202, .box_w = 11, .box_h = 16, .ofs_x = 1, .ofs_y = 0},
    {.bitmap_index = 1349, .adv_w = 202, .box_w = 12, .box_h = 15, .ofs_x = 0, .ofs_y = 0},
    {.bitmap_index = 1372, .adv_w = 202, .box_w = 11, .box_h = 15, .ofs_x = 1, .ofs_y = 0},
    {.bitmap_index = 1393, .adv_w = 202, .box_w = 10, .box_h = 15, .ofs_x = 1, .ofs_y = 0},
    {.bitmap_index = 1412, .adv_w = 243, .box_w = 14, .box_h = 12, .ofs_x = 0, .ofs_y = 0},
    {.bitmap_index = 1433, .adv_w = 172, .box_w = 9, .box_h = 16, .ofs_x = 1, .ofs_y = -4},
    {.bitmap_index = 1451, .adv_w = 158, .box_w = 8, .box_h = 16, .ofs_x = 1, .ofs_y = 0},
    {.bitmap_index = 1467, .adv_w = 158, .box_w = 8, .box_h = 16, .ofs_x = 1, .ofs_y = 0},
    {.bitmap_index = 1483, .adv_w = 158, .box_w = 8, .box_h = 16, .ofs_x = 1, .ofs_y = 0},
    {.bitmap_index = 1499, .adv_w = 158, .box_w = 8, .box_h = 15, .ofs_x = 1, .ofs_y = 0},
    {.bitmap_index = 1514, .adv_w = 68, .box_w = 3, .box_h = 16, .ofs_x = 0, .ofs_y = 0},
    {.bitmap_index = 1520, .adv_w = 68, .box_w = 3, .box_h = 16, .ofs_x = 1, .ofs_y = 0},
    {.bitmap_index = 1526, .adv_w = 68, .box_w = 6, .box_h = 16, .ofs_x = -1, .ofs_y = 0},
    {.bitmap_index = 1538, .adv_w = 68, .box_w = 5, .box_h = 15, .ofs_x = 0, .ofs_y = 0},
    {.bitmap_index = 1548, .adv_w = 198, .box_w = 11, .box_h = 12, .ofs_x = 1, .ofs_y = 0},
    {.bitmap_index = 1565, .adv_w = 192, .box_w = 10, .box_h = 15, .ofs_x = 1, .ofs_y = 0},
    {.bitmap_index = 1584, .adv_w = 201, .box_w = 11, .box_h = 16, .ofs_x = 1, .ofs_y = 0},
    {.bitmap_index = 1606, .adv_w = 201, .box_w = 11, .box_h = 16, .ofs_x = 1, .ofs_y = 0},
    {.bitmap_index = 1628, .adv_w = 201, .box_w = 11, .box_h = 16, .ofs_x = 1, .ofs_y = 0},
    {.bitmap_index = 1650, .adv_w = 201, .box_w = 11, .box_h = 15, .ofs_x = 1, .ofs_y = 0},
    {.bitmap_index = 1671, .adv_w = 201, .box_w = 11, .box_h = 15, .ofs_x = 1, .ofs_y = 0},
    {.bitmap_index = 1692, .adv_w = 119, .box_w = 6, .box_h = 6, .ofs_x = 1, .ofs_y = 2},
    {.bitmap_index = 1697, .adv_w = 201, .box_w = 11, .box_h = 14, .ofs_x = 1, .ofs_y = -1},
    {.bitmap_index = 1717, .adv_w = 194, .box_w = 10, .box_h = 16, .ofs_x = 1, .ofs_y = 0},
    {.bitmap_index = 1737, .adv_w = 194, .box_w = 10, .box_h = 16, .ofs_x = 1, .ofs_y = 0},
    {.bitmap_index = 1757, .adv_w = 194, .box_w = 10, .box_h = 16, .ofs_x = 1, .ofs_y = 0},
    {.bitmap_index = 1777, .adv_w = 194, .box_w = 10, .box_h = 15, .ofs_x = 1, .ofs_y = 0},
    {.bitmap_index = 1796, .adv_w = 189, .box_w = 10, .box_h = 16, .ofs_x = 1, .ofs_y = 0},
    {.bitmap_index = 1816, .adv_w = 170, .box_w = 9, .box_h = 12, .ofs_x = 1, .ofs_y = 0},
    {.bitmap_index = 1830, .adv_w = 181, .box_w = 10, .box_h = 13, .ofs_x = 1, .ofs_y = 0},
    {.bitmap_index = 1847, .adv_w = 158, .box_w = 8, .box_h = 13, .ofs_x = 1, .ofs_y = 0},
    {.bitmap_index = 1860, .adv_w = 158, .box_w = 8, .box_h = 13, .ofs_x = 1, .ofs_y = 0},
    {.bitmap_index = 1873, .adv_w = 158, .box_w = 8, .box_h = 13, .ofs_x = 1, .ofs_y = 0},
    {.bitmap_index = 1886, .adv_w = 158, .box_w = 8, .box_h = 12, .ofs_x = 1, .ofs_y = 0},
    {.bitmap_index = 1898, .adv_w = 158, .box_w = 8, .box_h = 12, .ofs_x = 1, .ofs_y = 0},
    {.bitmap_index = 1910, .adv_w = 158, .box_w = 8, .box_h = 14, .ofs_x = 1, .ofs_y = 0},
    {.bitmap_index = 1924, .adv_w = 254, .box_w = 14, .box_h = 9, .ofs_x = 1, .ofs_y = 0},
    {.bitmap_index = 1940, .adv_w = 142, .box_w = 8, .box_h = 13, .ofs_x = 1, .ofs_y = -4},
    {.bitmap_index = 1953, .adv_w = 155, .box_w = 8, .box_h = 13, .ofs_x = 1, .ofs_y = 0},
    {.bitmap_index = 1966, .adv_w = 155, .box_w = 8, .box_h = 13, .ofs_x = 1, .ofs_y = 0},
    {.bitmap_index = 1979, .adv_w = 155, .box_w = 8, .box_h = 13, .ofs_x = 1, .ofs_y = 0},
    {.bitmap_index = 1992, .adv_w = 155, .box_w = 8, .box_h = 12, .ofs_x = 1, .ofs_y = 0},
    {.bitmap_index = 2004, .adv_w = 89, .box_w = 3, .box_h = 13, .ofs_x = 1, .ofs_y = 0},
    {.bitmap_index = 2009, .adv_w = 89, .box_w = 4, .box_h = 13, .ofs_x = 1, .ofs_y = 0},
    {.bitmap_index = 2016, .adv_w = 89, .box_w = 6, .box_h = 13, .ofs_x = 0, .ofs_y = 0},
    {.bitmap_index = 2026, .adv_w = 94, .box_w = 5, .box_h = 12, .ofs_x = 1, .ofs_y = 0},
    {.bitmap_index = 2034, .adv_w = 165, .box_w = 9, .box_h = 12, .ofs_x = 1, .ofs_y = 0},
    {.bitmap_index = 2048, .adv_w = 166, .box_w = 8, .box_h = 12, .ofs_x = 1, .ofs_y = 0},
    {.bitmap_index = 2060, .adv_w = 167, .box_w = 9, .box_h = 13, .ofs_x = 1, .ofs_y = 0},
    {.bitmap_index = 2075, .adv_w = 167, .box_w = 9, .box_h = 13, .ofs_x = 1, .ofs_y = 0},
    {.bitmap_index = 2090, .adv_w = 167, .box_w = 9, .box_h = 13, .ofs_x = 1, .ofs_y = 0},
    {.bitmap_index = 2105, .adv_w = 167, .box_w = 9, .box_h = 12, .ofs_x = 1, .ofs_y = 0},
    {.bitmap_index = 2119, .adv_w = 167, .box_w = 9, .box_h = 12, .ofs_x = 1, .ofs_y = 0},
    {.bitmap_index = 2133, .adv_w = 135, .box_w = 7, .box_h = 7, .ofs_x = 1, .ofs_y = 2},
    {.bitmap_index = 2140, .adv_w = 167, .box_w = 9, .box_h = 11, .ofs_x = 1, .ofs_y = -1},
    {.bitmap_index = 2153, .adv_w = 166, .box_w = 8, .box_h = 13, .ofs_x = 1, .ofs_y = 0},
    {.bitmap_index = 2166, .adv_w = 166, .box_w = 8, .box_h = 13, .ofs_x = 1, .ofs_y = 0},
    {.bitmap_index = 2179, .adv_w = 166, .box_w = 8, .box_h = 13, .ofs_x = 1, .ofs_y = 0},
    {.bitmap_index = 2192, .adv_w = 166, .box_w = 8, .box_h = 12, .ofs_x = 1, .ofs_y = 0},
    {.bitmap_index = 2204, .adv_w = 172, .box_w = 10, .box_h = 16, .ofs_x = 0, .ofs_y = -4},
    {.bitmap_index = 2224, .adv_w = 168, .box_w = 9, .box_h = 17, .ofs_x = 1, .ofs_y = -4},
    {.bitmap_index = 2244, .adv_w = 172, .box_w = 9, .box_h = 16, .ofs_x = 1, .ofs_y = -4},
    {.bitmap_index = 2262, .adv_w = 202, .box_w = 11, .box_h = 14, .ofs_x = 1, .ofs_y = 0},
    {.bitmap_index = 2282, .adv_w = 158, .box_w = 8, .box_h = 11, .ofs_x = 1, .ofs_y = 0},
    {.bitmap_index = 2293, .adv_w = 202, .box_w = 11, .box_h = 16, .ofs_x = 1, .ofs_y = 0},
    {.bitmap_index = 2315, .adv_w = 158, .box_w = 8, .box_h = 13, .ofs_x = 1, .ofs_y = 0},
    {.bitmap_index = 2328, .adv_w = 202, .box_w = 12, .box_h = 16, .ofs_x = 1, .ofs_y = -4},
    {.bitmap_index = 2352, .adv_w = 160, .box_w = 8, .box_h = 13, .ofs_x = 1, .ofs_y = -4},
    {.bitmap_index = 2365, .adv_w = 172, .box_w = 9, .box_h = 16, .ofs_x = 1, .ofs_y = 0},
    {.bitmap_index = 2383, .adv_w = 142, .box_w = 8, .box_h = 13, .ofs_x = 1, .ofs_y = 0},
    {.bitmap_index = 2396, .adv_w = 172, .box_w = 9, .box_h = 16, .ofs_x = 1, .ofs_y = 0},
    {.bitmap_index = 2414, .adv_w = 142, .box_w = 8, .box_h = 13, .ofs_x = 1, .ofs_y = 0},
    {.bitmap_index = 2427, .adv_w = 172, .box_w = 9, .box_h = 15, .ofs_x = 1, .ofs_y = 0},
    {.bitmap_index = 2444, .adv_w = 142, .box_w = 8, .box_h = 12, .ofs_x = 1, .ofs_y = 0},
    {.bitmap_index = 2456, .adv_w = 172, .box_w = 9, .box_h = 16, .ofs_x = 1, .ofs_y = 0},
    {.bitmap_index = 2474, .adv_w = 142, .box_w = 8, .box_h = 13, .ofs_x = 1, .ofs_y = 0},
    {.bitmap_index = 2487, .adv_w = 187, .box_w = 10, .box_h = 16, .ofs_x = 1, .ofs_y = 0},
    {.bitmap_index = 2507, .adv_w = 200, .box_w = 12, .box_h = 13, .ofs_x = 1, .ofs_y = 0},
    {.bitmap_index = 2527, .adv_w = 196, .box_w = 11, .box_h = 12, .ofs_x = 1, .ofs_y = 0},
    {.bitmap_index = 2544, .adv_w = 168, .box_w = 10, .box_h = 13, .ofs_x = 1, .ofs_y = 0},
    {.bitmap_index = 2561, .adv_w = 158, .box_w = 8, .box_h = 15, .ofs_x = 1, .ofs_y = 0},
    {.bitmap_index = 2576, .adv_w = 155, .box_w = 8, .box_h = 12, .ofs_x = 1, .ofs_y = 0},
    {.bitmap_index = 2588, .adv_w = 158, .box_w = 8, .box_h = 16, .ofs_x = 1, .ofs_y = 0},
    {.bitmap_index = 2604, .adv_w = 155, .box_w = 8, .box_h = 13, .ofs_x = 1, .ofs_y = 0},
    {.bitmap_index = 2617, .adv_w = 158, .box_w = 8, .box_h = 15, .ofs_x = 1, .ofs_y = 0},
    {.bitmap_index = 2632, .adv_w = 155, .box_w = 8, .box_h = 12, .ofs_x = 1, .ofs_y = 0},
    {.bitmap_index = 2644, .adv_w = 158, .box_w = 8, .box_h = 16, .ofs_x = 1, .ofs_y = -4},
    {.bitmap_index = 2660, .adv_w = 155, .box_w = 8, .box_h = 13, .ofs_x = 1, .ofs_y = -4},
    {.bitmap_index = 2673, .adv_w = 158, .box_w = 8, .box_h = 16, .ofs_x = 1, .ofs_y = 0},
    {.bitmap_index = 2689, .adv_w = 155, .box_w = 8, .box_h = 13, .ofs_x = 1, .ofs_y = 0},
    {.bitmap_index = 2702, .adv_w = 185, .box_w = 10, .box_h = 16, .ofs_x = 1, .ofs_y = 0},
    {.bitmap_index = 2722, .adv_w = 160, .box_w = 9, .box_h = 17, .ofs_x = 1, .ofs_y = -4},
    {.bitmap_index = 2742, .adv_w = 185, .box_w = 10, .box_h = 16, .ofs_x = 1, .ofs_y = 0},
    {.bitmap_index = 2762, .adv_w = 160, .box_w = 9, .box_h = 17, .ofs_x = 1, .ofs_y = -4},
    {.bitmap_index = 2782, .adv_w = 185, .box_w = 10, .box_h = 15, .ofs_x = 1, .ofs_y = 0},
    {.bitmap_index = 2801, .adv_w = 160, .box_w = 9, .box_h = 16, .ofs_x = 1, .ofs_y = -4},
    {.bitmap_index = 2819, .adv_w = 185, .box_w = 10, .box_h = 16, .ofs_x = 1, .ofs_y = -4},
    {.bitmap_index = 2839, .adv_w = 160, .box_w = 9, .box_h = 16, .ofs_x = 1, .ofs_y = -4},
    {.bitmap_index = 2857, .adv_w = 188, .box_w = 10, .box_h = 16, .ofs_x = 1, .ofs_y = 0},
    {.bitmap_index = 2877, .adv_w = 166, .box_w = 8, .box_h = 16, .ofs_x = 1, .ofs_y = 0},
    {.bitmap_index = 2893, .adv_w = 188, .box_w = 11, .box_h = 12, .ofs_x = 1, .ofs_y = 0},
    {.bitmap_index = 2910, .adv_w = 169, .box_w = 9, .box_h = 13, .ofs_x = 1, .ofs_y = 0},
    {.bitmap_index = 2925, .adv_w = 68, .box_w = 6, .box_h = 15, .ofs_x = -1, .ofs_y = 0},
    {.bitmap_index = 2937, .adv_w = 89, .box_w = 6, .box_h = 12, .ofs_x = 0, .ofs_y = 0},
    {.bitmap_index = 2946, .adv_w = 68, .box_w = 5, .box_h = 15, .ofs_x = 0, .ofs_y = 0},
    {.bitmap_index = 2956, .adv_w = 89, .box_w = 5, .box_h = 12, .ofs_x = 1, .ofs_y = 0},
    {.bitmap_index = 2964, .adv_w = 68, .box_w = 5, .box_h = 16, .ofs_x = 0, .ofs_y = 0},
    {.bitmap_index = 2974, .adv_w = 89, .box_w = 5, .box_h = 13, .ofs_x = 1, .ofs_y = 0},
    {.bitmap_index = 2983, .adv_w = 68, .box_w = 3, .box_h = 16, .ofs_x = 1, .ofs_y = -4},
    {.bitmap_index = 2989, .adv_w = 82, .box_w = 3, .box_h = 17, .ofs_x = 1, .ofs_y = -4},
    {.bitmap_index = 2996, .adv_w = 68, .box_w = 2, .box_h = 15, .ofs_x = 1, .ofs_y = 0},
    {.bitmap_index = 3000, .adv_w = 82, .box_w = 3, .box_h = 9, .ofs_x = 1, .ofs_y = 0},
    {.bitmap_index = 3004, .adv_w = 187, .box_w = 10, .box_h = 12, .ofs_x = 1, .ofs_y = 0},
    {.bitmap_index = 3019, .adv_w = 150, .box_w = 7, .box_h = 17, .ofs_x = 1, .ofs_y = -4},
    {.bitmap_index = 3034, .adv_w = 124, .box_w = 9, .box_h = 16, .ofs_x = 0, .ofs_y = 0},
    {.bitmap_index = 3052, .adv_w = 88, .box_w = 7, .box_h = 16, .ofs_x = -1, .ofs_y = -3},
    {.bitmap_index = 3066, .adv_w = 180, .box_w = 9, .box_h = 16, .ofs_x = 1, .ofs_y = -4},
    {.bitmap_index = 3084, .adv_w = 158, .box_w = 8, .box_h = 17, .ofs_x = 1, .ofs_y = -4},
    {.bitmap_index = 3101, .adv_w = 158, .box_w = 8, .box_h = 9, .ofs_x = 1, .ofs_y = 0},
    {.bitmap_index = 3110, .adv_w = 151, .box_w = 8, .box_h = 16, .ofs_x = 1, .ofs_y = 0},
    {.bitmap_index = 3126, .adv_w = 81, .box_w = 4, .box_h = 17, .ofs_x = 1, .ofs_y = 0},
    {.bitmap_index = 3135, .adv_w = 151, .box_w = 8, .box_h = 16, .ofs_x = 1, .ofs_y = -4},
    {.bitmap_index = 3151, .adv_w = 81, .box_w = 4, .box_h = 17, .ofs_x = 1, .ofs_y = -4},
    {.bitmap_index = 3160, .adv_w = 151, .box_w = 8, .box_h = 12, .ofs_x = 1, .ofs_y = 0},
    {.bitmap_index = 3172, .adv_w = 100, .box_w = 5, .box_h = 13, .ofs_x = 1, .ofs_y = 0},
    {.bitmap_index = 3181, .adv_w = 151, .box_w = 8, .box_h = 12, .ofs_x = 1, .ofs_y = 0},
    {.bitmap_index = 3193, .adv_w = 94, .box_w = 5, .box_h = 13, .ofs_x = 1, .ofs_y = 0},
    {.bitmap_index = 3202, .adv_w = 151, .box_w = 10, .box_h = 12, .ofs_x = -1, .ofs_y = 0},
    {.bitmap_index = 3217, .adv_w = 81, .box_w = 6, .box_h = 13, .ofs_x = -1, .ofs_y = 0},
    {.bitmap_index = 3227, .adv_w = 192, .box_w = 10, .box_h = 16, .ofs_x = 1, .ofs_y = 0},
    {.bitmap_index = 3247, .adv_w = 166, .box_w = 8, .box_h = 13, .ofs_x = 1, .ofs_y = 0},
    {.bitmap_index = 3260, .adv_w = 192, .box_w = 10, .box_h = 16, .ofs_x = 1, .ofs_y = -4},
    {.bitmap_index = 3280, .adv_w = 166, .box_w = 8, .box_h = 13, .ofs_x = 1, .ofs_y = -4},
    {.bitmap_index = 3293, .adv_w = 192, .box_w = 10, .box_h = 16, .ofs_x = 1, .ofs_y = 0},
    {.bitmap_index = 3313, .adv_w = 166, .box_w = 8, .box_h = 13, .ofs_x = 1, .ofs_y = 0},
    {.bitmap_index = 3326, .adv_w = 183, .box_w = 10, .box_h = 12, .ofs_x = 0, .ofs_y = 0},
    {.bitmap_index = 3341, .adv_w = 192, .box_w = 10, .box_h = 16, .ofs_x = 1, .ofs_y = -4},
    {.bitmap_index = 3361, .adv_w = 166, .box_w = 8, .box_h = 13, .ofs_x = 1, .ofs_y = -4},
    {.bitmap_index = 3374, .adv_w = 201, .box_w = 11, .box_h = 15, .ofs_x = 1, .ofs_y = 0},
    {.bitmap_index = 3395, .adv_w = 167, .box_w = 9, .box_h = 12, .ofs_x = 1, .ofs_y = 0},
    {.bitmap_index = 3409, .adv_w = 201, .box_w = 11, .box_h = 16, .ofs_x = 1, .ofs_y = 0},
    {.bitmap_index = 3431, .adv_w = 167, .box_w = 9, .box_h = 13, .ofs_x = 1, .ofs_y = 0},
    {.bitmap_index = 3446, .adv_w = 201, .box_w = 11, .box_h = 16, .ofs_x = 1, .ofs_y = 0},
    {.bitmap_index = 3468, .adv_w = 167, .box_w = 9, .box_h = 13, .ofs_x = 1, .ofs_y = 0},
    {.bitmap_index = 3483, .adv_w = 299, .box_w = 17, .box_h = 12, .ofs_x = 1, .ofs_y = 0},
    {.bitmap_index = 3509, .adv_w = 267, .box_w = 15, .box_h = 9, .ofs_x = 1, .ofs_y = 0},
    {.bitmap_index = 3526, .adv_w = 176, .box_w = 9, .box_h = 16, .ofs_x = 1, .ofs_y = 0},
    {.bitmap_index = 3544, .adv_w = 106, .box_w = 5, .box_h = 13, .ofs_x = 1, .ofs_y = 0},
    {.bitmap_index = 3553, .adv_w = 176, .box_w = 9, .box_h = 16, .ofs_x = 1, .ofs_y = -4},
    {.bitmap_index = 3571, .adv_w = 106, .box_w = 5, .box_h = 13, .ofs_x = 1, .ofs_y = -4},
    {.bitmap_index = 3580, .adv_w = 176, .box_w = 9, .box_h = 16, .ofs_x = 1, .ofs_y = 0},
    {.bitmap_index = 3598, .adv_w = 106, .box_w = 6, .box_h = 13, .ofs_x = 0, .ofs_y = 0},
    {.bitmap_index = 3608, .adv_w = 160, .box_w = 8, .box_h = 16, .ofs_x = 1, .ofs_y = 0},
    {.bitmap_index = 3624, .adv_w = 134, .box_w = 7, .box_h = 13, .ofs_x = 1, .ofs_y = 0},
    {.bitmap_index = 3636, .adv_w = 160, .box_w = 8, .box_h = 16, .ofs_x = 1, .ofs_y = 0},
    {.bitmap_index = 3652, .adv_w = 134, .box_w = 7, .box_h = 13, .ofs_x = 1, .ofs_y = 0},
    {.bitmap_index = 3664, .adv_w = 160, .box_w = 8, .box_h = 16, .ofs_x = 1, .ofs_y = -4},
    {.bitmap_index = 3680, .adv_w = 134, .box_w = 7, .box_h = 13, .ofs_x = 1, .ofs_y = -4},
    {.bitmap_index = 3692, .adv_w = 160, .box_w = 8, .box_h = 16, .ofs_x = 1, .ofs_y = 0},
    {.bitmap_index = 3708, .adv_w = 134, .box_w = 7, .box_h = 13, .ofs_x = 1, .ofs_y = 0},
    {.bitmap_index = 3720, .adv_w = 164, .box_w = 9, .box_h = 16, .ofs_x = 1, .ofs_y = -4},
    {.bitmap_index = 3738, .adv_w = 108, .box_w = 7, .box_h = 16, .ofs_x = 0, .ofs_y = -4},
    {.bitmap_index = 3752, .adv_w = 164, .box_w = 9, .box_h = 16, .ofs_x = 1, .ofs_y = 0},
    {.bitmap_index = 3770, .adv_w = 107, .box_w = 8, .box_h = 14, .ofs_x = 0, .ofs_y = 0},
    {.bitmap_index = 3784, .adv_w = 164, .box_w = 9, .box_h = 12, .ofs_x = 1, .ofs_y = 0},
    {.bitmap_index = 3798, .adv_w = 106, .box_w = 5, .box_h = 12, .ofs_x = 1, .ofs_y = 0},
    {.bitmap_index = 3806, .adv_w = 194, .box_w = 10, .box_h = 15, .ofs_x = 1, .ofs_y = 0},
    {.bitmap_index = 3825, .adv_w = 166, .box_w = 8, .box_h = 12, .ofs_x = 1, .ofs_y = 0},
    {.bitmap_index = 3837, .adv_w = 194, .box_w = 10, .box_h = 15, .ofs_x = 1, .ofs_y = 0},
    {.bitmap_index = 3856, .adv_w = 166, .box_w = 8, .box_h = 12, .ofs_x = 1, .ofs_y = 0},
    {.bitmap_index = 3868, .adv_w = 194, .box_w = 10, .box_h = 16, .ofs_x = 1, .ofs_y = 0},
    {.bitmap_index = 3888, .adv_w = 166, .box_w = 8, .box_h = 13, .ofs_x = 1, .ofs_y = 0},
    {.bitmap_index = 3901, .adv_w = 194, .box_w = 10, .box_h = 17, .ofs_x = 1, .ofs_y = 0},
    {.bitmap_index = 3923, .adv_w = 166, .box_w = 8, .box_h = 14, .ofs_x = 1, .ofs_y = 0},
    {.bitmap_index = 3937, .adv_w = 194, .box_w = 10, .box_h = 16, .ofs_x = 1, .ofs_y = 0},
    {.bitmap_index = 3957, .adv_w = 166, .box_w = 8, .box_h = 13, .ofs_x = 1, .ofs_y = 0},
    {.bitmap_index = 3970, .adv_w = 194, .box_w = 10, .box_h = 16, .ofs_x = 1, .ofs_y = -4},
    {.bitmap_index = 3990, .adv_w = 167, .box_w = 8, .box_h = 13, .ofs_x = 1, .ofs_y = -4},
    {.bitmap_index = 4003, .adv_w = 250, .box_w = 14, .box_h = 16, .ofs_x = 1, .ofs_y = 0},
    {.bitmap_index = 4031, .adv_w = 215, .box_w = 12, .box_h = 13, .ofs_x = 1, .ofs_y = 0},
    {.bitmap_index = 4051, .adv_w = 189, .box_w = 10, .box_h = 16, .ofs_x = 1, .ofs_y = 0},
    {.bitmap_index = 4071, .adv_w = 172, .box_w = 10, .box_h = 17, .ofs_x = 0, .ofs_y = -4},
    {.bitmap_index = 4093, .adv_w = 189, .box_w = 11, .box_h = 15, .ofs_x = 0, .ofs_y = 0},
    {.bitmap_index = 4114, .adv_w = 166, .box_w = 9, .box_h = 16, .ofs_x = 1, .ofs_y = 0},
    {.bitmap_index = 4132, .adv_w = 140, .box_w = 7, .box_h = 13, .ofs_x = 1, .ofs_y = 0},
    {.bitmap_index = 4144, .adv_w = 166, .box_w = 9, .box_h = 15, .ofs_x = 1, .ofs_y = 0},
    {.bitmap_index = 4161, .adv_w = 140, .box_w = 7, .box_h = 12, .ofs_x = 1, .ofs_y = 0},
    {.bitmap_index = 4172, .adv_w = 166, .box_w = 9, .box_h = 16, .ofs_x = 1, .ofs_y = 0},
    {.bitmap_index = 4190, .adv_w = 140, .box_w = 7, .box_h = 13, .ofs_x = 1, .ofs_y = 0},
    {.bitmap_index = 4202, .adv_w = 194, .box_w = 11, .box_h = 12, .ofs_x = 1, .ofs_y = 0},
    {.bitmap_index = 4219, .adv_w = 149, .box_w = 10, .box_h = 14, .ofs_x = -1, .ofs_y = -1},
    {.bitmap_index = 4237, .adv_w = 222, .box_w = 13, .box_h = 13, .ofs_x = 1, .ofs_y = 0},
    {.bitmap_index = 4259, .adv_w = 195, .box_w = 11, .box_h = 10, .ofs_x = 1, .ofs_y = 0},
    {.bitmap_index = 4273, .adv_w = 225, .box_w = 14, .box_h = 13, .ofs_x = 1, .ofs_y = 0},
    {.bitmap_index = 4296, .adv_w = 202, .box_w = 11, .box_h = 10, .ofs_x = 1, .ofs_y = 0},
    {.bitmap_index = 4310, .adv_w = 202, .box_w = 11, .box_h = 16, .ofs_x = 1, .ofs_y = 0},
    {.bitmap_index = 4332, .adv_w = 158, .box_w = 8, .box_h = 13, .ofs_x = 1, .ofs_y = 0},
    {.bitmap_index = 4345, .adv_w = 68, .box_w = 6, .box_h = 16, .ofs_x = -1, .ofs_y = 0},
    {.bitmap_index = 4357, .adv_w = 89, .box_w = 6, .box_h = 13, .ofs_x = 0, .ofs_y = 0},
    {.bitmap_index = 4367, .adv_w = 201, .box_w = 11, .box_h = 16, .ofs_x = 1, .ofs_y = 0},
    {.bitmap_index = 4389, .adv_w = 167, .box_w = 9, .box_h = 13, .ofs_x = 1, .ofs_y = 0},
    {.bitmap_index = 4404, .adv_w = 194, .box_w = 10, .box_h = 16, .ofs_x = 1, .ofs_y = 0},
    {.bitmap_index = 4424, .adv_w = 166, .box_w = 8, .box_h = 13, .ofs_x = 1, .ofs_y = 0},
    {.bitmap_index = 4437, .adv_w = 194, .box_w = 10, .box_h = 17, .ofs_x = 1, .ofs_y = 0},
    {.bitmap_index = 4459, .adv_w = 166, .box_w = 8, .box_h = 14, .ofs_x = 1, .ofs_y = 0},
    {.bitmap_index = 4473, .adv_w = 194, .box_w = 10, .box_h = 16, .ofs_x = 1, .ofs_y = 0},
    {.bitmap_index = 4493, .adv_w = 166, .box_w = 8, .box_h = 13, .ofs_x = 1, .ofs_y = 0},
    {.bitmap_index = 4506, .adv_w = 194, .box_w = 10, .box_h = 17, .ofs_x = 1, .ofs_y = 0},
    {.bitmap_index = 4528, .adv_w = 166, .box_w = 8, .box_h = 14, .ofs_x = 1, .ofs_y = 0},
    {.bitmap_index = 4542, .adv_w = 194, .box_w = 10, .box_h = 16, .ofs_x = 1, .ofs_y = 0},
    {.bitmap_index = 4562, .adv_w = 166, .box_w = 8, .box_h = 13, .ofs_x = 1, .ofs_y = 0},
    {.bitmap_index = 4575, .adv_w = 185, .box_w = 10, .box_h = 16, .ofs_x = 1, .ofs_y = 0},
    {.bitmap_index = 4595, .adv_w = 160, .box_w = 9, .box_h = 17, .ofs_x = 1, .ofs_y = -4},
    {.bitmap_index = 4615, .adv_w = 202, .box_w = 10, .box_h = 19, .ofs_x = 1, .ofs_y = 0},
    {.bitmap_index = 4639, .adv_w = 158, .box_w = 8, .box_h = 17, .ofs_x = 1, .ofs_y = 0},
    {.bitmap_index = 4656, .adv_w = 243, .box_w = 14, .box_h = 16, .ofs_x = 0, .ofs_y = 0},
    {.bitmap_index = 4684, .adv_w = 254, .box_w = 14, .box_h = 13, .ofs_x = 1, .ofs_y = 0},
    {.bitmap_index = 4707, .adv_w = 201, .box_w = 11, .box_h = 17, .ofs_x = 1, .ofs_y = -1},
    {.bitmap_index = 4731, .adv_w = 167, .box_w = 9, .box_h = 14, .ofs_x = 1, .ofs_y = -1},
    {.bitmap_index = 4747, .adv_w = 160, .box_w = 8, .box_h = 16, .ofs_x = 1, .ofs_y = -4},
    {.bitmap_index = 4763, .adv_w = 134, .box_w = 7, .box_h = 13, .ofs_x = 1, .ofs_y = -4},
    {.bitmap_index = 4775, .adv_w = 164, .box_w = 9, .box_h = 16, .ofs_x = 1, .ofs_y = -4},
    {.bitmap_index = 4793, .adv_w = 105, .box_w = 7, .box_h = 16, .ofs_x = 0, .ofs_y = -4},
    {.bitmap_index = 4807, .adv_w = 88, .box_w = 5, .box_h = 12, .ofs_x = -1, .ofs_y = -3},
    {.bitmap_index = 4815, .adv_w = 168, .box_w = 9, .box_h = 9, .ofs_x = 1, .ofs_y = 0},
    {.bitmap_index = 4826, .adv_w = 155, .box_w = 8, .box_h = 9, .ofs_x = 1, .ofs_y = 0},
    {.bitmap_index = 4835, .adv_w = 68, .box_w = 2, .box_h = 3, .ofs_x = 1, .ofs_y = 9},
    {.bitmap_index = 4836, .adv_w = 68, .box_w = 2, .box_h = 3, .ofs_x = 1, .ofs_y = 9},
    {.bitmap_index = 4837, .adv_w = 0, .box_w = 3, .box_h = 5, .ofs_x = -7, .ofs_y = 9},
    {.bitmap_index = 4839, .adv_w = 0, .box_w = 3, .box_h = 5, .ofs_x = -7, .ofs_y = 9},
    {.bitmap_index = 4841, .adv_w = 99, .box_w = 6, .box_h = 3, .ofs_x = 0, .ofs_y = 10},
    {.bitmap_index = 4844, .adv_w = 99, .box_w = 6, .box_h = 3, .ofs_x = 0, .ofs_y = 10},
    {.bitmap_index = 4847, .adv_w = 0, .box_w = 2, .box_h = 3, .ofs_x = -1, .ofs_y = 9},
    {.bitmap_index = 4848, .adv_w = 0, .box_w = 5, .box_h = 1, .ofs_x = 2, .ofs_y = 11},
    {.bitmap_index = 4849, .adv_w = 0, .box_w = 3, .box_h = 3, .ofs_x = -2, .ofs_y = 10},
    {.bitmap_index = 4851, .adv_w = 0, .box_w = 3, .box_h = 3, .ofs_x = -2, .ofs_y = 10},
    {.bitmap_index = 4853, .adv_w = 0, .box_w = 2, .box_h = 3, .ofs_x = -1, .ofs_y = -4},
    {.bitmap_index = 4854, .adv_w = 89, .box_w = 5, .box_h = 3, .ofs_x = 1, .ofs_y = 10},
    {.bitmap_index = 4856, .adv_w = 42, .box_w = 2, .box_h = 1, .ofs_x = 1, .ofs_y = 11},
    {.bitmap_index = 4857, .adv_w = 84, .box_w = 4, .box_h = 4, .ofs_x = 1, .ofs_y = 10},
    {.bitmap_index = 4859, .adv_w = 68, .box_w = 4, .box_h = 4, .ofs_x = 1, .ofs_y = -4},
    {.bitmap_index = 4861, .adv_w = 107, .box_w = 6, .box_h = 2, .ofs_x = 1, .ofs_y = 11},
    {.bitmap_index = 4863, .adv_w = 117, .box_w = 7, .box_h = 3, .ofs_x = 0, .ofs_y = 10},
    {.bitmap_index = 4866, .adv_w = 0, .box_w = 3, .box_h = 3, .ofs_x = -8, .ofs_y = 10},
    {.bitmap_index = 4868, .adv_w = 0, .box_w = 3, .box_h = 3, .ofs_x = -7, .ofs_y = 10},
    {.bitmap_index = 4870, .adv_w = 0, .box_w = 5, .box_h = 3, .ofs_x = -3, .ofs_y = 10},
    {.bitmap_index = 4872, .adv_w = 0, .box_w = 6, .box_h = 2, .ofs_x = -9, .ofs_y = 11},
    {.bitmap_index = 4874, .adv_w = 0, .box_w = 5, .box_h = 1, .ofs_x = -3, .ofs_y = 11},
    {.bitmap_index = 4875, .adv_w = 0, .box_w = 5, .box_h = 3, .ofs_x = -3, .ofs_y = 10},
    {.bitmap_index = 4877, .adv_w = 0, .box_w = 2, .box_h = 1, .ofs_x = -1, .ofs_y = 11},
    {.bitmap_index = 4878, .adv_w = 0, .box_w = 5, .box_h = 1, .ofs_x = -3, .ofs_y = 11},
    {.bitmap_index = 4879, .adv_w = 0, .box_w = 4, .box_h = 4, .ofs_x = -7, .ofs_y = 10},
    {.bitmap_index = 4881, .adv_w = 0, .box_w = 4, .box_h = 4, .ofs_x = -2, .ofs_y = 10},
    {.bitmap_index = 4883, .adv_w = 0, .box_w = 7, .box_h = 3, .ofs_x = -4, .ofs_y = 10},
    {.bitmap_index = 4886, .adv_w = 0, .box_w = 5, .box_h = 3, .ofs_x = -3, .ofs_y = 10},
    {.bitmap_index = 4888, .adv_w = 0, .box_w = 4, .box_h = 4, .ofs_x = -2, .ofs_y = 10},
    {.bitmap_index = 4890, .adv_w = 0, .box_w = 2, .box_h = 1, .ofs_x = -6, .ofs_y = -3},
    {.bitmap_index = 4891, .adv_w = 0, .box_w = 5, .box_h = 1, .ofs_x = -3, .ofs_y = -3},
    {.bitmap_index = 4892, .adv_w = 0, .box_w = 2, .box_h = 3, .ofs_x = 1, .ofs_y = -4},
    {.bitmap_index = 4893, .adv_w = 0, .box_w = 5, .box_h = 4, .ofs_x = -2, .ofs_y = -4},
    {.bitmap_index = 4896, .adv_w = 0, .box_w = 4, .box_h = 4, .ofs_x = -2, .ofs_y = -4},
    {.bitmap_index = 4898, .adv_w = 0, .box_w = 5, .box_h = 3, .ofs_x = -3, .ofs_y = -4},
    {.bitmap_index = 4900, .adv_w = 0, .box_w = 5, .box_h = 1, .ofs_x = -3, .ofs_y = -2},
    {.bitmap_index = 4901, .adv_w = 187, .box_w = 10, .box_h = 12, .ofs_x = 1, .ofs_y = 0},
    {.bitmap_index = 4916, .adv_w = 220, .box_w = 12, .box_h = 13, .ofs_x = 1, .ofs_y = 0},
    {.bitmap_index = 4936, .adv_w = 168, .box_w = 8, .box_h = 12, .ofs_x = 1, .ofs_y = -3},
    {.bitmap_index = 4948, .adv_w = 194, .box_w = 11, .box_h = 9, .ofs_x = 1, .ofs_y = 0},
    {.bitmap_index = 4961, .adv_w = 177, .box_w = 10, .box_h = 10, .ofs_x = 0, .ofs_y = 0},
    {.bitmap_index = 4974, .adv_w = 167, .box_w = 8, .box_h = 10, .ofs_x = 1, .ofs_y = 0},
    {.bitmap_index = 4984, .adv_w = 166, .box_w = 8, .box_h = 10, .ofs_x = 1, .ofs_y = 0},
    {.bitmap_index = 4994, .adv_w = 177, .box_w = 9, .box_h = 10, .ofs_x = 1, .ofs_y = 0},
    {.bitmap_index = 5006, .adv_w = 177, .box_w = 9, .box_h = 10, .ofs_x = 1, .ofs_y = 0},
    {.bitmap_index = 5018, .adv_w = 173, .box_w = 9, .box_h = 10, .ofs_x = 1, .ofs_y = 0},
    {.bitmap_index = 5030, .adv_w = 162, .box_w = 9, .box_h = 10, .ofs_x = 0, .ofs_y = 0},
    {.bitmap_index = 5042, .adv_w = 164, .box_w = 9, .box_h = 10, .ofs_x = 0, .ofs_y = 0},
    {.bitmap_index = 5054, .adv_w = 168, .box_w = 8, .box_h = 10, .ofs_x = 1, .ofs_y = 0},
    {.bitmap_index = 5064, .adv_w = 168, .box_w = 8, .box_h = 10, .ofs_x = 1, .ofs_y = 0},
    {.bitmap_index = 5074, .adv_w = 168, .box_w = 8, .box_h = 10, .ofs_x = 1, .ofs_y = 0},
    {.bitmap_index = 5084, .adv_w = 276, .box_w = 16, .box_h = 10, .ofs_x = 0, .ofs_y = 0},
    {.bitmap_index = 5104, .adv_w = 279, .box_w = 16, .box_h = 11, .ofs_x = 0, .ofs_y = -1},
    {.bitmap_index = 5126, .adv_w = 186, .box_w = 10, .box_h = 14, .ofs_x = 0, .ofs_y = -4},
    {.bitmap_index = 5144, .adv_w = 186, .box_w = 10, .box_h = 14, .ofs_x = 0, .ofs_y = -4},
    {.bitmap_index = 5162, .adv_w = 174, .box_w = 9, .box_h = 14, .ofs_x = 1, .ofs_y = -4},
    {.bitmap_index = 5178, .adv_w = 173, .box_w = 9, .box_h = 10, .ofs_x = 0, .ofs_y = 0},
    {.bitmap_index = 5190, .adv_w = 285, .box_w = 16, .box_h = 10, .ofs_x = 1, .ofs_y = 0},
    {.bitmap_index = 5210, .adv_w = 276, .box_w = 16, .box_h = 10, .ofs_x = 0, .ofs_y = 0},
    {.bitmap_index = 5230, .adv_w = 185, .box_w = 10, .box_h = 10, .ofs_x = 1, .ofs_y = 0},
    {.bitmap_index = 5243, .adv_w = 186, .box_w = 10, .box_h = 10, .ofs_x = 1, .ofs_y = 0},
    {.bitmap_index = 5256, .adv_w = 177, .box_w = 10, .box_h = 10, .ofs_x = 0, .ofs_y = 0},
    {.bitmap_index = 5269, .adv_w = 174, .box_w = 9, .box_h = 10, .ofs_x = 1, .ofs_y = 0},
    {.bitmap_index = 5281, .adv_w = 151, .box_w = 8, .box_h = 10, .ofs_x = 1, .ofs_y = 0},
    {.bitmap_index = 5291, .adv_w = 174, .box_w = 9, .box_h = 10, .ofs_x = 1, .ofs_y = 0},
    {.bitmap_index = 5303, .adv_w = 179, .box_w = 9, .box_h = 10, .ofs_x = 1, .ofs_y = 0},
    {.bitmap_index = 5315, .adv_w = 179, .box_w = 9, .box_h = 13, .ofs_x = 1, .ofs_y = 0},
    {.bitmap_index = 5330, .adv_w = 185, .box_w = 9, .box_h = 10, .ofs_x = 1, .ofs_y = 0},
    {.bitmap_index = 5342, .adv_w = 185, .box_w = 9, .box_h = 13, .ofs_x = 1, .ofs_y = 0},
    {.bitmap_index = 5357, .adv_w = 209, .box_w = 12, .box_h = 10, .ofs_x = 1, .ofs_y = 0},
    {.bitmap_index = 5372, .adv_w = 209, .box_w = 12, .box_h = 13, .ofs_x = 1, .ofs_y = 0},
    {.bitmap_index = 5392, .adv_w = 186, .box_w = 10, .box_h = 10, .ofs_x = 0, .ofs_y = 0},
    {.bitmap_index = 5405, .adv_w = 174, .box_w = 9, .box_h = 10, .ofs_x = 1, .ofs_y = 0},
    {.bitmap_index = 5417, .adv_w = 172, .box_w = 9, .box_h = 10, .ofs_x = 1, .ofs_y = 0},
    {.bitmap_index = 5429, .adv_w = 145, .box_w = 7, .box_h = 10, .ofs_x = 1, .ofs_y = 0},
    {.bitmap_index = 5438, .adv_w = 177, .box_w = 10, .box_h = 13, .ofs_x = 0, .ofs_y = -3},
    {.bitmap_index = 5455, .adv_w = 171, .box_w = 9, .box_h = 10, .ofs_x = 1, .ofs_y = 0},
    {.bitmap_index = 5467, .adv_w = 186, .box_w = 10, .box_h = 13, .ofs_x = 0, .ofs_y = -3},
    {.bitmap_index = 5484, .adv_w = 143, .box_w = 8, .box_h = 10, .ofs_x = 0, .ofs_y = 0},
    {.bitmap_index = 5494, .adv_w = 183, .box_w = 10, .box_h = 10, .ofs_x = 1, .ofs_y = 0},
    {.bitmap_index = 5507, .adv_w = 183, .box_w = 10, .box_h = 10, .ofs_x = 1, .ofs_y = 0},
    {.bitmap_index = 5520, .adv_w = 175, .box_w = 9, .box_h = 10, .ofs_x = 1, .ofs_y = 0},
    {.bitmap_index = 5532, .adv_w = 174, .box_w = 9, .box_h = 10, .ofs_x = 1, .ofs_y = 0},
    {.bitmap_index = 5544, .adv_w = 209, .box_w = 12, .box_h = 13, .ofs_x = 1, .ofs_y = 0},
    {.bitmap_index = 5564, .adv_w = 166, .box_w = 9, .box_h = 10, .ofs_x = 1, .ofs_y = 0},
    {.bitmap_index = 5576, .adv_w = 174, .box_w = 9, .box_h = 10, .ofs_x = 1, .ofs_y = 0},
    {.bitmap_index = 5588, .adv_w = 160, .box_w = 8, .box_h = 10, .ofs_x = 1, .ofs_y = 0},
    {.bitmap_index = 5598, .adv_w = 93, .box_w = 4, .box_h = 7, .ofs_x = 1, .ofs_y = 1},
    {.bitmap_index = 5602, .adv_w = 0, .box_w = 7, .box_h = 3, .ofs_x = -5, .ofs_y = 11},
    {.bitmap_index = 5605, .adv_w = 127, .box_w = 7, .box_h = 10, .ofs_x = 0, .ofs_y = 0},
    {.bitmap_index = 5614, .adv_w = 127, .box_w = 11, .box_h = 14, .ofs_x = -4, .ofs_y = 0},
    {.bitmap_index = 5634, .adv_w = 0, .box_w = 7, .box_h = 1, .ofs_x = -9, .ofs_y = 11},
    {.bitmap_index = 5635, .adv_w = 0, .box_w = 8, .box_h = 3, .ofs_x = -9, .ofs_y = 11},
    {.bitmap_index = 5638, .adv_w = 0, .box_w = 8, .box_h = 3, .ofs_x = -9, .ofs_y = 11},
    {.bitmap_index = 5641, .adv_w = 0, .box_w = 8, .box_h = 3, .ofs_x = -9, .ofs_y = 11},
    {.bitmap_index = 5644, .adv_w = 0, .box_w = 3, .box_h = 3, .ofs_x = -4, .ofs_y = -4},
    {.bitmap_index = 5646, .adv_w = 0, .box_w = 6, .box_h = 4, .ofs_x = -6, .ofs_y = -5},
    {.bitmap_index = 5649, .adv_w = 0, .box_w = 2, .box_h = 1, .ofs_x = -3, .ofs_y = -2},
    {.bitmap_index = 5650, .adv_w = 182, .box_w = 9, .box_h = 15, .ofs_x = 1, .ofs_y = -2},
    {.bitmap_index = 5667, .adv_w = 88, .box_w = 4, .box_h = 10, .ofs_x = 1, .ofs_y = 0},
    {.bitmap_index = 5672, .adv_w = 156, .box_w = 8, .box_h = 10, .ofs_x = 1, .ofs_y = 0},
    {.bitmap_index = 5682, .adv_w = 91, .box_w = 6, .box_h = 14, .ofs_x = 0, .ofs_y = 0},
    {.bitmap_index = 5693, .adv_w = 85, .box_w = 5, .box_h = 14, .ofs_x = 0, .ofs_y = 0},
    {.bitmap_index = 5702, .adv_w = 87, .box_w = 5, .box_h = 14, .ofs_x = 0, .ofs_y = 0},
    {.bitmap_index = 5711, .adv_w = 127, .box_w = 7, .box_h = 13, .ofs_x = 0, .ofs_y = -3},
    {.bitmap_index = 5723, .adv_w = 171, .box_w = 9, .box_h = 10, .ofs_x = 1, .ofs_y = 0},
    {.bitmap_index = 5735, .adv_w = 0, .box_w = 7, .box_h = 4, .ofs_x = -9, .ofs_y = 11},
    {.bitmap_index = 5739, .adv_w = 0, .box_w = 2, .box_h = 3, .ofs_x = -3, .ofs_y = 11},
    {.bitmap_index = 5740, .adv_w = 0, .box_w = 7, .box_h = 3, .ofs_x = -7, .ofs_y = 11},
    {.bitmap_index = 5743, .adv_w = 0, .box_w = 7, .box_h = 4, .ofs_x = -8, .ofs_y = 11},
    {.bitmap_index = 5747, .adv_w = 0, .box_w = 4, .box_h = 3, .ofs_x = -5, .ofs_y = 11},
    {.bitmap_index = 5749, .adv_w = 0, .box_w = 6, .box_h = 3, .ofs_x = -5, .ofs_y = 11},
    {.bitmap_index = 5752, .adv_w = 0, .box_w = 4, .box_h = 4, .ofs_x = -4, .ofs_y = 11},
    {.bitmap_index = 5754, .adv_w = 0, .box_w = 5, .box_h = 5, .ofs_x = -5, .ofs_y = 11},
    {.bitmap_index = 5758, .adv_w = 174, .box_w = 10, .box_h = 9, .ofs_x = 1, .ofs_y = 0},
    {.bitmap_index = 5770, .adv_w = 176, .box_w = 9, .box_h = 9, .ofs_x = 1, .ofs_y = 0},
    {.bitmap_index = 5781, .adv_w = 183, .box_w = 10, .box_h = 11, .ofs_x = 1, .ofs_y = -2},
    {.bitmap_index = 5795, .adv_w = 202, .box_w = 10, .box_h = 10, .ofs_x = 1, .ofs_y = 0},
    {.bitmap_index = 5808, .adv_w = 185, .box_w = 10, .box_h = 9, .ofs_x = 1, .ofs_y = 0},
    {.bitmap_index = 5820, .adv_w = 181, .box_w = 10, .box_h = 10, .ofs_x = 1, .ofs_y = 0},
    {.bitmap_index = 5833, .adv_w = 180, .box_w = 10, .box_h = 10, .ofs_x = 1, .ofs_y = 0},
    {.bitmap_index = 5846, .adv_w = 186, .box_w = 11, .box_h = 10, .ofs_x = 0, .ofs_y = 0},
    {.bitmap_index = 5860, .adv_w = 245, .box_w = 14, .box_h = 10, .ofs_x = 1, .ofs_y = 0},
    {.bitmap_index = 5878, .adv_w = 181, .box_w = 10, .box_h = 10, .ofs_x = 1, .ofs_y = 0},
    {.bitmap_index = 5891, .adv_w = 214, .box_w = 12, .box_h = 10, .ofs_x = 1, .ofs_y = 0},
    {.bitmap_index = 5906, .adv_w = 253, .box_w = 14, .box_h = 10, .ofs_x = 1, .ofs_y = 0},
    {.bitmap_index = 5924, .adv_w = 338, .box_w = 20, .box_h = 10, .ofs_x = 1, .ofs_y = 0}
};

/*---------------------
 *  CHARACTER MAPPING
 *--------------------*/

static const uint16_t unicode_list_0[] = {
    0x0, 0xd
};

static const uint16_t unicode_list_3[] = {
    0x0, 0x3, 0x11, 0x12, 0x20, 0x21, 0x3e, 0x3f,
    0x40, 0x41, 0x42, 0x43, 0x44, 0x45, 0x46, 0x47,
    0x48, 0x49, 0x4a, 0x4b, 0x4c, 0x4d, 0x57, 0x58,
    0x6b, 0x6c, 0x6d, 0x6e, 0x6f, 0x70, 0x89, 0x8a,
    0x8b, 0x8c, 0xa8, 0xc2, 0xca, 0x12c, 0x12d, 0x12f,
    0x130, 0x137, 0x138, 0x139, 0x13a, 0x13b, 0x13c, 0x13d,
    0x149, 0x14a, 0x14b, 0x14c, 0x14d, 0x14e, 0x171, 0x172,
    0x173, 0x174, 0x175, 0x177, 0x178, 0x179, 0x17a, 0x17b,
    0x17c, 0x17d, 0x18c, 0x194, 0x195, 0x197, 0x198, 0x199,
    0x19f, 0x1a2, 0x205, 0x21a, 0x22d, 0x231
};

/*Collect the unicode lists and glyph_id offsets*/
static const lv_font_fmt_txt_cmap_t cmaps[] =
{
    {
        .range_start = 0, .range_length = 14, .glyph_id_start = 1,
        .unicode_list = unicode_list_0, .glyph_id_ofs_list = NULL, .list_length = 2, .type = LV_FONT_FMT_TXT_CMAP_SPARSE_TINY
    },
    {
        .range_start = 32, .range_length = 95, .glyph_id_start = 3,
        .unicode_list = NULL, .glyph_id_ofs_list = NULL, .list_length = 0, .type = LV_FONT_FMT_TXT_CMAP_FORMAT0_TINY
    },
    {
        .range_start = 160, .range_length = 223, .glyph_id_start = 98,
        .unicode_list = NULL, .glyph_id_ofs_list = NULL, .list_length = 0, .type = LV_FONT_FMT_TXT_CMAP_FORMAT0_TINY
    },
    {
        .range_start = 399, .range_length = 562, .glyph_id_start = 321,
        .unicode_list = unicode_list_3, .glyph_id_ofs_list = NULL, .list_length = 78, .type = LV_FONT_FMT_TXT_CMAP_SPARSE_TINY
    },
    {
        .range_start = 3585, .range_length = 58, .glyph_id_start = 399,
        .unicode_list = NULL, .glyph_id_ofs_list = NULL, .list_length = 0, .type = LV_FONT_FMT_TXT_CMAP_FORMAT0_TINY
    },
    {
        .range_start = 3647, .range_length = 29, .glyph_id_start = 457,
        .unicode_list = NULL, .glyph_id_ofs_list = NULL, .list_length = 0, .type = LV_FONT_FMT_TXT_CMAP_FORMAT0_TINY
    }
};

/*-----------------
 *    KERNING
 *----------------*/


/*Map glyph_ids to kern left classes*/
static const uint8_t kern_left_class_mapping[] =
{
    0, 0, 0, 0, 0, 0, 0, 0,
    0, 0, 1, 0, 0, 0, 0, 2,
    0, 0, 0, 3, 0, 0, 0, 4,
    5, 0, 6, 0, 0, 0, 0, 0,
    0, 0, 0, 0, 7, 8, 9, 10,
    11, 12, 13, 14, 14, 15, 16, 17,
    14, 14, 10, 18, 10, 19, 20, 21,
    22, 23, 24, 25, 26, 27, 0, 0,
    0, 0, 0, 0, 28, 29, 30, 31,
    29, 32, 33, 34, 35, 36, 37, 38,
    34, 34, 29, 29, 39, 40, 41, 42,
    43, 44, 45, 46, 47, 48, 0, 0,
    0, 0, 0, 0, 0, 0, 0, 0,
    0, 0, 0, 0, 0, 0, 0, 0,
    0, 0, 0, 0, 0, 0, 0, 0,
    0, 0, 0, 0, 0, 0, 0, 0,
    0, 0, 7, 7, 7, 7, 7, 7,
    11, 9, 11, 11, 11, 11, 14, 14,
    14, 14, 49, 14, 10, 10, 10, 10,
    10, 0, 10, 22, 22, 22, 22, 26,
    0, 8, 28, 28, 28, 28, 28, 28,
    50, 30, 29, 29, 29, 29, 35, 35,
    35, 35, 10, 34, 29, 29, 29, 29,
    29, 0, 29, 43, 43, 43, 43, 47,
    29, 47, 7, 28, 7, 28, 7, 28,
    9, 30, 9, 30, 9, 30, 9, 30,
    49, 51, 49, 31, 11, 29, 11, 29,
    11, 29, 11, 29, 11, 29, 13, 33,
    13, 33, 13, 33, 13, 33, 14, 34,
    14, 34, 14, 35, 14, 35, 14, 35,
    14, 35, 14, 43, 15, 36, 15, 36,
    16, 37, 37, 17, 38, 17, 38, 52,
    51, 0, 0, 17, 38, 14, 34, 14,
    34, 14, 34, 34, 14, 34, 10, 29,
    10, 29, 10, 29, 11, 29, 19, 40,
    19, 40, 19, 40, 20, 41, 20, 41,
    20, 41, 20, 41, 21, 42, 21, 42,
    21, 42, 22, 43, 22, 43, 22, 43,
    22, 43, 22, 43, 22, 43, 24, 45,
    26, 47, 26, 27, 48, 27, 48, 27,
    48, 0, 0, 53, 54, 55, 54, 7,
    28, 14, 35, 10, 29, 22, 43, 22,
    43, 22, 43, 22, 43, 22, 43, 13,
    33, 7, 28, 11, 50, 10, 29, 20,
    41, 21, 42, 43, 28, 29, 0, 0,
    0, 0, 0, 0, 0, 0, 0, 0,
    0, 0, 0, 0, 0, 0, 0, 0,
    0, 0, 0, 0, 0, 0, 0, 0,
    0, 0, 0, 0, 0, 0, 0, 0,
    0, 0, 0, 0, 0, 0, 0, 0,
    0, 0, 0, 0, 0, 0, 0, 0,
    0, 0, 0, 0, 0, 0, 0, 0,
    0, 0, 0, 0, 0, 0, 0, 0,
    0, 0, 0, 0, 0, 0, 0, 0,
    0, 0, 0, 0, 0, 0, 0, 0,
    0, 0, 0, 0, 0, 0, 0, 0,
    0, 0, 0, 0, 0, 0, 0, 0,
    0, 0, 0, 0, 0, 0, 0, 0,
    0, 0, 0, 0, 0, 0, 0, 0,
    0, 0, 0, 0, 0, 0, 0, 0,
    0, 0, 0, 0, 0, 0
};

/*Map glyph_ids to kern right classes*/
static const uint8_t kern_right_class_mapping[] =
{
    0, 0, 0, 0, 0, 0, 0, 0,
    0, 0, 1, 0, 0, 0, 0, 2,
    0, 3, 0, 4, 5, 0, 0, 6,
    0, 0, 0, 4, 4, 0, 0, 0,
    0, 0, 0, 0, 7, 8, 9, 8,
    8, 8, 9, 8, 8, 10, 8, 8,
    8, 8, 9, 8, 9, 8, 11, 12,
    13, 14, 15, 16, 17, 18, 0, 0,
    0, 0, 0, 0, 19, 20, 21, 21,
    21, 22, 23, 20, 24, 25, 20, 26,
    27, 27, 21, 27, 21, 27, 28, 29,
    30, 31, 32, 33, 34, 35, 0, 0,
    0, 0, 0, 0, 0, 0, 0, 0,
    0, 0, 0, 0, 0, 0, 0, 0,
    0, 0, 0, 0, 0, 0, 0, 0,
    0, 0, 0, 0, 0, 0, 0, 0,
    0, 0, 7, 7, 7, 7, 7, 7,
    7, 9, 8, 8, 8, 8, 8, 8,
    8, 8, 36, 8, 9, 9, 9, 9,
    9, 0, 9, 13, 13, 13, 13, 17,
    8, 22, 19, 19, 19, 19, 19, 19,
    19, 21, 21, 21, 21, 21, 24, 24,
    37, 24, 21, 27, 21, 21, 21, 21,
    21, 0, 21, 30, 30, 30, 30, 34,
    20, 34, 7, 19, 7, 19, 7, 19,
    9, 21, 9, 21, 9, 21, 9, 21,
    8, 21, 36, 21, 8, 21, 8, 21,
    8, 21, 8, 21, 8, 21, 9, 23,
    9, 23, 9, 23, 9, 23, 8, 20,
    8, 20, 8, 24, 8, 24, 8, 24,
    8, 24, 8, 24, 8, 24, 10, 25,
    8, 20, 27, 8, 26, 8, 26, 8,
    26, 8, 26, 38, 26, 8, 27, 8,
    27, 8, 27, 0, 8, 27, 9, 21,
    9, 21, 9, 21, 9, 21, 8, 27,
    8, 27, 8, 27, 11, 28, 11, 28,
    11, 28, 11, 28, 12, 29, 12, 29,
    12, 29, 13, 30, 13, 30, 13, 30,
    13, 30, 13, 30, 13, 30, 15, 32,
    17, 34, 17, 18, 35, 18, 35, 18,
    35, 9, 0, 9, 21, 13, 30, 7,
    19, 8, 24, 9, 21, 13, 30, 13,
    30, 13, 30, 13, 30, 13, 30, 9,
    23, 7, 19, 7, 19, 9, 21, 11,
    28, 12, 29, 25, 21, 21, 0, 0,
    0, 0, 0, 0, 0, 0, 0, 0,
    0, 0, 0, 0, 0, 0, 0, 0,
    0, 0, 0, 0, 0, 0, 0, 0,
    0, 0, 0, 0, 0, 0, 0, 0,
    0, 0, 0, 0, 0, 0, 0, 0,
    0, 0, 0, 0, 0, 0, 0, 0,
    0, 0, 0, 0, 0, 0, 0, 0,
    0, 0, 0, 0, 0, 0, 0, 0,
    0, 0, 0, 0, 0, 0, 0, 0,
    0, 0, 0, 0, 0, 0, 0, 0,
    0, 0, 0, 0, 0, 0, 0, 0,
    0, 0, 0, 0, 0, 0, 0, 0,
    0, 0, 0, 0, 0, 0, 0, 0,
    0, 0, 0, 0, 0, 0, 0, 0,
    0, 0, 0, 0, 0, 0, 0, 0,
    0, 0, 0, 0, 0, 0
};

/*Kern values between classes*/
static const int8_t kern_class_values[] =
{
    0, 0, 0, -7, 0, -19, -36, 0,
    -7, -24, 0, 0, 0, 0, 0, 0,
    0, 0, -13, 0, -10, -7, -10, -10,
    -7, 0, -13, -13, -10, -10, -10, -10,
    -10, -13, -13, 0, -10, 0, 0, 0,
    0, 0, -13, -1, 0, 0, 0, 0,
    0, -16, 0, -24, 0, 0, -16, 0,
    0, 0, 0, 0, 0, 0, 0, 0,
    0, 0, -9, 0, -19, -10, 0, -13,
    0, 0, 0, 0, 0, -19, 0, 0,
    0, 0, 0, 0, 0, 0, 0, 0,
    0, 0, 0, 0, 0, 0, 0, 0,
    0, 0, 0, 0, 0, 0, 0, 0,
    0, 0, 0, 0, 0, 0, 0, 0,
    0, 0, 0, -4, 0, 0, 0, 0,
    0, 0, 0, 0, 0, 0, 0, 0,
    0, 0, 0, 0, 0, 0, 0, 0,
    0, 0, 0, 0, 0, 0, 0, 0,
    0, 0, 0, 0, 0, 0, 0, 0,
    -10, 0, 0, 0, 0, 0, 0, 0,
    0, 0, 0, 0, 0, 0, 0, 0,
    0, 0, 0, 0, 0, 0, 0, 0,
    0, 0, 0, 0, 0, 0, 0, 0,
    0, 0, 0, 0, 0, 0, 0, -27,
    0, 0, 0, 0, 0, 0, 0, 0,
    0, 0, 0, 0, 0, 0, 0, 0,
    0, 0, 0, 0, 0, 0, 0, 0,
    0, 0, 0, 0, 0, 0, 0, 0,
    0, 0, 0, 0, -24, -6, 0, 0,
    0, 0, -10, 0, -16, 0, -16, -24,
    -13, -33, -27, -9, -42, -4, -10, 0,
    -13, -13, 0, -19, -10, -15, 0, 0,
    -16, -10, -24, -22, -13, -24, -4, -12,
    -19, -6, -4, -6, 1, 0, 0, 0,
    -10, 0, 0, 0, -3, -7, 0, -19,
    -7, -16, -22, -6, 0, 0, 0, 0,
    0, -4, -4, 0, 0, 0, 0, 0,
    -10, -7, -10, -10, -4, 0, -4, 0,
    0, 0, 0, 0, 0, 0, -12, 0,
    -6, 0, -6, 0, 0, -9, 0, -4,
    -7, 0, 0, 0, -1, 0, 0, 0,
    -4, 0, 0, 4, 0, 0, -4, -4,
    -10, -4, 0, -6, 0, 0, -4, -22,
    0, 0, 0, 0, -16, 0, 0, -9,
    -6, -3, 0, -12, -12, -19, -24, 0,
    -4, 0, 0, 0, 0, -7, -10, 0,
    0, -1, 0, 0, -3, 0, -13, -4,
    0, 0, -7, 0, 0, 0, 0, 0,
    0, 0, 0, 0, -3, 0, -6, 0,
    0, -4, 0, -7, 0, 0, -6, 0,
    -6, 0, 0, -4, -7, 0, 0, 0,
    1, 0, -14, -10, -7, -7, 0, 0,
    -4, 0, 0, -36, 0, 0, 0, 0,
    -23, 0, 0, -9, -9, 0, 0, 0,
    -1, -7, -7, -4, -16, 0, -12, -6,
    -10, -4, -4, 0, -10, -10, -7, -10,
    -19, -13, -22, -16, -12, 0, -4, 0,
    -4, 0, 0, 0, 0, 0, 0, 0,
    0, 0, 0, 0, 0, -10, 0, 0,
    -13, 0, 0, 0, 0, 0, 0, -4,
    0, 0, 0, 0, 0, 0, -10, 0,
    0, -10, 0, 0, -4, 0, 0, 0,
    0, 0, 0, 0, 0, 0, 0, 0,
    0, 0, 0, -4, 0, -6, -6, 0,
    0, 0, 0, 0, 0, -7, 0, 0,
    0, 0, 0, 0, -4, -7, -7, -10,
    0, 0, -7, 0, 0, -13, 0, 0,
    0, 0, -10, 0, 0, 0, 0, 0,
    0, 0, 0, 0, 0, 0, 0, 0,
    0, 0, 0, -4, 0, 0, 0, 0,
    0, 0, -4, 0, 0, 0, 0, 0,
    -4, 0, -4, -4, 0, 0, 0, 0,
    -13, 0, -19, 0, -10, -10, -14, -10,
    -9, -10, -10, -1, -10, -3, -19, -13,
    -4, -13, -16, -7, -7, -7, -19, -16,
    -24, -24, -19, -24, -7, -14, -13, -9,
    -13, 0, 0, 0, 0, 0, 0, 0,
    -9, 0, 0, -37, 0, -45, -17, -7,
    -48, 0, 0, 0, -7, -7, 0, -10,
    0, 0, 0, 0, -7, 0, -24, -16,
    0, -24, 0, -8, -10, 0, 0, -30,
    -14, 0, 0, 0, -23, 0, 0, -20,
    0, 0, 0, -13, -10, -16, -13, 0,
    -6, 0, 0, 0, 0, 1, -4, 0,
    0, 0, 0, 0, -4, -13, -4, 0,
    0, 0, 1, 0, 0, -10, 0, 0,
    0, 0, -13, 0, -4, -6, 0, 0,
    0, -19, -9, -7, -19, 0, -13, 0,
    -4, 0, 0, -4, 0, 0, 0, 0,
    0, 0, 0, -4, -9, -7, 0, -3,
    -4, 0, -4, 0, 0, 0, 0, 0,
    -16, 0, 0, -9, -9, -12, 0, -19,
    -9, -16, -22, -9, -4, 0, 0, -1,
    0, -7, 0, 0, 0, -4, -4, -1,
    -13, -7, -13, -13, 0, 0, -7, 0,
    0, -27, 0, 0, 0, 0, -24, 0,
    -3, -17, -9, 0, 0, 0, -4, -7,
    -3, -4, -27, 0, -27, -10, -22, -14,
    -13, -4, -24, -27, -13, -19, -30, -33,
    -33, -36, -33, -9, -14, 0, 0, 0,
    0, 0, 0, 0, -13, 0, 0, 0,
    0, 0, 0, 0, 0, -10, -10, -7,
    -1, 0, 0, 0, 0, -4, -4, 0,
    0, -1, 0, -4, -7, -7, -13, -7,
    -4, 0, -4, 0, -4, -36, 0, 0,
    0, 0, -39, -4, -12, -29, -13, 0,
    -6, 0, -10, -7, -10, -7, -27, -4,
    -26, -13, -23, -13, -19, -4, -17, -22,
    -16, -13, -27, -27, -30, -24, -19, -14,
    -13, -6, 0, -27, 0, 0, 0, 0,
    -27, 0, -12, -17, -9, -4, 0, -10,
    -4, -10, -10, -7, -22, -10, -22, -13,
    -16, -13, -19, 0, -10, -19, -7, -16,
    -19, -19, -19, -19, -19, -6, -13, 0,
    0, -13, 0, 0, 0, 0, -9, -6,
    -19, -16, -13, 0, -7, -7, -10, 0,
    -10, -10, -13, 0, -19, -13, -9, -24,
    0, -7, -7, -7, -19, -13, -24, -24,
    -13, -24, -13, -12, -24, 0, -6, -39,
    0, 0, 0, 0, -42, -6, -24, -35,
    -19, -7, 0, -10, -10, -10, -10, -10,
    -39, -7, -27, -16, -27, -19, -22, -6,
    -23, -27, -19, -27, -30, -30, -30, -30,
    -30, -17, -19, -14, 0, 0, 0, 0,
    0, 0, -7, 0, 0, 0, -3, 0,
    0, -7, -10, -10, -7, -4, 0, 0,
    0, -1, 0, -6, -9, 0, 0, 0,
    -1, 0, -10, -10, -4, -13, 0, -9,
    -6, 0, 0, -7, 0, 0, 0, 0,
    0, 0, 0, 0, 0, -19, 0, -22,
    -10, 0, -33, 0, 0, 0, 0, 0,
    0, 0, 0, 0, 0, 0, 0, 0,
    -13, -7, -7, -13, 0, 0, 0, 0,
    0, -13, 0, 0, 0, 0, -19, 0,
    -4, 0, 0, -27, 0, -27, -22, -19,
    -27, -7, 0, 0, 0, 0, 0, -6,
    -7, 0, 0, -1, 0, 0, -16, -13,
    -13, -16, -6, 0, -6, 0, 0, -4,
    0, 0, 0, 0, -1, 0, 0, 0,
    0, -6, 0, -10, -1, -12, -19, 0,
    0, 0, 0, 0, 0, 0, 0, 0,
    0, 0, 0, 0, -7, -7, -7, -7,
    0, 0, 0, 0, 0, 0, 0, 0,
    0, 0, 0, 0, 0, 0, 0, 0,
    0, -4, 0, 0, -10, 0, -1, 0,
    -3, 0, 0, 0, -1, 0, 0, 0,
    0, 0, -7, -7, -10, -7, 0, 0,
    0, 0, 0, -30, 0, 0, 0, 0,
    -22, 0, 0, -24, 0, 0, 0, 0,
    -7, 0, 0, 0, -16, 0, -10, -12,
    -13, -16, -10, 0, -7, -3, -9, 0,
    -14, -6, -19, -14, -6, 0, -16, 0,
    0, -10, 0, 0, 0, 0, 0, 0,
    -6, -10, -6, -27, -4, -10, -13, -22,
    -24, -10, -12, 0, -3, 0, -4, -7,
    -7, 0, -7, -7, 0, 0, -6, -6,
    -13, -13, -6, 0, -7, 0, 0, 0,
    0, 0, 0, 0, 0, 0, 0, 0,
    0, -30, 0, -22, -10, -7, -24, 0,
    -4, 0, -3, 0, 0, 0, 0, 0,
    0, 0, 0, 0, -7, -7, 0, -7,
    0, 0, 0, 0, 0, 0, 0, 0,
    0, 0, 0, 0, 0, 0, 0, -6,
    0, 0, -10, -7, -16, 0, 0, 0,
    0, 0, 0, 0, 0, 0, 0, 0,
    0, 0, -6, 0, 0, 0, 0, 0,
    0, 0, 0, 0, 0, 0, 0, 0,
    0, 0, 0, 0, 0, 0, 0, -4,
    -9, 0, -10, 0, 0, 0, 0, 0,
    0, -6, 0, 0, 0, 0, 0, 0,
    -13, 0, 0, -9, 0, 0, -6, 0,
    0, -13, 0, 0, 0, 0, -7, -12,
    -12, -13, -10, -24, 0, -24, -13, 0,
    -19, -13, -16, 0, -19, -10, -10, -16,
    -19, -9, 0, -10, -10, -7, -19, -13,
    -13, -13, -7, 0, -16, 0, -7, 0,
    0, 0, 0, 0, 0, 0, -4, 0,
    0, -7, 0, -10, -13, -7, -13, 0,
    0, 0, 0, -10, 0, -10, -16, -7,
    0, 0, -7, -7, -19, -13, -13, -19,
    0, 0, -10, 0, 0, 0, 0, 0,
    0, 0, -6, 0, 0, 0, 0, -17,
    0, -17, -9, -9, -20, 0, 0, 0,
    -3, 0, 0, -6, 6, 0, 0, 0,
    0, 0, -12, 0, -6, 0, 0, 0,
    -6, 0, 0, -27, 0, 0, 0, 0,
    -19, 0, 0, -24, 0, -22, 0, -16,
    -10, -10, -19, -10, -9, 0, -6, 0,
    0, 0, -10, 0, 0, -1, 0, 0,
    -10, -10, -10, -10, -4, 0, 0, 0,
    0, 0, 0, 0, 0, 0, 0, 0,
    0, -7, 0, -24, 0, -22, -13, -16,
    -30, 0, -4, 0, -4, -7, 0, 0,
    0, 0, 0, -7, -4, 0, -13, -13,
    -13, -13, 0, 0, 0, 0, -7, 0,
    0, 0, 0, 0, 0, 0, 0, 0,
    0, -4, 0, -19, -16, -13, -22, 0,
    0, 0, 0, 0, 0, 0, -4, 0,
    0, 0, 0, 0, -6, -6, -7, -13,
    0, 0, 0, 0, 0, 0, 0, 0,
    0, 0, 0, 0, 0, 0, 0, -13,
    0, -16, -13, 0, -27, 0, -4, 0,
    0, 0, 0, 0, 0, 0, 0, 0,
    0, 0, -7, -7, -10, -10, 0, 0,
    0, 0, 0, -27, 0, 0, 0, 0,
    -24, -4, -3, -22, 0, -16, -7, -27,
    -19, -24, -30, -19, -13, 0, -16, -10,
    -19, -10, -16, 0, -7, -19, -1, -7,
    -7, -13, -13, -13, -13, 0, -10, 0,
    0, -27, 0, 0, 0, 0, -19, 0,
    -1, -13, 0, -24, -4, -24, -19, -22,
    -27, -7, -13, 0, -13, -6, -7, -10,
    -16, 0, -7, -13, -6, -7, -7, -10,
    -19, -13, -7, 0, -10, 0, 0, -7,
    0, 0, 0, 0, -13, -10, -13, -19,
    -4, -33, -13, -30, -19, -13, -30, -13,
    -13, 0, -13, 0, -13, -10, 0, 0,
    0, -13, -7, -10, -13, -13, -7, -10,
    -10, 0, -10, 0, 0, -22, 0, 0,
    0, 0, -22, 0, -6, -27, -1, -27,
    -1, -22, -16, -24, -30, -13, -19, 0,
    -13, -4, -13, -7, -10, 0, 0, -13,
    0, -4, -13, -7, -10, -7, -4, 0,
    -7, 0, 0, -1, 0, 0, 0, 0,
    -4, 0, 0, -1, 0, -19, -1, -19,
    -10, -19, -33, 0, -6, 0, -6, 0,
    -7, 0, -6, 0, 0, -4, 0, -4,
    -10, -7, -10, -10, 0, 0, 0, 0,
    0, -12, 0, 0, 0, 0, -16, 0,
    0, 0, 0, -3, 0, -16, -13, -19,
    -19, -4, -3, 0, 0, 0, 0, 0,
    -7, 0, 0, 0, 0, 0, -4, -4,
    -10, -10, -1, 0, 0, 0, 0, 0,
    0, 0, 0, 0, 0, 0, 0, 0,
    0, -22, 0, -30, -19, -13, -29, 0,
    0, 0, 0, 0, 0, 0, 0, 0,
    0, 0, 0, 0, -14, -13, -13, -13,
    0, 0, 0, 0, 0, 0, 0, 0,
    0, 0, 0, 0, 0, 0, 0, 0,
    0, 0, 0, 0, 0, 0, -14, 0,
    -14, 0, -17, 0, -12, 0, -9, -14,
    -6, -12, -12, -9, -12, -12, -9, 0,
    0, 0, -13, 0, 0, 0, 0, 0,
    0, 0, -9, 0, 0, -20, 0, -33,
    -17, -7, -36, 0, 0, 0, -7, -7,
    0, -10, 0, 0, 0, 0, -7, 0,
    -24, -16, 0, -24, 0, -8, -10, 0,
    0, 0, 0, 0, 0, 0, -35, 0,
    -9, -26, -6, -3, 0, -12, -9, -14,
    -12, -3, -23, 0, -20, -9, -23, -14,
    -20, 0, -17, -14, -6, -14, -20, -20,
    -26, -23, -17, 0, -14, 0, 0, 0,
    0, 0, 0, 0, -32, 0, 0, -29,
    0, 0, 0, -9, 0, -17, -14, 0,
    -17, 0, -12, 0, -9, -6, -6, 0,
    -6, -6, 0, -6, -6, -3, -6, -9,
    -6, 0, -6, 0, 0, 0, 0, 0,
    0, 0, -43, 0, -12, -37, -6, 0,
    0, 0, 0, 0, -9, -9, -40, -6,
    -35, -12, -40, -20, -26, -6, -32, -32,
    -20, -32, -32, -32, -35, -32, -32, -14,
    -9, 0
};


/*Collect the kern class' data in one place*/
static const lv_font_fmt_txt_kern_classes_t kern_classes =
{
    .class_pair_values   = kern_class_values,
    .left_class_mapping  = kern_left_class_mapping,
    .right_class_mapping = kern_right_class_mapping,
    .left_class_cnt      = 55,
    .right_class_cnt     = 38,
};

/*--------------------
 *  ALL CUSTOM DATA
 *--------------------*/

#if LVGL_VERSION_MAJOR == 8
/*Store all the custom data of the font*/
static  lv_font_fmt_txt_glyph_cache_t cache;
#endif

#if LVGL_VERSION_MAJOR >= 8
static const lv_font_fmt_txt_dsc_t font_dsc = {
#else
static lv_font_fmt_txt_dsc_t font_dsc = {
#endif
    .glyph_bitmap = glyph_bitmap,
    .glyph_dsc = glyph_dsc,
    .cmaps = cmaps,
    .kern_dsc = &kern_classes,
    .kern_scale = 16,
    .cmap_num = 6,
    .bpp = 1,
    .kern_classes = 1,
    .bitmap_format = 0,
#if LVGL_VERSION_MAJOR == 8
    .cache = &cache
#endif
};



/*-----------------
 *  PUBLIC FONT
 *----------------*/

/*Initialize a public general font descriptor*/
#if LVGL_VERSION_MAJOR >= 8
const lv_font_t ui_font_Kanit18 = {
#else
lv_font_t ui_font_Kanit18 = {
#endif
    .get_glyph_dsc = lv_font_get_glyph_dsc_fmt_txt,    /*Function pointer to get glyph's data*/
    .get_glyph_bitmap = lv_font_get_bitmap_fmt_txt,    /*Function pointer to get glyph's bitmap*/
    .line_height = 24,          /*The maximum line height required by the font*/
    .base_line = 5,             /*Baseline measured from the bottom of the line*/
#if !(LVGL_VERSION_MAJOR == 6 && LVGL_VERSION_MINOR == 0)
    .subpx = LV_FONT_SUBPX_NONE,
#endif
#if LV_VERSION_CHECK(7, 4, 0) || LVGL_VERSION_MAJOR >= 8
    .underline_position = -2,
    .underline_thickness = 1,
#endif
    .dsc = &font_dsc,          /*The custom font data. Will be accessed by `get_glyph_bitmap/dsc` */
#if LV_VERSION_CHECK(8, 2, 0) || LVGL_VERSION_MAJOR >= 9
    .fallback = NULL,
#endif
    .user_data = NULL,
};



#endif /*#if UI_FONT_KANIT18*/

