/*******************************************************************************
 * Size: 24 px
 * Bpp: 1
 * Opts: --bpp 1 --size 24 --font C:/Users/LENOVO/OneDrive - Mawell/Melody_IO/ATD3.5-S3-Coin-Selector-PIO-main/ATD3.5-S3-Coin-Selector-PIO-main/SquareLine Studio Project/assets/Kanit-Regular.ttf -o C:/Users/LENOVO/OneDrive - Mawell/Melody_IO/ATD3.5-S3-Coin-Selector-PIO-main/ATD3.5-S3-Coin-Selector-PIO-main/SquareLine Studio Project/assets\ui_font_Kanit24.c --format lvgl -r 0x20-0x7f -r 0x00-0x0E7F --no-compress --no-prefilter
 ******************************************************************************/

#include "../ui.h"

#ifndef UI_FONT_KANIT24
#define UI_FONT_KANIT24 1
#endif

#if UI_FONT_KANIT24

/*-----------------
 *    BITMAPS
 *----------------*/

/*Store the image of the glyphs*/
static LV_ATTRIBUTE_LARGE_CONST const uint8_t glyph_bitmap[] = {
    /* U+0000 "\u0000" */
    0x0,

    /* U+000D "\r" */
    0x0,

    /* U+0020 " " */
    0x0,

    /* U+0021 "!" */
    0xff, 0xff, 0xff, 0xff, 0xf0, 0x3f,

    /* U+0022 "\"" */
    0xcf, 0x3c, 0xf3,

    /* U+0023 "#" */
    0x7, 0xc, 0xc, 0x18, 0x18, 0x70, 0x70, 0xc7,
    0xff, 0xef, 0xff, 0xc3, 0xc, 0xe, 0x18, 0x18,
    0x70, 0x30, 0xe3, 0xff, 0xf7, 0xff, 0xe3, 0xe,
    0xe, 0x18, 0x18, 0x30, 0x30, 0xe0,

    /* U+0024 "$" */
    0x6, 0x0, 0xc0, 0x7f, 0x3f, 0xef, 0x61, 0xcc,
    0x39, 0x87, 0x30, 0x7e, 0x7, 0xe0, 0x3f, 0x3,
    0xf0, 0x6e, 0xd, 0xc1, 0xbe, 0x37, 0xff, 0xcf,
    0xf0, 0x18, 0x3, 0x0,

    /* U+0025 "%" */
    0x7c, 0x38, 0xfc, 0x30, 0xc6, 0x70, 0xc6, 0x60,
    0xc6, 0xe0, 0xfe, 0xc0, 0x7d, 0xc0, 0x1, 0x80,
    0x3, 0x80, 0x3, 0x3c, 0x7, 0x7e, 0x6, 0xc3,
    0xe, 0xc3, 0xc, 0xc3, 0x18, 0x7e, 0x18, 0x3c,

    /* U+0026 "&" */
    0xf, 0x0, 0x7e, 0x3, 0x9c, 0xc, 0x30, 0x30,
    0xc0, 0x67, 0x1, 0xf8, 0x7, 0xc0, 0x3f, 0x1,
    0xce, 0x6e, 0x1d, 0xb8, 0x3e, 0xe0, 0x73, 0xc3,
    0xe7, 0xfd, 0xc7, 0xe2,

    /* U+0027 "'" */
    0xff,

    /* U+0028 "(" */
    0x1c, 0x71, 0xc3, 0x87, 0x1c, 0x38, 0x70, 0xe1,
    0xc3, 0x87, 0xe, 0xe, 0x1c, 0x38, 0x38, 0x38,

    /* U+0029 ")" */
    0x70, 0x70, 0xf0, 0xe1, 0xc1, 0xc3, 0x87, 0xe,
    0x1c, 0x38, 0x70, 0xe3, 0x87, 0x1e, 0x38, 0xe0,

    /* U+002A "*" */
    0x18, 0x18, 0xff, 0x7e, 0x3c, 0x3c, 0x66, 0x42,

    /* U+002B "+" */
    0xc, 0x6, 0x3, 0x1f, 0xff, 0xf8, 0x60, 0x30,
    0x18, 0xc, 0x0,

    /* U+002C "," */
    0x7f, 0x60,

    /* U+002D "-" */
    0xff, 0xff, 0xc0,

    /* U+002E "." */
    0xf0,

    /* U+002F "/" */
    0x7, 0x7, 0x6, 0xe, 0xe, 0xe, 0x1c, 0x1c,
    0x1c, 0x38, 0x38, 0x38, 0x30, 0x70, 0x70, 0x60,
    0xe0,

    /* U+0030 "0" */
    0xf, 0xc0, 0xff, 0xc7, 0x87, 0x9c, 0xe, 0xe0,
    0x1f, 0x80, 0x7e, 0x1, 0xf8, 0x7, 0xe0, 0x1f,
    0x80, 0x7e, 0x1, 0xf8, 0xf, 0x70, 0x39, 0xe1,
    0xe3, 0xff, 0x3, 0xf0,

    /* U+0031 "1" */
    0x7f, 0xff, 0xc7, 0x1c, 0x71, 0xc7, 0x1c, 0x71,
    0xc7, 0x1c, 0x71, 0xc7,

    /* U+0032 "2" */
    0x7e, 0x1f, 0xe0, 0x3c, 0x7, 0x1, 0xc0, 0x70,
    0x1c, 0xe, 0x7, 0x83, 0xc1, 0xc0, 0xe0, 0x70,
    0x1c, 0xf, 0xff, 0xff,

    /* U+0033 "3" */
    0x7f, 0xf, 0xf9, 0x7, 0x80, 0x70, 0xe, 0x1,
    0xc0, 0x70, 0xfc, 0x1f, 0x80, 0x38, 0x3, 0x80,
    0x70, 0xf, 0x3, 0xff, 0xf3, 0xf8,

    /* U+0034 "4" */
    0x0, 0xe0, 0xe, 0x1, 0xe0, 0x3e, 0x7, 0x60,
    0xe6, 0xc, 0x61, 0x86, 0x30, 0x66, 0x6, 0xff,
    0xff, 0xff, 0x0, 0xe0, 0xe, 0x0, 0xe0, 0xe,

    /* U+0035 "5" */
    0xff, 0xbf, 0xee, 0x3, 0x80, 0xe0, 0x38, 0xf,
    0xf3, 0xfe, 0x3, 0xc0, 0x70, 0x1c, 0x7, 0x1,
    0xe0, 0xef, 0xf9, 0xf8,

    /* U+0036 "6" */
    0xf, 0xc3, 0xfc, 0x70, 0x6, 0x0, 0xe0, 0xe,
    0xf8, 0xff, 0xef, 0xe, 0xe0, 0x7e, 0x7, 0xe0,
    0x7e, 0x7, 0xe0, 0x77, 0xe, 0x7f, 0xe1, 0xf8,

    /* U+0037 "7" */
    0xff, 0xff, 0xf0, 0x1c, 0x6, 0x3, 0x80, 0xe0,
    0x30, 0x1c, 0x6, 0x3, 0x80, 0xe0, 0x30, 0x1c,
    0x6, 0x3, 0x80, 0xe0,

    /* U+0038 "8" */
    0x1f, 0x87, 0xfe, 0xf0, 0xfe, 0x7, 0xe0, 0x7e,
    0x7, 0x70, 0xe3, 0xfc, 0x7f, 0xc7, 0xe, 0xe0,
    0x7e, 0x7, 0xe0, 0x7f, 0xf, 0x7f, 0xe1, 0xf8,

    /* U+0039 "9" */
    0x1f, 0x87, 0xfe, 0x70, 0xee, 0x7, 0xe0, 0x7e,
    0x7, 0xe0, 0x7f, 0xf, 0x7f, 0xf3, 0xf7, 0x0,
    0x70, 0x7, 0x0, 0xe0, 0x1e, 0x3f, 0xc3, 0xf0,

    /* U+003A ":" */
    0xf0, 0x0, 0xf0,

    /* U+003B ";" */
    0x6c, 0x0, 0x0, 0xd, 0xec,

    /* U+003C "<" */
    0x0, 0x0, 0x1c, 0xf, 0x87, 0xe3, 0xe1, 0xf0,
    0x38, 0x7, 0xc0, 0x3e, 0x1, 0xf0, 0xf, 0x80,
    0x70, 0x2,

    /* U+003D "=" */
    0xff, 0xff, 0xc0, 0x0, 0xf, 0xff, 0xfc,

    /* U+003E ">" */
    0x0, 0x1c, 0x3, 0xe0, 0x3f, 0x0, 0xf8, 0x7,
    0xc0, 0x38, 0x1f, 0xf, 0x87, 0xc3, 0xe0, 0x70,
    0x8, 0x0,

    /* U+003F "?" */
    0x7f, 0x3f, 0xe8, 0x3c, 0x7, 0x1, 0xc0, 0x70,
    0x3c, 0x1e, 0xf, 0x7, 0x81, 0xc0, 0x70, 0x0,
    0x0, 0x1, 0xc0, 0x70,

    /* U+0040 "@" */
    0x7, 0xf0, 0x1f, 0xfc, 0x38, 0x1e, 0x73, 0xe6,
    0x67, 0xf3, 0xc0, 0x33, 0xc0, 0x33, 0xc7, 0xf3,
    0xcf, 0xf3, 0xcc, 0x37, 0xcc, 0x3e, 0xef, 0xfc,
    0x67, 0xc0, 0x38, 0x0, 0x1f, 0xf0, 0x7, 0xf0,

    /* U+0041 "A" */
    0x3, 0x80, 0xf, 0x0, 0x1f, 0x0, 0x36, 0x0,
    0xee, 0x1, 0x9c, 0x3, 0x18, 0xe, 0x38, 0x18,
    0x30, 0x70, 0x60, 0xff, 0xe1, 0xff, 0xc7, 0x1,
    0x8e, 0x3, 0x98, 0x7, 0x70, 0x7,

    /* U+0042 "B" */
    0xff, 0xc7, 0xff, 0x38, 0x3d, 0xc0, 0xee, 0x7,
    0x70, 0x3b, 0x83, 0xdf, 0xfc, 0xff, 0xf7, 0x3,
    0xf8, 0xf, 0xc0, 0x7e, 0x3, 0xf0, 0x3f, 0xff,
    0xdf, 0xfc,

    /* U+0043 "C" */
    0xf, 0xe1, 0xff, 0x38, 0x17, 0x0, 0x70, 0xe,
    0x0, 0xe0, 0xe, 0x0, 0xe0, 0xe, 0x0, 0xe0,
    0xf, 0x0, 0x70, 0x3, 0xc1, 0x1f, 0xf0, 0xff,

    /* U+0044 "D" */
    0xff, 0x87, 0xff, 0x38, 0x3d, 0xc0, 0xee, 0x3,
    0xf0, 0x1f, 0x80, 0xfc, 0x7, 0xe0, 0x3f, 0x1,
    0xf8, 0xf, 0xc0, 0x7e, 0x7, 0x70, 0x7b, 0xff,
    0x9f, 0xf0,

    /* U+0045 "E" */
    0xff, 0xff, 0xff, 0x80, 0x70, 0xe, 0x1, 0xc0,
    0x38, 0x7, 0xfe, 0xff, 0xdc, 0x3, 0x80, 0x70,
    0xe, 0x1, 0xc0, 0x3f, 0xff, 0xff,

    /* U+0046 "F" */
    0xff, 0xff, 0xff, 0x80, 0x70, 0xe, 0x1, 0xc0,
    0x38, 0x7, 0xfe, 0xff, 0xdc, 0x3, 0x80, 0x70,
    0xe, 0x1, 0xc0, 0x38, 0x7, 0x0,

    /* U+0047 "G" */
    0xf, 0xf0, 0xff, 0x8f, 0x4, 0xe0, 0x7, 0x0,
    0x70, 0x3, 0x80, 0x1c, 0x3f, 0xe1, 0xff, 0x0,
    0xf8, 0x7, 0xe0, 0x37, 0x1, 0xbc, 0xc, 0xff,
    0xe1, 0xfc,

    /* U+0048 "H" */
    0xe0, 0x3f, 0x1, 0xf8, 0xf, 0xc0, 0x7e, 0x3,
    0xf0, 0x1f, 0x80, 0xff, 0xff, 0xff, 0xff, 0x1,
    0xf8, 0xf, 0xc0, 0x7e, 0x3, 0xf0, 0x1f, 0x80,
    0xfc, 0x7,

    /* U+0049 "I" */
    0xff, 0xff, 0xff, 0xff, 0xff, 0xff,

    /* U+004A "J" */
    0x3, 0x81, 0xc0, 0xe0, 0x70, 0x38, 0x1c, 0xe,
    0x7, 0x3, 0x81, 0xc0, 0xe0, 0x70, 0x38, 0x3f,
    0xfd, 0xf8,

    /* U+004B "K" */
    0xe0, 0x77, 0x7, 0x38, 0x71, 0xc7, 0x8e, 0x38,
    0x73, 0x83, 0xb8, 0x1f, 0xe0, 0xff, 0x7, 0x9c,
    0x38, 0x61, 0xc3, 0x8e, 0xe, 0x70, 0x33, 0x81,
    0xdc, 0x7,

    /* U+004C "L" */
    0xe0, 0x1c, 0x3, 0x80, 0x70, 0xe, 0x1, 0xc0,
    0x38, 0x7, 0x0, 0xe0, 0x1c, 0x3, 0x80, 0x70,
    0xe, 0x1, 0xc0, 0x3f, 0xff, 0xff,

    /* U+004D "M" */
    0xe0, 0xf, 0xe0, 0x3f, 0xc0, 0x7f, 0xc1, 0xff,
    0x83, 0xff, 0x7, 0xfb, 0x1b, 0xf6, 0x37, 0xe6,
    0xcf, 0xcd, 0x9f, 0x8e, 0x3f, 0x1c, 0x7e, 0x38,
    0xfc, 0x1, 0xf8, 0x3, 0xf0, 0x7,

    /* U+004E "N" */
    0xe0, 0x3f, 0x81, 0xfc, 0xf, 0xf0, 0x7f, 0x83,
    0xf6, 0x1f, 0xb8, 0xfc, 0xc7, 0xe3, 0x3f, 0x1d,
    0xf8, 0x6f, 0xc1, 0xfe, 0xf, 0xf0, 0x3f, 0x81,
    0xfc, 0x7,

    /* U+004F "O" */
    0xf, 0xe0, 0x7f, 0xf1, 0xe0, 0xf3, 0x80, 0xee,
    0x1, 0xfc, 0x1, 0xf8, 0x3, 0xf0, 0x7, 0xe0,
    0xf, 0xc0, 0x1f, 0x80, 0x3f, 0x0, 0xf7, 0x1,
    0xcf, 0x7, 0x8f, 0xfe, 0x7, 0xf0,

    /* U+0050 "P" */
    0xff, 0x8f, 0xfe, 0xe0, 0xee, 0x7, 0xe0, 0x7e,
    0x7, 0xe0, 0x7e, 0x7, 0xe0, 0xef, 0xfe, 0xff,
    0x8e, 0x0, 0xe0, 0xe, 0x0, 0xe0, 0xe, 0x0,

    /* U+0051 "Q" */
    0xf, 0xe0, 0x7f, 0xf1, 0xe0, 0xf3, 0x80, 0xee,
    0x0, 0xfc, 0x1, 0xf8, 0x3, 0xf0, 0x7, 0xe0,
    0xf, 0xc0, 0x1f, 0x80, 0x3f, 0x80, 0xf7, 0x1,
    0xcf, 0x8f, 0x8f, 0xfe, 0x7, 0xf0, 0x3, 0x80,
    0x7, 0x0, 0x7, 0xc0, 0xf, 0x80,

    /* U+0052 "R" */
    0xff, 0xcf, 0xfe, 0xe0, 0xfe, 0x7, 0xe0, 0x7e,
    0x7, 0xe0, 0x7e, 0xe, 0xff, 0xcf, 0xf8, 0xe1,
    0x8e, 0x1c, 0xe0, 0xce, 0xe, 0xe0, 0xee, 0x7,

    /* U+0053 "S" */
    0x1f, 0xcf, 0xfb, 0xc1, 0x70, 0xe, 0x1, 0xe0,
    0x3f, 0x3, 0xf8, 0x1f, 0xc0, 0x7c, 0x3, 0x80,
    0x70, 0xf, 0x83, 0xff, 0xf3, 0xf8,

    /* U+0054 "T" */
    0xff, 0xff, 0xff, 0x7, 0x0, 0x70, 0x7, 0x0,
    0x70, 0x7, 0x0, 0x70, 0x7, 0x0, 0x70, 0x7,
    0x0, 0x70, 0x7, 0x0, 0x70, 0x7, 0x0, 0x70,

    /* U+0055 "U" */
    0xe0, 0x1f, 0x80, 0x7e, 0x1, 0xf8, 0x7, 0xe0,
    0x1f, 0x80, 0x7e, 0x1, 0xf8, 0x7, 0xe0, 0x1f,
    0x80, 0x7e, 0x1, 0xf8, 0x7, 0xf0, 0x3d, 0xe1,
    0xe3, 0xff, 0x3, 0xf0,

    /* U+0056 "V" */
    0xe0, 0xe, 0xc0, 0x39, 0xc0, 0x73, 0x80, 0xc3,
    0x3, 0x87, 0x7, 0xe, 0xc, 0xc, 0x38, 0x1c,
    0x70, 0x18, 0xc0, 0x33, 0x80, 0x77, 0x0, 0x6c,
    0x0, 0xf8, 0x1, 0xe0, 0x1, 0xc0,

    /* U+0057 "W" */
    0xe0, 0xc0, 0xfc, 0x1c, 0x1b, 0x83, 0x83, 0x30,
    0x70, 0xe6, 0x1e, 0x1c, 0xe3, 0x63, 0x1c, 0x6c,
    0x61, 0x9d, 0x9c, 0x33, 0x33, 0x87, 0x63, 0x70,
    0xfc, 0x6c, 0x1f, 0xd, 0x81, 0xe0, 0xf0, 0x3c,
    0x1e, 0x7, 0x83, 0x80, 0xe0, 0x70,

    /* U+0058 "X" */
    0xf0, 0x1d, 0xc0, 0xe3, 0x87, 0xe, 0x1c, 0x1c,
    0xe0, 0x3f, 0x0, 0x7c, 0x1, 0xe0, 0x7, 0x80,
    0x1f, 0x0, 0xfc, 0x7, 0x38, 0x3c, 0x70, 0xe1,
    0xc7, 0x3, 0xb8, 0x7,

    /* U+0059 "Y" */
    0x60, 0xc, 0xe0, 0x38, 0xe0, 0xe1, 0xc1, 0xc1,
    0xc7, 0x3, 0x8e, 0x3, 0xb8, 0x3, 0x60, 0x7,
    0xc0, 0x7, 0x0, 0xe, 0x0, 0x1c, 0x0, 0x38,
    0x0, 0x70, 0x0, 0xe0, 0x1, 0xc0,

    /* U+005A "Z" */
    0x7f, 0xf7, 0xff, 0x0, 0xe0, 0xe, 0x1, 0xc0,
    0x38, 0x3, 0x80, 0x70, 0xf, 0x0, 0xe0, 0x1c,
    0x3, 0xc0, 0x78, 0x7, 0x0, 0xff, 0xff, 0xff,

    /* U+005B "[" */
    0xff, 0xff, 0x87, 0xe, 0x1c, 0x38, 0x70, 0xe1,
    0xc3, 0x87, 0xe, 0x1c, 0x38, 0x70, 0xe1, 0xc3,
    0xff, 0xf0,

    /* U+005C "\\" */
    0xe0, 0x30, 0x1c, 0xe, 0x3, 0x1, 0xc0, 0xe0,
    0x30, 0x1c, 0xe, 0x3, 0x1, 0xc0, 0xe0, 0x30,
    0x1c, 0xe, 0x3, 0x1, 0xc0,

    /* U+005D "]" */
    0xff, 0xfc, 0x38, 0x70, 0xe1, 0xc3, 0x87, 0xe,
    0x1c, 0x38, 0x70, 0xe1, 0xc3, 0x87, 0xe, 0x1f,
    0xff, 0xf0,

    /* U+005E "^" */
    0x1c, 0xf, 0xd, 0x86, 0x66, 0x37, 0xc,

    /* U+005F "_" */
    0xff, 0xff, 0xfc,

    /* U+0060 "`" */
    0xe6, 0x63,

    /* U+0061 "a" */
    0x3f, 0x87, 0xf8, 0x7, 0x80, 0x70, 0xe, 0x7f,
    0xdf, 0xff, 0x7, 0xe0, 0xfc, 0x3d, 0xff, 0x9f,
    0x70,

    /* U+0062 "b" */
    0xe0, 0xe, 0x0, 0xe0, 0xe, 0x0, 0xe0, 0xe,
    0xf8, 0xff, 0xef, 0xe, 0xe0, 0x7e, 0x7, 0xe0,
    0x7e, 0x7, 0xe0, 0x7e, 0x7, 0xf0, 0xef, 0xfe,
    0xef, 0x80,

    /* U+0063 "c" */
    0x1f, 0xcf, 0xf7, 0x83, 0xc0, 0xe0, 0x38, 0xe,
    0x3, 0x80, 0xf0, 0x1e, 0x3, 0xfc, 0x7e,

    /* U+0064 "d" */
    0x0, 0x70, 0x7, 0x0, 0x70, 0x7, 0x0, 0x71,
    0xf7, 0x3f, 0xf7, 0xf, 0xf0, 0x7e, 0x7, 0xe0,
    0x7e, 0x7, 0xe0, 0x7e, 0x7, 0x70, 0xf7, 0xff,
    0x1f, 0x70,

    /* U+0065 "e" */
    0x1f, 0x7, 0xf9, 0xc7, 0x70, 0x7e, 0xf, 0xff,
    0xff, 0xff, 0x0, 0xe0, 0xe, 0x0, 0xff, 0xf,
    0xe0,

    /* U+0066 "f" */
    0x1f, 0x3f, 0x70, 0x70, 0x70, 0xfe, 0xfe, 0x70,
    0x70, 0x70, 0x70, 0x70, 0x70, 0x70, 0x70, 0x70,
    0x70,

    /* U+0067 "g" */
    0x3f, 0xf7, 0xff, 0xf1, 0xce, 0xc, 0xe0, 0xcf,
    0x1c, 0x7f, 0x83, 0xf0, 0xe0, 0xe, 0x0, 0xff,
    0xc7, 0xfe, 0x0, 0xe8, 0xe, 0xff, 0xc7, 0xf8,

    /* U+0068 "h" */
    0xe0, 0x1c, 0x3, 0x80, 0x70, 0xe, 0x1, 0xdf,
    0x3f, 0xf7, 0x8f, 0xe0, 0xfc, 0x1f, 0x83, 0xf0,
    0x7e, 0xf, 0xc1, 0xf8, 0x3f, 0x7, 0xe0, 0xe0,

    /* U+0069 "i" */
    0x39, 0xc0, 0x0, 0x3d, 0xe7, 0x39, 0xce, 0x73,
    0x9c, 0xe7, 0x38,

    /* U+006A "j" */
    0x1c, 0x70, 0x0, 0x0, 0xf3, 0xc7, 0x1c, 0x71,
    0xc7, 0x1c, 0x71, 0xc7, 0x1c, 0x71, 0xc7, 0xfb,
    0xe0,

    /* U+006B "k" */
    0xe0, 0x1c, 0x3, 0x80, 0x70, 0xe, 0x1, 0xc3,
    0xb8, 0xe7, 0x38, 0xee, 0x1f, 0x83, 0xf8, 0x7b,
    0xe, 0x71, 0xc7, 0x38, 0x67, 0xe, 0xe0, 0xe0,

    /* U+006C "l" */
    0xe7, 0x39, 0xce, 0x73, 0x9c, 0xe7, 0x39, 0xce,
    0x73, 0x9f, 0x78,

    /* U+006D "m" */
    0xef, 0x9e, 0x7f, 0xff, 0xbc, 0x79, 0xfc, 0x38,
    0x7e, 0x1c, 0x3f, 0xe, 0x1f, 0x87, 0xf, 0xc3,
    0x87, 0xe1, 0xc3, 0xf0, 0xe1, 0xf8, 0x70, 0xfc,
    0x38, 0x70,

    /* U+006E "n" */
    0xef, 0x9f, 0xfb, 0xc7, 0xf0, 0x7e, 0xf, 0xc1,
    0xf8, 0x3f, 0x7, 0xe0, 0xfc, 0x1f, 0x83, 0xf0,
    0x70,

    /* U+006F "o" */
    0x1f, 0x83, 0xfc, 0x70, 0xee, 0x7, 0xe0, 0x7e,
    0x7, 0xe0, 0x7e, 0x7, 0xe0, 0x77, 0xe, 0x7f,
    0xe1, 0xf8,

    /* U+0070 "p" */
    0xef, 0x8f, 0xfe, 0xf0, 0xee, 0x7, 0xe0, 0x7e,
    0x7, 0xe0, 0x7e, 0x7, 0xe0, 0xff, 0xe, 0xff,
    0xee, 0xf8, 0xe0, 0xe, 0x0, 0xe0, 0xe, 0x0,
    0xe0, 0x0,

    /* U+0071 "q" */
    0x1f, 0x71, 0xff, 0xc7, 0xf, 0x3c, 0x1c, 0xe0,
    0x73, 0x81, 0xce, 0x7, 0x38, 0x1c, 0xe0, 0x71,
    0xc3, 0xc7, 0xff, 0x7, 0xdc, 0x0, 0x70, 0x1,
    0xc0, 0x7, 0x0, 0x1c, 0x0, 0x7c, 0x0, 0xf0,

    /* U+0072 "r" */
    0xef, 0xff, 0xe7, 0xe, 0x1c, 0x38, 0x70, 0xe1,
    0xc3, 0x87, 0x0,

    /* U+0073 "s" */
    0x3f, 0x3f, 0xb8, 0x1c, 0xf, 0x83, 0xf0, 0xfc,
    0xf, 0x3, 0xc1, 0xff, 0xcf, 0xc0,

    /* U+0074 "t" */
    0x0, 0x38, 0x38, 0x38, 0xff, 0xff, 0x38, 0x38,
    0x38, 0x38, 0x38, 0x38, 0x38, 0x38, 0x1f, 0xf,

    /* U+0075 "u" */
    0xe0, 0xfc, 0x1f, 0x83, 0xf0, 0x7e, 0xf, 0xc1,
    0xf8, 0x3f, 0x7, 0xe0, 0xfe, 0x3d, 0xff, 0x9f,
    0x70,

    /* U+0076 "v" */
    0xe0, 0x76, 0x6, 0x70, 0xe7, 0xe, 0x30, 0xc3,
    0x9c, 0x39, 0x81, 0x98, 0x1f, 0x80, 0xf0, 0xf,
    0x0, 0xf0,

    /* U+0077 "w" */
    0xe1, 0x87, 0x61, 0x87, 0x61, 0xc6, 0x73, 0xc6,
    0x73, 0xce, 0x33, 0x6e, 0x36, 0x6c, 0x36, 0x6c,
    0x3e, 0x6c, 0x1c, 0x3c, 0x1c, 0x38, 0x1c, 0x38,

    /* U+0078 "x" */
    0xe0, 0xee, 0x38, 0xc6, 0x1d, 0xc1, 0xf0, 0x1c,
    0x3, 0x80, 0xf8, 0x3b, 0x8e, 0x31, 0xc7, 0x70,
    0x70,

    /* U+0079 "y" */
    0xe0, 0x3b, 0x81, 0x9c, 0x1c, 0x60, 0xc3, 0x8e,
    0xc, 0x70, 0x77, 0x3, 0xb8, 0xd, 0x80, 0x7c,
    0x1, 0xc0, 0xe, 0x0, 0x70, 0x7, 0x1, 0xf0,
    0xf, 0x0,

    /* U+007A "z" */
    0xff, 0xff, 0xc1, 0xc0, 0xe0, 0xe0, 0xe0, 0x60,
    0x70, 0x70, 0x30, 0x3f, 0xff, 0xf0,

    /* U+007B "{" */
    0x1e, 0x7c, 0xe1, 0xc3, 0x87, 0xe, 0x1c, 0x39,
    0xe3, 0xc1, 0xc3, 0x87, 0xe, 0x1c, 0x38, 0x70,
    0xf8, 0xf0,

    /* U+007C "|" */
    0xff, 0xff, 0xff, 0xff, 0xff, 0xff, 0xff, 0xfe,

    /* U+007D "}" */
    0xf3, 0xe3, 0x8e, 0x38, 0xe3, 0x8e, 0x38, 0x71,
    0xce, 0x38, 0xe3, 0x8e, 0x38, 0xef, 0xbc,

    /* U+007E "~" */
    0x78, 0x1f, 0xc6, 0x1f, 0x81, 0xe0,

    /* U+00A0 " " */
    0x0,

    /* U+00A1 "¡" */
    0xfc, 0xf, 0xff, 0xff, 0xff, 0xff,

    /* U+00A2 "¢" */
    0x6, 0x1, 0x81, 0xfc, 0xff, 0x76, 0x39, 0x8e,
    0x63, 0x98, 0xe6, 0x39, 0x8e, 0x61, 0xd8, 0x7f,
    0xc7, 0xf0, 0x60, 0x18,

    /* U+00A3 "£" */
    0xf, 0x87, 0xe3, 0xc0, 0xe0, 0x38, 0xe, 0x3,
    0x83, 0xfe, 0xff, 0x8e, 0x3, 0x80, 0xe0, 0x38,
    0xe, 0xf, 0xff, 0xff,

    /* U+00A4 "¤" */
    0x0, 0x19, 0xcd, 0xff, 0x18, 0xc6, 0xc, 0xc1,
    0x98, 0x31, 0x8c, 0x7f, 0xd9, 0xcc, 0x0, 0x0,

    /* U+00A5 "¥" */
    0xe0, 0x1d, 0x80, 0xe7, 0x3, 0xc, 0x1c, 0x38,
    0xe0, 0x63, 0x81, 0xdc, 0x3, 0x70, 0xf, 0x80,
    0xff, 0xc3, 0xff, 0x1, 0xc0, 0x3f, 0xf0, 0xff,
    0xc0, 0x70, 0x1, 0xc0,

    /* U+00A6 "¦" */
    0xff, 0xff, 0xff, 0x0, 0x1, 0xff, 0xff, 0xfe,

    /* U+00A7 "§" */
    0x1f, 0xcf, 0xfb, 0xc1, 0x70, 0xe, 0x1, 0xc0,
    0x3e, 0x7, 0xf8, 0xef, 0xde, 0x3d, 0xf9, 0x8f,
    0xf0, 0x3e, 0x1, 0xc0, 0x38, 0x7, 0xc1, 0xff,
    0xf9, 0xfc, 0x0,

    /* U+00A8 "¨" */
    0xc7, 0x8c,

    /* U+00A9 "©" */
    0x7, 0xe0, 0x1f, 0xf8, 0x3c, 0x3c, 0x33, 0xcc,
    0x6f, 0xe6, 0xee, 0x6, 0xd8, 0x3, 0xd8, 0x3,
    0xd8, 0x3, 0xd8, 0x3, 0xd8, 0x3, 0xec, 0x6,
    0x6f, 0xe6, 0x33, 0xcc, 0x3c, 0x3c, 0x1f, 0xf8,
    0x7, 0xe0,

    /* U+00AA "ª" */
    0x78, 0x37, 0xf3, 0xcd, 0xf0,

    /* U+00AB "«" */
    0x6, 0x10, 0x73, 0x8e, 0x38, 0xe3, 0x8e, 0x70,
    0x71, 0xc1, 0xc7, 0x3, 0x9c, 0xe, 0x70, 0x30,
    0x80,

    /* U+00AC "¬" */
    0xff, 0xff, 0xfc, 0x1, 0x80, 0x30, 0x6, 0x0,
    0xc0,

    /* U+00AD "­" */
    0xff, 0xff, 0xc0,

    /* U+00AE "®" */
    0x7, 0xe0, 0x1f, 0xf8, 0x3c, 0x3c, 0x3f, 0xec,
    0x6f, 0xf6, 0xec, 0x36, 0xcc, 0x33, 0xcc, 0x33,
    0xcf, 0xe3, 0xcf, 0xc3, 0xcc, 0x43, 0xec, 0x66,
    0x6c, 0x66, 0x3c, 0x3c, 0x3c, 0x3c, 0x1f, 0xf8,
    0x7, 0xe0,

    /* U+00AF "¯" */
    0xff, 0xfc,

    /* U+00B0 "°" */
    0x7b, 0xfc, 0xf3, 0xfd, 0xe0,

    /* U+00B1 "±" */
    0xc, 0x6, 0x3, 0x1f, 0xff, 0xf8, 0x60, 0x30,
    0x18, 0xc, 0x0, 0x3f, 0xff, 0xf0,

    /* U+00B2 "²" */
    0xf0, 0xc6, 0x66, 0x7c,

    /* U+00B3 "³" */
    0xf0, 0xdc, 0x31, 0xf8,

    /* U+00B4 "´" */
    0x36, 0x6c,

    /* U+00B5 "µ" */
    0xe0, 0xfc, 0x1f, 0x83, 0xf0, 0x7e, 0xf, 0xc1,
    0xf8, 0x3f, 0x7, 0xe0, 0xfe, 0x3f, 0xff, 0xff,
    0x7e, 0x1, 0xc0, 0x38, 0x0,

    /* U+00B6 "¶" */
    0x1f, 0xf9, 0xff, 0xdf, 0xef, 0xff, 0x7f, 0xfb,
    0xff, 0xdf, 0xfe, 0xff, 0xf7, 0xff, 0xbb, 0xfd,
    0xcf, 0xee, 0x7, 0x70, 0x3b, 0x81, 0xdc, 0xe,
    0xe0, 0x77, 0x3, 0xb8, 0x1d, 0xc0, 0xee, 0x7,
    0x70,

    /* U+00B7 "·" */
    0xf0,

    /* U+00B8 "¸" */
    0x21, 0xe0, 0xc3, 0xff, 0xe0,

    /* U+00B9 "¹" */
    0x3f, 0x33, 0x33, 0x30,

    /* U+00BA "º" */
    0x7d, 0x8f, 0x1e, 0x3c, 0x6f, 0x80,

    /* U+00BB "»" */
    0xc3, 0x7, 0x1c, 0xe, 0x70, 0x39, 0xc0, 0xe3,
    0x87, 0x38, 0x73, 0x8e, 0x38, 0xe3, 0x86, 0x10,
    0x0,

    /* U+00BC "¼" */
    0x10, 0x33, 0xc1, 0xc3, 0x6, 0xc, 0x38, 0x30,
    0xc0, 0xc7, 0x3, 0x18, 0x0, 0xe0, 0x3, 0x0,
    0x1c, 0x60, 0x63, 0x83, 0x9a, 0xc, 0xc8, 0x73,
    0xf1, 0x8f, 0xce, 0x6, 0x30, 0x18,

    /* U+00BD "½" */
    0xf0, 0x67, 0x87, 0xc, 0x30, 0x63, 0x83, 0x18,
    0x18, 0xc0, 0xcc, 0x0, 0x60, 0x7, 0x0, 0x37,
    0x83, 0xbe, 0x18, 0x31, 0xc1, 0xc, 0x30, 0xe3,
    0xe6, 0x1f,

    /* U+00BE "¾" */
    0xf0, 0x77, 0xc3, 0x86, 0x38, 0xe1, 0xc1, 0x9c,
    0xc, 0xe3, 0xee, 0x1e, 0x70, 0x7, 0x0, 0x30,
    0x3, 0x8e, 0x18, 0xd1, 0xcc, 0x8c, 0xfc, 0xe7,
    0xee, 0x3, 0x70, 0x18,

    /* U+00BF "¿" */
    0xe, 0x3, 0x80, 0x0, 0x0, 0xe, 0x3, 0x81,
    0xe0, 0x70, 0x38, 0x1c, 0xf, 0x3, 0x80, 0xe0,
    0x38, 0xf, 0x5, 0xff, 0x1f, 0x80,

    /* U+00C0 "À" */
    0xe, 0x0, 0xc, 0x0, 0x1c, 0x0, 0x18, 0x0,
    0x0, 0x0, 0x70, 0x1, 0xe0, 0x3, 0xe0, 0x6,
    0xc0, 0x1d, 0xc0, 0x33, 0x80, 0x63, 0x1, 0xc7,
    0x3, 0x6, 0xe, 0xc, 0x1f, 0xfc, 0x3f, 0xf8,
    0xe0, 0x31, 0xc0, 0x73, 0x0, 0xee, 0x0, 0xe0,

    /* U+00C1 "Á" */
    0x0, 0xc0, 0x1, 0x80, 0x6, 0x0, 0xc, 0x0,
    0x0, 0x0, 0x70, 0x1, 0xe0, 0x3, 0xe0, 0x6,
    0xc0, 0x1d, 0xc0, 0x33, 0x80, 0x63, 0x1, 0xc7,
    0x3, 0x6, 0xe, 0xc, 0x1f, 0xfc, 0x3f, 0xf8,
    0xe0, 0x31, 0xc0, 0x73, 0x0, 0xee, 0x0, 0xe0,

    /* U+00C2 "Â" */
    0x3, 0x80, 0xf, 0x0, 0x1b, 0x0, 0x63, 0x0,
    0x0, 0x0, 0x70, 0x1, 0xe0, 0x3, 0xe0, 0x6,
    0xc0, 0x1d, 0xc0, 0x33, 0x80, 0x63, 0x1, 0xc7,
    0x3, 0x6, 0xe, 0xc, 0x1f, 0xfc, 0x3f, 0xf8,
    0xe0, 0x31, 0xc0, 0x73, 0x0, 0xee, 0x0, 0xe0,

    /* U+00C3 "Ã" */
    0xf, 0x0, 0xf, 0xf0, 0x0, 0xf0, 0x0, 0x0,
    0x3, 0xc0, 0x3, 0xc0, 0x3, 0xc0, 0x7, 0xe0,
    0x6, 0x60, 0xe, 0x70, 0xe, 0x70, 0xc, 0x30,
    0x1c, 0x38, 0x18, 0x18, 0x1f, 0xf8, 0x3f, 0xfc,
    0x38, 0x1c, 0x70, 0xe, 0x70, 0xe, 0x60, 0x6,

    /* U+00C4 "Ä" */
    0xc, 0x60, 0x18, 0xc0, 0x0, 0x0, 0x0, 0x0,
    0x3c, 0x0, 0xf8, 0x1, 0xf0, 0x7, 0x70, 0xe,
    0xe0, 0x18, 0xc0, 0x71, 0xc0, 0xe3, 0x81, 0x83,
    0x7, 0x7, 0xf, 0xfe, 0x1f, 0xfc, 0x70, 0x1c,
    0xe0, 0x39, 0x80, 0x3f, 0x0, 0x70,

    /* U+00C5 "Å" */
    0x3, 0x80, 0xf, 0x80, 0x11, 0x0, 0x22, 0x0,
    0x44, 0x0, 0x70, 0x0, 0xe0, 0x3, 0xe0, 0x6,
    0xc0, 0xd, 0x80, 0x3b, 0x80, 0x63, 0x1, 0xc7,
    0x3, 0x8e, 0x6, 0xc, 0x1f, 0xfc, 0x3f, 0xf8,
    0x70, 0x71, 0xc0, 0x73, 0x80, 0xe6, 0x0, 0xc0,

    /* U+00C6 "Æ" */
    0x3, 0xff, 0xe0, 0x7f, 0xfc, 0x1d, 0xc0, 0x3,
    0xb8, 0x0, 0x67, 0x0, 0x1c, 0xe0, 0x3, 0x9c,
    0x0, 0xe3, 0xfe, 0x1c, 0x7f, 0xc3, 0xe, 0x0,
    0xff, 0xc0, 0x1f, 0xf8, 0x3, 0x7, 0x0, 0xe0,
    0xe0, 0x1c, 0x1f, 0xff, 0x3, 0xff,

    /* U+00C7 "Ç" */
    0xf, 0xe1, 0xff, 0x38, 0x17, 0x0, 0x70, 0xe,
    0x0, 0xe0, 0xe, 0x0, 0xe0, 0xe, 0x0, 0xe0,
    0xf, 0x0, 0x70, 0x3, 0xc1, 0x1f, 0xf0, 0xff,
    0x3, 0x0, 0x3c, 0x0, 0x60, 0xe, 0x7, 0xc0,
    0x78,

    /* U+00C8 "È" */
    0x18, 0x1, 0x80, 0x30, 0x3, 0x0, 0x1, 0xff,
    0xff, 0xff, 0x0, 0xe0, 0x1c, 0x3, 0x80, 0x70,
    0xf, 0xfd, 0xff, 0xb8, 0x7, 0x0, 0xe0, 0x1c,
    0x3, 0x80, 0x7f, 0xff, 0xfe,

    /* U+00C9 "É" */
    0x3, 0x0, 0xe0, 0x18, 0x3, 0x0, 0x1, 0xff,
    0xff, 0xff, 0x0, 0xe0, 0x1c, 0x3, 0x80, 0x70,
    0xf, 0xfd, 0xff, 0xb8, 0x7, 0x0, 0xe0, 0x1c,
    0x3, 0x80, 0x7f, 0xff, 0xfe,

    /* U+00CA "Ê" */
    0xe, 0x3, 0x40, 0x6c, 0x18, 0xc0, 0x1, 0xff,
    0xff, 0xff, 0x0, 0xe0, 0x1c, 0x3, 0x80, 0x70,
    0xf, 0xfd, 0xff, 0xb8, 0x7, 0x0, 0xe0, 0x1c,
    0x3, 0x80, 0x7f, 0xff, 0xfe,

    /* U+00CB "Ë" */
    0x31, 0x86, 0x30, 0x0, 0x0, 0xf, 0xff, 0xff,
    0xf8, 0x7, 0x0, 0xe0, 0x1c, 0x3, 0x80, 0x7f,
    0xef, 0xfd, 0xc0, 0x38, 0x7, 0x0, 0xe0, 0x1c,
    0x3, 0xff, 0xff, 0xf0,

    /* U+00CC "Ì" */
    0x63, 0xc, 0x60, 0x1c, 0xe7, 0x39, 0xce, 0x73,
    0x9c, 0xe7, 0x39, 0xce, 0x73, 0x80,

    /* U+00CD "Í" */
    0x33, 0x99, 0xc0, 0x73, 0x9c, 0xe7, 0x39, 0xce,
    0x73, 0x9c, 0xe7, 0x39, 0xce, 0x0,

    /* U+00CE "Î" */
    0x1c, 0x1f, 0xd, 0x8c, 0x60, 0x0, 0xe0, 0x70,
    0x38, 0x1c, 0xe, 0x7, 0x3, 0x81, 0xc0, 0xe0,
    0x70, 0x38, 0x1c, 0xe, 0x7, 0x3, 0x81, 0xc0,

    /* U+00CF "Ï" */
    0xc7, 0x8c, 0x0, 0x3, 0x87, 0xe, 0x1c, 0x38,
    0x70, 0xe1, 0xc3, 0x87, 0xe, 0x1c, 0x38, 0x70,
    0xe1, 0xc0,

    /* U+00D0 "Ð" */
    0x7f, 0xe0, 0xff, 0xf1, 0xc0, 0xf3, 0x80, 0xe7,
    0x0, 0xee, 0x1, 0xdc, 0x3, 0xff, 0x87, 0xff,
    0xe, 0xe0, 0x1d, 0xc0, 0x3b, 0x80, 0x77, 0x1,
    0xce, 0x7, 0x9f, 0xfe, 0x3f, 0xf0,

    /* U+00D1 "Ñ" */
    0x1e, 0x0, 0xff, 0x0, 0x78, 0x0, 0xe, 0x1,
    0xf8, 0xf, 0xc0, 0x7f, 0x3, 0xfc, 0x1f, 0x70,
    0xf9, 0x87, 0xce, 0x3e, 0x39, 0xf0, 0xcf, 0x87,
    0x7c, 0x1f, 0xe0, 0x7f, 0x3, 0xf8, 0xf, 0xc0,
    0x30,

    /* U+00D2 "Ò" */
    0x6, 0x0, 0xe, 0x0, 0xc, 0x0, 0x18, 0x0,
    0x0, 0x0, 0x0, 0x3, 0xf8, 0x1f, 0xfc, 0x78,
    0x3c, 0xe0, 0x3b, 0x80, 0x7f, 0x0, 0x7e, 0x0,
    0xfc, 0x1, 0xf8, 0x3, 0xf0, 0x7, 0xe0, 0xf,
    0xc0, 0x3d, 0xc0, 0x73, 0xc1, 0xe3, 0xff, 0x81,
    0xfc, 0x0,

    /* U+00D3 "Ó" */
    0x0, 0xc0, 0x3, 0x80, 0x6, 0x0, 0xc, 0x0,
    0x0, 0x0, 0x0, 0x3, 0xf8, 0x1f, 0xfc, 0x78,
    0x3c, 0xe0, 0x3b, 0x80, 0x7f, 0x0, 0x7e, 0x0,
    0xfc, 0x1, 0xf8, 0x3, 0xf0, 0x7, 0xe0, 0xf,
    0xc0, 0x3d, 0xc0, 0x73, 0xc1, 0xe3, 0xff, 0x81,
    0xfc, 0x0,

    /* U+00D4 "Ô" */
    0x1, 0x0, 0x7, 0x0, 0x1b, 0x0, 0x63, 0x0,
    0xc6, 0x0, 0x0, 0x3, 0xf8, 0x1f, 0xfc, 0x78,
    0x3c, 0xe0, 0x3b, 0x80, 0x7f, 0x0, 0x7e, 0x0,
    0xfc, 0x1, 0xf8, 0x3, 0xf0, 0x7, 0xe0, 0xf,
    0xc0, 0x3d, 0xc0, 0x73, 0xc1, 0xe3, 0xff, 0x81,
    0xfc, 0x0,

    /* U+00D5 "Õ" */
    0x1e, 0x0, 0x3f, 0xc0, 0x7, 0x80, 0x0, 0x0,
    0xfe, 0x7, 0xff, 0x1e, 0xf, 0x38, 0xe, 0xe0,
    0x1f, 0xc0, 0x1f, 0x80, 0x3f, 0x0, 0x7e, 0x0,
    0xfc, 0x1, 0xf8, 0x3, 0xf0, 0xf, 0x70, 0x1c,
    0xf0, 0x78, 0xff, 0xe0, 0x7f, 0x0,

    /* U+00D6 "Ö" */
    0xc, 0x60, 0x18, 0xc0, 0x0, 0x0, 0x0, 0x0,
    0xfe, 0x7, 0xff, 0x1e, 0xf, 0x38, 0xe, 0xe0,
    0x1f, 0xc0, 0x1f, 0x80, 0x3f, 0x0, 0x7e, 0x0,
    0xfc, 0x1, 0xf8, 0x3, 0xf0, 0xf, 0x70, 0x1c,
    0xf0, 0x78, 0xff, 0xe0, 0x7f, 0x0,

    /* U+00D7 "×" */
    0x42, 0x66, 0x7c, 0x38, 0x3c, 0x7e, 0xe7, 0x42,

    /* U+00D8 "Ø" */
    0x0, 0x20, 0x1f, 0xc0, 0xff, 0xe3, 0xc3, 0xe7,
    0xd, 0xdc, 0x11, 0xf8, 0x23, 0xf0, 0xc7, 0xe1,
    0xf, 0xc6, 0x1f, 0x8c, 0x3f, 0x10, 0x7f, 0x61,
    0xee, 0xc3, 0x9f, 0xf, 0x1f, 0xfc, 0xf, 0xe0,
    0x30, 0x0,

    /* U+00D9 "Ù" */
    0x6, 0x0, 0x18, 0x0, 0x30, 0x0, 0xc0, 0x0,
    0x0, 0x0, 0xe, 0x1, 0xf8, 0x7, 0xe0, 0x1f,
    0x80, 0x7e, 0x1, 0xf8, 0x7, 0xe0, 0x1f, 0x80,
    0x7e, 0x1, 0xf8, 0x7, 0xe0, 0x1f, 0x80, 0x7f,
    0x3, 0xde, 0x1e, 0x3f, 0xf0, 0x3f, 0x0,

    /* U+00DA "Ú" */
    0x1, 0xc0, 0x6, 0x0, 0x38, 0x0, 0xc0, 0x0,
    0x0, 0x0, 0xe, 0x1, 0xf8, 0x7, 0xe0, 0x1f,
    0x80, 0x7e, 0x1, 0xf8, 0x7, 0xe0, 0x1f, 0x80,
    0x7e, 0x1, 0xf8, 0x7, 0xe0, 0x1f, 0x80, 0x7f,
    0x3, 0xde, 0x1e, 0x3f, 0xf0, 0x3f, 0x0,

    /* U+00DB "Û" */
    0x3, 0x0, 0x1e, 0x0, 0x78, 0x3, 0x30, 0x18,
    0x60, 0x0, 0xe, 0x1, 0xf8, 0x7, 0xe0, 0x1f,
    0x80, 0x7e, 0x1, 0xf8, 0x7, 0xe0, 0x1f, 0x80,
    0x7e, 0x1, 0xf8, 0x7, 0xe0, 0x1f, 0x80, 0x7f,
    0x3, 0xde, 0x1e, 0x3f, 0xf0, 0x3f, 0x0,

    /* U+00DC "Ü" */
    0x18, 0xc0, 0x63, 0x0, 0x0, 0x0, 0x0, 0xe0,
    0x1f, 0x80, 0x7e, 0x1, 0xf8, 0x7, 0xe0, 0x1f,
    0x80, 0x7e, 0x1, 0xf8, 0x7, 0xe0, 0x1f, 0x80,
    0x7e, 0x1, 0xf8, 0x7, 0xf0, 0x3d, 0xe1, 0xe3,
    0xff, 0x3, 0xf0,

    /* U+00DD "Ý" */
    0x0, 0xc0, 0x3, 0x80, 0x6, 0x0, 0x1c, 0x0,
    0x0, 0xc, 0x1, 0x9c, 0x7, 0x1c, 0x1c, 0x38,
    0x38, 0x38, 0xe0, 0x71, 0xc0, 0x77, 0x0, 0x6c,
    0x0, 0xf8, 0x0, 0xe0, 0x1, 0xc0, 0x3, 0x80,
    0x7, 0x0, 0xe, 0x0, 0x1c, 0x0, 0x38, 0x0,

    /* U+00DE "Þ" */
    0xe0, 0xe, 0x0, 0xe0, 0xf, 0xfc, 0xff, 0xee,
    0xe, 0xe0, 0x7e, 0x7, 0xe0, 0x7e, 0x7, 0xe0,
    0xef, 0xfe, 0xff, 0x8e, 0x0, 0xe0, 0xe, 0x0,

    /* U+00DF "ß" */
    0x1f, 0x81, 0xff, 0x1c, 0x39, 0xc0, 0xee, 0x7,
    0x70, 0x3b, 0x83, 0xdc, 0xfc, 0xe7, 0xe7, 0x3,
    0xb8, 0xf, 0xc0, 0x7e, 0x3, 0xf0, 0x1f, 0x81,
    0xfc, 0xfe, 0xe7, 0xc0,

    /* U+00E0 "à" */
    0xc, 0x1, 0x80, 0x10, 0x3, 0x0, 0x0, 0x7f,
    0xf, 0xf0, 0xf, 0x0, 0xe0, 0x1c, 0xff, 0xbf,
    0xfe, 0xf, 0xc1, 0xf8, 0x7b, 0xff, 0x3e, 0xe0,

    /* U+00E1 "á" */
    0x3, 0x0, 0x60, 0x18, 0x3, 0x0, 0x0, 0x7f,
    0xf, 0xf0, 0xf, 0x0, 0xe0, 0x1c, 0xff, 0xbf,
    0xfe, 0xf, 0xc1, 0xf8, 0x7b, 0xff, 0x3e, 0xe0,

    /* U+00E2 "â" */
    0x6, 0x1, 0xe0, 0x66, 0xc, 0xc0, 0x0, 0x7f,
    0xf, 0xf0, 0xf, 0x0, 0xe0, 0x1c, 0xff, 0xbf,
    0xfe, 0xf, 0xc1, 0xf8, 0x7b, 0xff, 0x3e, 0xe0,

    /* U+00E3 "ã" */
    0x3c, 0x7, 0xf8, 0xf, 0x0, 0x3, 0xf8, 0xff,
    0x90, 0x78, 0x7, 0x0, 0xe7, 0xfd, 0xff, 0xf0,
    0x7e, 0xf, 0xc3, 0xdf, 0xf9, 0xf7,

    /* U+00E4 "ä" */
    0x19, 0x83, 0x30, 0x0, 0x0, 0x3, 0xf8, 0x7f,
    0x80, 0x78, 0x7, 0x0, 0xe7, 0xfd, 0xff, 0xf0,
    0x7e, 0xf, 0xc3, 0xdf, 0xf9, 0xf7,

    /* U+00E5 "å" */
    0xf, 0x3, 0xf0, 0x42, 0x8, 0x41, 0xf8, 0x1e,
    0x0, 0x1, 0xfc, 0x3f, 0xc0, 0x3c, 0x3, 0x80,
    0x73, 0xfe, 0xff, 0xf8, 0x3f, 0x7, 0xe1, 0xef,
    0xfc, 0xfb, 0x80,

    /* U+00E6 "æ" */
    0x3f, 0x9f, 0x7, 0xff, 0xf8, 0x7, 0xc7, 0x0,
    0x70, 0x70, 0xe, 0xe, 0x7f, 0xff, 0xdf, 0xff,
    0xff, 0x7, 0x0, 0xe0, 0xe0, 0x1c, 0x3e, 0x1,
    0xfe, 0xff, 0x1f, 0x7, 0xe0,

    /* U+00E7 "ç" */
    0x1f, 0xcf, 0xf7, 0x83, 0xc0, 0xe0, 0x38, 0xe,
    0x3, 0x80, 0xf0, 0x1e, 0x3, 0xfc, 0x7f, 0x4,
    0x1, 0xc0, 0x18, 0x6, 0xf, 0x83, 0xc0,

    /* U+00E8 "è" */
    0x18, 0x1, 0x0, 0x30, 0x6, 0x0, 0x0, 0x3e,
    0xf, 0xf3, 0x8e, 0xe0, 0xfc, 0x1f, 0xff, 0xff,
    0xfe, 0x1, 0xc0, 0x1c, 0x1, 0xfe, 0x1f, 0xc0,

    /* U+00E9 "é" */
    0x3, 0x0, 0xc0, 0x18, 0x3, 0x0, 0x0, 0x3e,
    0xf, 0xf3, 0x8e, 0xe0, 0xfc, 0x1f, 0xff, 0xff,
    0xfe, 0x1, 0xc0, 0x1c, 0x1, 0xfe, 0x1f, 0xc0,

    /* U+00EA "ê" */
    0xe, 0x1, 0xc0, 0x6c, 0x18, 0xc0, 0x0, 0x3e,
    0xf, 0xf3, 0x8e, 0xe0, 0xfc, 0x1f, 0xff, 0xff,
    0xfe, 0x1, 0xc0, 0x1c, 0x1, 0xfe, 0x1f, 0xc0,

    /* U+00EB "ë" */
    0x31, 0x86, 0x30, 0x0, 0x0, 0x1, 0xf0, 0x7f,
    0x9c, 0x77, 0x7, 0xe0, 0xff, 0xff, 0xff, 0xf0,
    0xe, 0x0, 0xf0, 0xf, 0xf0, 0xfe,

    /* U+00EC "ì" */
    0xe3, 0xc, 0x60, 0x7f, 0xe7, 0x39, 0xce, 0x73,
    0x9c, 0xe7, 0x38,

    /* U+00ED "í" */
    0xc, 0x71, 0x8e, 0x3, 0xef, 0x8e, 0x38, 0xe3,
    0x8e, 0x38, 0xe3, 0x8e, 0x38,

    /* U+00EE "î" */
    0x38, 0x3c, 0x66, 0xc3, 0x0, 0x7c, 0x7c, 0x1c,
    0x1c, 0x1c, 0x1c, 0x1c, 0x1c, 0x1c, 0x1c, 0x1c,
    0x1c,

    /* U+00EF "ï" */
    0xc7, 0x8c, 0x0, 0x7, 0xcf, 0x87, 0xe, 0x1c,
    0x38, 0x70, 0xe1, 0xc3, 0x87, 0xe,

    /* U+00F0 "ð" */
    0x1f, 0x3, 0xff, 0x0, 0xe0, 0x3e, 0x2, 0x70,
    0x7, 0x1f, 0x77, 0xff, 0xf0, 0xfe, 0x7, 0xe0,
    0x7e, 0x7, 0xe0, 0x77, 0xe, 0x7f, 0xe1, 0xf8,

    /* U+00F1 "ñ" */
    0x78, 0xf, 0xf0, 0x1e, 0x0, 0xe, 0xf9, 0xff,
    0xbc, 0x7f, 0x7, 0xe0, 0xfc, 0x1f, 0x83, 0xf0,
    0x7e, 0xf, 0xc1, 0xf8, 0x3f, 0x7,

    /* U+00F2 "ò" */
    0xc, 0x0, 0xc0, 0xc, 0x0, 0x60, 0x0, 0x1,
    0xf8, 0x3f, 0xc7, 0xe, 0xe0, 0x7e, 0x7, 0xe0,
    0x7e, 0x7, 0xe0, 0x7e, 0x7, 0x70, 0xe7, 0xfe,
    0x1f, 0x80,

    /* U+00F3 "ó" */
    0x3, 0x0, 0x30, 0x3, 0x0, 0x60, 0x0, 0x1,
    0xf8, 0x3f, 0xc7, 0xe, 0xe0, 0x7e, 0x7, 0xe0,
    0x7e, 0x7, 0xe0, 0x7e, 0x7, 0x70, 0xe7, 0xfe,
    0x1f, 0x80,

    /* U+00F4 "ô" */
    0x6, 0x0, 0xf0, 0x19, 0x81, 0x98, 0x0, 0x1,
    0xf8, 0x3f, 0xc7, 0xe, 0xe0, 0x7e, 0x7, 0xe0,
    0x7e, 0x7, 0xe0, 0x7e, 0x7, 0x70, 0xe7, 0xfe,
    0x1f, 0x80,

    /* U+00F5 "õ" */
    0x3f, 0xc3, 0xfc, 0x0, 0x0, 0x0, 0x1f, 0x83,
    0xfc, 0x70, 0xee, 0x7, 0xe0, 0x7e, 0x7, 0xe0,
    0x7e, 0x7, 0xe0, 0x77, 0xe, 0x7f, 0xe1, 0xf8,

    /* U+00F6 "ö" */
    0x19, 0x81, 0x98, 0x0, 0x0, 0x0, 0x1f, 0x83,
    0xfc, 0x70, 0xee, 0x7, 0xe0, 0x7e, 0x7, 0xe0,
    0x7e, 0x7, 0xe0, 0x77, 0xe, 0x7f, 0xe1, 0xf8,

    /* U+00F7 "÷" */
    0xc, 0x6, 0x0, 0x0, 0xf, 0xff, 0xfc, 0x0,
    0x0, 0xc, 0x6, 0x0,

    /* U+00F8 "ø" */
    0x0, 0x80, 0x18, 0x1f, 0x87, 0xfc, 0x71, 0xee,
    0x37, 0xe2, 0x7e, 0x67, 0xe6, 0x7e, 0x47, 0xfc,
    0x77, 0xce, 0x3f, 0xe1, 0xf8, 0x18, 0x0,

    /* U+00F9 "ù" */
    0x18, 0x1, 0x80, 0x30, 0x2, 0x0, 0x1, 0xc1,
    0xf8, 0x3f, 0x7, 0xe0, 0xfc, 0x1f, 0x83, 0xf0,
    0x7e, 0xf, 0xc1, 0xfc, 0x7b, 0xff, 0x3e, 0xe0,

    /* U+00FA "ú" */
    0x3, 0x0, 0xc0, 0x18, 0x6, 0x0, 0x1, 0xc1,
    0xf8, 0x3f, 0x7, 0xe0, 0xfc, 0x1f, 0x83, 0xf0,
    0x7e, 0xf, 0xc1, 0xfc, 0x7b, 0xff, 0x3e, 0xe0,

    /* U+00FB "û" */
    0xe, 0x1, 0xc0, 0x6c, 0x18, 0xc0, 0x1, 0xc1,
    0xf8, 0x3f, 0x7, 0xe0, 0xfc, 0x1f, 0x83, 0xf0,
    0x7e, 0xf, 0xc1, 0xfc, 0x7b, 0xff, 0x3e, 0xe0,

    /* U+00FC "ü" */
    0x31, 0x86, 0x30, 0x0, 0x0, 0xe, 0xf, 0xc1,
    0xf8, 0x3f, 0x7, 0xe0, 0xfc, 0x1f, 0x83, 0xf0,
    0x7e, 0xf, 0xe3, 0xdf, 0xf9, 0xf7,

    /* U+00FD "ý" */
    0x1, 0x80, 0x1c, 0x0, 0xc0, 0xe, 0x0, 0x0,
    0x70, 0x1d, 0xc0, 0xce, 0xe, 0x30, 0x61, 0xc7,
    0x6, 0x38, 0x3b, 0x81, 0xdc, 0x6, 0xc0, 0x3e,
    0x0, 0xe0, 0x7, 0x0, 0x38, 0x3, 0x80, 0xf8,
    0x7, 0x80, 0x0,

    /* U+00FE "þ" */
    0xe0, 0xe, 0x0, 0xe0, 0xe, 0x0, 0xe0, 0xe,
    0xf8, 0xff, 0xef, 0xe, 0xe0, 0x7e, 0x7, 0xe0,
    0x7e, 0x7, 0xe0, 0x7e, 0x7, 0xf0, 0xef, 0xfe,
    0xef, 0x8e, 0x0, 0xe0, 0xe, 0x0, 0xe0, 0xe,
    0x0,

    /* U+00FF "ÿ" */
    0x18, 0xc0, 0xc6, 0x0, 0x0, 0x0, 0xe, 0x3,
    0xb0, 0x19, 0xc1, 0xc6, 0xe, 0x38, 0xe1, 0xc7,
    0x6, 0x70, 0x3b, 0x80, 0xf8, 0x7, 0xc0, 0x3e,
    0x0, 0xe0, 0xf, 0x0, 0x70, 0x1f, 0x0, 0xf0,
    0x0,

    /* U+0100 "Ā" */
    0xf, 0xe0, 0x1f, 0xc0, 0x0, 0x0, 0x1c, 0x0,
    0x3c, 0x0, 0xf8, 0x1, 0xb0, 0x7, 0x70, 0xc,
    0x60, 0x18, 0xc0, 0x71, 0xc0, 0xc1, 0x81, 0x83,
    0x7, 0xff, 0xf, 0xfe, 0x18, 0xe, 0x70, 0x1c,
    0xe0, 0x1b, 0x80, 0x38,

    /* U+0101 "ā" */
    0x3f, 0x87, 0xf0, 0x0, 0x0, 0x3, 0xf8, 0xff,
    0x90, 0x78, 0x7, 0x0, 0xe7, 0xfd, 0xff, 0xf0,
    0x7e, 0xf, 0xc3, 0xdf, 0xf9, 0xf7,

    /* U+0102 "Ă" */
    0xc, 0x60, 0x18, 0xc0, 0x3f, 0x0, 0x3c, 0x0,
    0x0, 0x0, 0x70, 0x0, 0xe0, 0x3, 0xe0, 0x6,
    0xc0, 0x1d, 0xc0, 0x31, 0x80, 0x63, 0x1, 0xc7,
    0x3, 0x6, 0x6, 0xc, 0x1f, 0xfc, 0x3f, 0xf8,
    0xe0, 0x39, 0xc0, 0x73, 0x0, 0x6e, 0x0, 0xe0,

    /* U+0103 "ă" */
    0x10, 0xc3, 0x38, 0x3e, 0x3, 0x80, 0x0, 0x7f,
    0xf, 0xf0, 0xf, 0x0, 0xe0, 0x1c, 0xff, 0xbf,
    0xfe, 0xf, 0xc1, 0xf8, 0x7b, 0xff, 0x3e, 0xe0,

    /* U+0104 "Ą" */
    0x7, 0x80, 0xf, 0x0, 0x3e, 0x0, 0x7e, 0x0,
    0xcc, 0x3, 0x98, 0x6, 0x38, 0xc, 0x30, 0x38,
    0x60, 0x60, 0xe0, 0xff, 0xc3, 0xff, 0xc7, 0x3,
    0x9c, 0x3, 0x38, 0x7, 0x60, 0xe, 0x0, 0x18,
    0x0, 0x60, 0x0, 0xc0, 0x1, 0x80, 0x3, 0xe0,
    0x3, 0xc0,

    /* U+0105 "ą" */
    0x3f, 0x87, 0xf8, 0x7, 0x80, 0x70, 0xe, 0x7f,
    0xdf, 0xff, 0x7, 0xe0, 0xfc, 0x3d, 0xff, 0x9f,
    0x70, 0xc, 0x3, 0x0, 0x60, 0xf, 0x0, 0xe0,

    /* U+0106 "Ć" */
    0x0, 0xc0, 0x1c, 0x1, 0x80, 0x18, 0x0, 0x0,
    0x0, 0xf, 0xe1, 0xff, 0x38, 0x17, 0x0, 0x70,
    0xe, 0x0, 0xe0, 0xe, 0x0, 0xe0, 0xe, 0x0,
    0xe0, 0xf, 0x0, 0x70, 0x3, 0xc1, 0x1f, 0xf0,
    0xff,

    /* U+0107 "ć" */
    0x3, 0x80, 0xc0, 0x70, 0x18, 0x0, 0x7, 0xf3,
    0xfd, 0xe0, 0xf0, 0x38, 0xe, 0x3, 0x80, 0xe0,
    0x3c, 0x7, 0x80, 0xff, 0x1f, 0x80,

    /* U+0108 "Ĉ" */
    0x3, 0x0, 0x38, 0x7, 0x80, 0xcc, 0x18, 0x60,
    0x0, 0xf, 0xe1, 0xff, 0x38, 0x17, 0x0, 0x70,
    0xe, 0x0, 0xe0, 0xe, 0x0, 0xe0, 0xe, 0x0,
    0xe0, 0xf, 0x0, 0x70, 0x3, 0xc1, 0x1f, 0xf0,
    0xff,

    /* U+0109 "ĉ" */
    0x6, 0x3, 0xc1, 0x98, 0xe6, 0x0, 0x7, 0xf3,
    0xfd, 0xe0, 0xf0, 0x38, 0xe, 0x3, 0x80, 0xe0,
    0x3c, 0x7, 0x80, 0xff, 0x1f, 0x80,

    /* U+010A "Ċ" */
    0x3, 0x0, 0x30, 0x0, 0x0, 0x0, 0xf, 0xe1,
    0xff, 0x38, 0x17, 0x0, 0x70, 0xe, 0x0, 0xe0,
    0xe, 0x0, 0xe0, 0xe, 0x0, 0xe0, 0xf, 0x0,
    0x70, 0x3, 0xc1, 0x1f, 0xf0, 0xff,

    /* U+010B "ċ" */
    0x6, 0x1, 0x80, 0x0, 0x0, 0x1f, 0xcf, 0xf7,
    0x83, 0xc0, 0xe0, 0x38, 0xe, 0x3, 0x80, 0xf0,
    0x1e, 0x3, 0xfc, 0x7e,

    /* U+010C "Č" */
    0xc, 0x60, 0x66, 0x6, 0xc0, 0x38, 0x1, 0x80,
    0x0, 0xf, 0xe1, 0xff, 0x38, 0x17, 0x0, 0x70,
    0xe, 0x0, 0xe0, 0xe, 0x0, 0xe0, 0xe, 0x0,
    0xe0, 0xf, 0x0, 0x70, 0x3, 0xc1, 0x1f, 0xf0,
    0xff,

    /* U+010D "č" */
    0x39, 0x86, 0x60, 0xf0, 0x18, 0x0, 0x7, 0xf3,
    0xfd, 0xe0, 0xf0, 0x38, 0xe, 0x3, 0x80, 0xe0,
    0x3c, 0x7, 0x80, 0xff, 0x1f, 0x80,

    /* U+010E "Ď" */
    0x31, 0x80, 0xcc, 0x2, 0xc0, 0x1c, 0x0, 0x60,
    0x0, 0x3, 0xfe, 0x1f, 0xfc, 0xe0, 0xf7, 0x3,
    0xb8, 0xf, 0xc0, 0x7e, 0x3, 0xf0, 0x1f, 0x80,
    0xfc, 0x7, 0xe0, 0x3f, 0x1, 0xf8, 0x1d, 0xc1,
    0xef, 0xfe, 0x7f, 0xc0,

    /* U+010F "ď" */
    0x0, 0x73, 0x0, 0x73, 0x0, 0x73, 0x0, 0x76,
    0x0, 0x70, 0x1f, 0x70, 0x7f, 0xf0, 0x70, 0xf0,
    0xe0, 0x70, 0xe0, 0x70, 0xe0, 0x70, 0xe0, 0x70,
    0xe0, 0x70, 0xe0, 0x70, 0x70, 0xf0, 0x7f, 0xf0,
    0x1f, 0x70,

    /* U+0110 "Đ" */
    0x7f, 0xe0, 0xff, 0xf1, 0xc0, 0xf3, 0x80, 0xe7,
    0x0, 0xee, 0x1, 0xdc, 0x3, 0xff, 0x87, 0xff,
    0xe, 0xe0, 0x1d, 0xc0, 0x3b, 0x80, 0x77, 0x1,
    0xce, 0x7, 0x9f, 0xfe, 0x3f, 0xf0,

    /* U+0111 "đ" */
    0x0, 0x70, 0x3, 0x81, 0xfe, 0xf, 0xf0, 0x7,
    0xf, 0xb9, 0xff, 0xce, 0x1e, 0xe0, 0x77, 0x3,
    0xb8, 0x1d, 0xc0, 0xee, 0x7, 0x70, 0x39, 0xc3,
    0xcf, 0xfe, 0x1f, 0x70,

    /* U+0112 "Ē" */
    0x3f, 0x87, 0xf0, 0x0, 0x0, 0xf, 0xff, 0xff,
    0xf8, 0x7, 0x0, 0xe0, 0x1c, 0x3, 0x80, 0x7f,
    0xef, 0xfd, 0xc0, 0x38, 0x7, 0x0, 0xe0, 0x1c,
    0x3, 0xff, 0xff, 0xf0,

    /* U+0113 "ē" */
    0x3f, 0x87, 0xf0, 0x0, 0x0, 0x1, 0xf0, 0x7f,
    0x9c, 0x77, 0x7, 0xe0, 0xff, 0xff, 0xff, 0xf0,
    0xe, 0x0, 0xe0, 0xf, 0xf0, 0xfe,

    /* U+0114 "Ĕ" */
    0x31, 0x86, 0x30, 0xfc, 0xf, 0x0, 0x1, 0xff,
    0xff, 0xff, 0x0, 0xe0, 0x1c, 0x3, 0x80, 0x70,
    0xf, 0xfd, 0xff, 0xb8, 0x7, 0x0, 0xe0, 0x1c,
    0x3, 0x80, 0x7f, 0xff, 0xfe,

    /* U+0115 "ĕ" */
    0x31, 0x86, 0x30, 0x7c, 0x7, 0x0, 0x0, 0x3e,
    0xf, 0xf3, 0x8e, 0xe0, 0xfc, 0x1f, 0xff, 0xff,
    0xfe, 0x1, 0xc0, 0x1c, 0x1, 0xfe, 0x1f, 0xc0,

    /* U+0116 "Ė" */
    0xc, 0x1, 0x80, 0x0, 0x0, 0xf, 0xff, 0xff,
    0xf8, 0x7, 0x0, 0xe0, 0x1c, 0x3, 0x80, 0x7f,
    0xef, 0xfd, 0xc0, 0x38, 0x7, 0x0, 0xe0, 0x1c,
    0x3, 0xff, 0xff, 0xf0,

    /* U+0117 "ė" */
    0x6, 0x0, 0xc0, 0x0, 0x0, 0x1, 0xf0, 0x7f,
    0x9c, 0x77, 0x7, 0xe0, 0xff, 0xff, 0xff, 0xf0,
    0xe, 0x0, 0xe0, 0xf, 0xf0, 0xfe,

    /* U+0118 "Ę" */
    0xff, 0xff, 0xff, 0x80, 0x70, 0xe, 0x1, 0xc0,
    0x38, 0x7, 0xfe, 0xff, 0xdc, 0x3, 0x80, 0x70,
    0xe, 0x1, 0xc0, 0x3f, 0xff, 0xff, 0x1, 0x80,
    0x60, 0xc, 0x1, 0x80, 0x3e, 0x3, 0xc0,

    /* U+0119 "ę" */
    0x1f, 0x7, 0xf9, 0xc7, 0x70, 0x7e, 0xf, 0xff,
    0xff, 0xff, 0x0, 0xe0, 0xe, 0x0, 0xff, 0xf,
    0xc0, 0x30, 0xc, 0x1, 0x80, 0x3c, 0x3, 0x80,

    /* U+011A "Ě" */
    0x31, 0x83, 0x60, 0x3c, 0x7, 0x0, 0x1, 0xff,
    0xff, 0xff, 0x0, 0xe0, 0x1c, 0x3, 0x80, 0x70,
    0xf, 0xfd, 0xff, 0xb8, 0x7, 0x0, 0xe0, 0x1c,
    0x3, 0x80, 0x7f, 0xff, 0xfe,

    /* U+011B "ě" */
    0x11, 0x83, 0x60, 0x3c, 0x3, 0x0, 0x0, 0x3e,
    0xf, 0xf3, 0x8e, 0xe0, 0xfc, 0x1f, 0xff, 0xff,
    0xfe, 0x1, 0xc0, 0x1c, 0x1, 0xfe, 0x1f, 0xc0,

    /* U+011C "Ĝ" */
    0x1, 0x0, 0x1c, 0x1, 0xb0, 0xc, 0xc0, 0xc6,
    0x0, 0x0, 0x3f, 0xc3, 0xfe, 0x3c, 0x13, 0x80,
    0x1c, 0x1, 0xc0, 0xe, 0x0, 0x70, 0xff, 0x87,
    0xfc, 0x3, 0xe0, 0x1f, 0x80, 0xdc, 0x6, 0xf0,
    0x33, 0xff, 0x87, 0xf0,

    /* U+011D "ĝ" */
    0xe, 0x1, 0xe0, 0x1b, 0x3, 0x18, 0x0, 0x3,
    0xff, 0x7f, 0xff, 0x1c, 0xe0, 0xce, 0xc, 0xf1,
    0xc7, 0xf8, 0x3f, 0xe, 0x0, 0xe0, 0xf, 0xfc,
    0x7f, 0xe0, 0xe, 0x80, 0xef, 0xfc, 0x7f, 0x80,

    /* U+011E "Ğ" */
    0xc, 0x60, 0x63, 0x1, 0xf0, 0x7, 0x0, 0x0,
    0x7, 0xf8, 0x7f, 0xc7, 0x82, 0x70, 0x3, 0x80,
    0x38, 0x1, 0xc0, 0xe, 0x1f, 0xf0, 0xff, 0x80,
    0x7c, 0x3, 0xf0, 0x1b, 0x80, 0xde, 0x6, 0x7f,
    0xf0, 0xfe, 0x0,

    /* U+011F "ğ" */
    0x31, 0x83, 0x18, 0x1f, 0x0, 0xe0, 0x0, 0x3,
    0xff, 0x7f, 0xff, 0x1c, 0xe0, 0xce, 0xc, 0xf1,
    0xc7, 0xf8, 0x7f, 0xe, 0x0, 0xe0, 0xf, 0xfc,
    0x7f, 0xe0, 0xe, 0x80, 0xef, 0xfc, 0x7f, 0x80,

    /* U+0120 "Ġ" */
    0x1, 0x80, 0xc, 0x0, 0x0, 0x0, 0x0, 0xff,
    0xf, 0xf8, 0xf0, 0x4e, 0x0, 0x70, 0x7, 0x0,
    0x38, 0x1, 0xc1, 0xfe, 0xf, 0xf0, 0xf, 0x80,
    0x7e, 0x3, 0x70, 0x1b, 0xc0, 0xcf, 0xfe, 0x1f,
    0xc0,

    /* U+0121 "ġ" */
    0xc, 0x0, 0xc0, 0x0, 0x0, 0x0, 0x3f, 0xf7,
    0xff, 0xf1, 0xce, 0xc, 0xe0, 0xcf, 0x1c, 0x7f,
    0x83, 0xf0, 0xe0, 0xe, 0x0, 0xff, 0xc7, 0xfe,
    0x0, 0xe8, 0xe, 0xff, 0xc7, 0xf8,

    /* U+0122 "Ģ" */
    0xf, 0xf0, 0xff, 0x8f, 0x4, 0xe0, 0x7, 0x0,
    0x70, 0x3, 0x80, 0x1c, 0x3f, 0xe1, 0xff, 0x0,
    0xf8, 0x7, 0xe0, 0x37, 0x1, 0xbc, 0xc, 0xff,
    0xe1, 0xfc, 0x0, 0x0, 0xc, 0x0, 0x60, 0x2,
    0x0, 0x30, 0x0,

    /* U+0123 "ģ" */
    0x6, 0x0, 0x60, 0x4, 0x0, 0xc0, 0x0, 0x0,
    0x0, 0x3f, 0xf7, 0xff, 0xf1, 0xce, 0xc, 0xe0,
    0xcf, 0x1c, 0x7f, 0x83, 0xf0, 0xe0, 0xe, 0x0,
    0xff, 0xc7, 0xfe, 0x0, 0xe8, 0xe, 0xff, 0xc7,
    0xf8,

    /* U+0124 "Ĥ" */
    0x7, 0x0, 0x38, 0x3, 0x60, 0x31, 0x80, 0x0,
    0x70, 0x1f, 0x80, 0xfc, 0x7, 0xe0, 0x3f, 0x1,
    0xf8, 0xf, 0xc0, 0x7f, 0xff, 0xff, 0xff, 0x80,
    0xfc, 0x7, 0xe0, 0x3f, 0x1, 0xf8, 0xf, 0xc0,
    0x7e, 0x3, 0x80,

    /* U+0125 "ĥ" */
    0x18, 0x3, 0x80, 0xd0, 0x33, 0xe, 0x31, 0xc0,
    0x38, 0x7, 0x0, 0xe0, 0x1c, 0x3, 0xbe, 0x7f,
    0xef, 0x1f, 0xc1, 0xf8, 0x3f, 0x7, 0xe0, 0xfc,
    0x1f, 0x83, 0xf0, 0x7e, 0xf, 0xc1, 0xc0,

    /* U+0126 "Ħ" */
    0x70, 0x1c, 0xe0, 0x39, 0xc0, 0x77, 0xff, 0xff,
    0xff, 0xee, 0x3, 0x9c, 0x7, 0x3f, 0xfe, 0x7f,
    0xfc, 0xe0, 0x39, 0xc0, 0x73, 0x80, 0xe7, 0x1,
    0xce, 0x3, 0x9c, 0x7, 0x38, 0xe,

    /* U+0127 "ħ" */
    0x70, 0x7, 0x0, 0xfe, 0xf, 0xe0, 0x70, 0x7,
    0x7c, 0x7f, 0xe7, 0x8f, 0x70, 0x77, 0x7, 0x70,
    0x77, 0x7, 0x70, 0x77, 0x7, 0x70, 0x77, 0x7,
    0x70, 0x70,

    /* U+0128 "Ĩ" */
    0xf0, 0xff, 0xf, 0x0, 0x38, 0x38, 0x38, 0x38,
    0x38, 0x38, 0x38, 0x38, 0x38, 0x38, 0x38, 0x38,
    0x38, 0x38, 0x38, 0x38,

    /* U+0129 "ĩ" */
    0xf0, 0xff, 0xf, 0x0, 0x3c, 0x7c, 0x1c, 0x1c,
    0x1c, 0x1c, 0x1c, 0x1c, 0x1c, 0x1c, 0x1c, 0x1c,

    /* U+012A "Ī" */
    0xff, 0xfc, 0x0, 0x3, 0x87, 0xe, 0x1c, 0x38,
    0x70, 0xe1, 0xc3, 0x87, 0xe, 0x1c, 0x38, 0x70,
    0xe1, 0xc0,

    /* U+012B "ī" */
    0xff, 0xfc, 0x0, 0x7, 0xcf, 0x87, 0xe, 0x1c,
    0x38, 0x70, 0xe1, 0xc3, 0x87, 0xe,

    /* U+012C "Ĭ" */
    0xc7, 0x8d, 0xf1, 0xc0, 0x7, 0xe, 0x1c, 0x38,
    0x70, 0xe1, 0xc3, 0x87, 0xe, 0x1c, 0x38, 0x70,
    0xe1, 0xc3, 0x80,

    /* U+012D "ĭ" */
    0xc7, 0x8d, 0xf1, 0xc0, 0xf, 0x9f, 0xe, 0x1c,
    0x38, 0x70, 0xe1, 0xc3, 0x87, 0xe, 0x1c,

    /* U+012E "Į" */
    0x73, 0x9c, 0xe7, 0x39, 0xce, 0x73, 0x9c, 0xe7,
    0x39, 0xce, 0x66, 0x31, 0x8f, 0xbc,

    /* U+012F "į" */
    0x73, 0x80, 0x0, 0x7b, 0xce, 0x73, 0x9c, 0xe7,
    0x39, 0xce, 0x73, 0x31, 0x8c, 0x7d, 0xe0,

    /* U+0130 "İ" */
    0xf0, 0xff, 0xff, 0xff, 0xff,

    /* U+0131 "ı" */
    0xff, 0xce, 0x73, 0x9c, 0xe7, 0x39, 0xce, 0x70,

    /* U+0132 "Ĳ" */
    0xe0, 0x3f, 0x1, 0xf8, 0xf, 0xc0, 0x7e, 0x3,
    0xf0, 0x1f, 0x80, 0xfc, 0x7, 0xe0, 0x3f, 0x1,
    0xf8, 0xf, 0xc0, 0x7e, 0x3, 0xf0, 0x3f, 0x9f,
    0xdc, 0xfc,

    /* U+0133 "ĳ" */
    0x38, 0xe7, 0x1c, 0x0, 0x0, 0x0, 0x0, 0xf3,
    0xde, 0xf9, 0xc7, 0x38, 0xe7, 0x1c, 0xe3, 0x9c,
    0x73, 0x8e, 0x71, 0xce, 0x39, 0xc7, 0x38, 0xe0,
    0x1c, 0x3, 0x80, 0x70, 0xe, 0xf, 0x81, 0xe0,

    /* U+0134 "Ĵ" */
    0x3, 0x80, 0x38, 0x6, 0xc0, 0xc6, 0x1c, 0x70,
    0x0, 0x3, 0x80, 0x38, 0x3, 0x80, 0x38, 0x3,
    0x80, 0x38, 0x3, 0x80, 0x38, 0x3, 0x80, 0x38,
    0x3, 0x80, 0x38, 0x3, 0x80, 0x78, 0xff, 0xf,
    0xc0,

    /* U+0135 "ĵ" */
    0xc, 0xf, 0xc, 0xcc, 0x30, 0x1, 0xf0, 0xf8,
    0x1c, 0xe, 0x7, 0x3, 0x81, 0xc0, 0xe0, 0x70,
    0x38, 0x1c, 0xe, 0x7, 0x3, 0x81, 0xcf, 0xc7,
    0xc0,

    /* U+0136 "Ķ" */
    0xe0, 0x77, 0x7, 0x38, 0x71, 0xc7, 0x8e, 0x38,
    0x73, 0x83, 0xb8, 0x1f, 0xe0, 0xff, 0x7, 0x9c,
    0x38, 0x61, 0xc3, 0x8e, 0xe, 0x70, 0x33, 0x81,
    0xdc, 0x7, 0x0, 0x0, 0x30, 0x1, 0x80, 0xc,
    0x0, 0x60, 0x0,

    /* U+0137 "ķ" */
    0xe0, 0x1c, 0x3, 0x80, 0x70, 0xe, 0x1, 0xc3,
    0xb8, 0xe7, 0x38, 0xee, 0x1f, 0x83, 0xf8, 0x7b,
    0xe, 0x71, 0xc7, 0x38, 0x67, 0xe, 0xe0, 0xe0,
    0x0, 0x30, 0x6, 0x0, 0xc0, 0x18, 0x0,

    /* U+0138 "ĸ" */
    0xe1, 0xdc, 0x73, 0x9e, 0x73, 0x8e, 0xe1, 0xf8,
    0x3f, 0x87, 0xb8, 0xe3, 0x9c, 0x33, 0x87, 0x70,
    0x70,

    /* U+0139 "Ĺ" */
    0x30, 0x6, 0x1, 0x80, 0x70, 0x0, 0x1, 0xc0,
    0x38, 0x7, 0x0, 0xe0, 0x1c, 0x3, 0x80, 0x70,
    0xe, 0x1, 0xc0, 0x38, 0x7, 0x0, 0xe0, 0x1c,
    0x3, 0x80, 0x7f, 0xff, 0xfe,

    /* U+013A "ĺ" */
    0x31, 0x99, 0xc0, 0x3, 0x9c, 0xe7, 0x39, 0xce,
    0x73, 0x9c, 0xe7, 0x39, 0xce, 0x7d, 0xe0,

    /* U+013B "Ļ" */
    0xe0, 0x1c, 0x3, 0x80, 0x70, 0xe, 0x1, 0xc0,
    0x38, 0x7, 0x0, 0xe0, 0x1c, 0x3, 0x80, 0x70,
    0xe, 0x1, 0xc0, 0x3f, 0xff, 0xff, 0x0, 0x0,
    0xc0, 0x30, 0x6, 0x0, 0xc0,

    /* U+013C "ļ" */
    0xe7, 0x39, 0xce, 0x73, 0x9c, 0xe7, 0x39, 0xce,
    0x73, 0x9f, 0x78, 0xc, 0x66, 0x30,

    /* U+013D "Ľ" */
    0xe1, 0x9c, 0x23, 0x8c, 0x71, 0x8e, 0x1, 0xc0,
    0x38, 0x7, 0x0, 0xe0, 0x1c, 0x3, 0x80, 0x70,
    0xe, 0x1, 0xc0, 0x3f, 0xff, 0xff,

    /* U+013E "ľ" */
    0xef, 0xdb, 0xb7, 0x6e, 0x1c, 0x38, 0x70, 0xe1,
    0xc3, 0x87, 0xe, 0x1c, 0x38, 0x7c, 0x78,

    /* U+013F "Ŀ" */
    0xe0, 0x1c, 0x3, 0x80, 0x70, 0xe, 0x1, 0xc0,
    0x38, 0x7, 0xc, 0xe1, 0x9c, 0x3, 0x80, 0x70,
    0xe, 0x1, 0xc0, 0x3f, 0xff, 0xff,

    /* U+0140 "ŀ" */
    0xe3, 0x8e, 0x38, 0xe3, 0x8e, 0x38, 0xef, 0xbe,
    0x38, 0xe3, 0x8e, 0x3c, 0x70,

    /* U+0141 "Ł" */
    0x38, 0x1, 0xc0, 0xe, 0x0, 0x70, 0x3, 0x80,
    0x1d, 0x80, 0xfc, 0x7, 0x80, 0xf8, 0x7, 0xc0,
    0xe, 0x0, 0x70, 0x3, 0x80, 0x1c, 0x0, 0xff,
    0xe7, 0xff,

    /* U+0142 "ł" */
    0x1c, 0x1c, 0x1c, 0x1c, 0x1c, 0x1c, 0x1f, 0x1f,
    0x3e, 0xfc, 0xdc, 0x1c, 0x1c, 0x1c, 0x1c, 0x1f,
    0xf,

    /* U+0143 "Ń" */
    0x1, 0x80, 0x18, 0x0, 0xc0, 0x6, 0x0, 0x0,
    0x70, 0x1f, 0xc0, 0xfe, 0x7, 0xf8, 0x3f, 0xc1,
    0xfb, 0xf, 0xdc, 0x7e, 0x63, 0xf1, 0x9f, 0x8e,
    0xfc, 0x37, 0xe0, 0xff, 0x7, 0xf8, 0x1f, 0xc0,
    0xfe, 0x3, 0x80,

    /* U+0144 "ń" */
    0x3, 0x0, 0xc0, 0x18, 0x6, 0x0, 0x1, 0xdf,
    0x3f, 0xf7, 0x8f, 0xe0, 0xfc, 0x1f, 0x83, 0xf0,
    0x7e, 0xf, 0xc1, 0xf8, 0x3f, 0x7, 0xe0, 0xe0,

    /* U+0145 "Ņ" */
    0xe0, 0x3f, 0x81, 0xfc, 0xf, 0xf0, 0x7f, 0x83,
    0xf6, 0x1f, 0xb8, 0xfc, 0xc7, 0xe3, 0x3f, 0x1d,
    0xf8, 0x6f, 0xc1, 0xfe, 0xf, 0xf0, 0x3f, 0x81,
    0xfc, 0x7, 0x0, 0x0, 0x18, 0x1, 0x80, 0xc,
    0x0, 0x60, 0x0,

    /* U+0146 "ņ" */
    0xef, 0x9f, 0xfb, 0xc7, 0xf0, 0x7e, 0xf, 0xc1,
    0xf8, 0x3f, 0x7, 0xe0, 0xfc, 0x1f, 0x83, 0xf0,
    0x70, 0x0, 0xc, 0x1, 0x0, 0x60, 0xc, 0x0,

    /* U+0147 "Ň" */
    0x18, 0xc0, 0x6c, 0x1, 0xe0, 0xe, 0x0, 0x0,
    0x70, 0x1f, 0xc0, 0xfe, 0x7, 0xf8, 0x3f, 0xc1,
    0xfb, 0xf, 0xdc, 0x7e, 0x63, 0xf1, 0x9f, 0x8e,
    0xfc, 0x37, 0xe0, 0xff, 0x7, 0xf8, 0x1f, 0xc0,
    0xfe, 0x3, 0x80,

    /* U+0148 "ň" */
    0x31, 0x83, 0x60, 0x78, 0x6, 0x0, 0x1, 0xdf,
    0x3f, 0xf7, 0x8f, 0xe0, 0xfc, 0x1f, 0x83, 0xf0,
    0x7e, 0xf, 0xc1, 0xf8, 0x3f, 0x7, 0xe0, 0xe0,

    /* U+0149 "ŉ" */
    0xc0, 0x3, 0x0, 0xc, 0x0, 0x30, 0x0, 0x1d,
    0xf0, 0x7f, 0xe1, 0xe3, 0xc7, 0x7, 0x1c, 0x1c,
    0x70, 0x71, 0xc1, 0xc7, 0x7, 0x1c, 0x1c, 0x70,
    0x71, 0xc1, 0xc7, 0x7,

    /* U+014A "Ŋ" */
    0xe0, 0x3f, 0x81, 0xfc, 0xf, 0xf0, 0x7f, 0x83,
    0xf6, 0x1f, 0xb8, 0xfc, 0xc7, 0xe3, 0x3f, 0x1d,
    0xf8, 0x6f, 0xc3, 0xfe, 0xf, 0xf0, 0x3f, 0x81,
    0xfc, 0x7, 0x0, 0x38, 0x1, 0xc0, 0xe, 0x0,
    0x70, 0x1f, 0x0, 0xf0,

    /* U+014B "ŋ" */
    0xef, 0x9f, 0xfb, 0xc7, 0xf0, 0x7e, 0xf, 0xc1,
    0xf8, 0x3f, 0x7, 0xe0, 0xfc, 0x1f, 0x83, 0xf0,
    0x70, 0xe, 0x1, 0xc0, 0x38, 0x7, 0x7, 0xc0,
    0xf0,

    /* U+014C "Ō" */
    0xf, 0xe0, 0x1f, 0xc0, 0x0, 0x0, 0x0, 0x0,
    0xfe, 0x7, 0xff, 0x1e, 0xf, 0x38, 0xe, 0xe0,
    0x1f, 0xc0, 0x1f, 0x80, 0x3f, 0x0, 0x7e, 0x0,
    0xfc, 0x1, 0xf8, 0x3, 0xf0, 0xf, 0x70, 0x1c,
    0xf0, 0x78, 0xff, 0xe0, 0x7f, 0x0,

    /* U+014D "ō" */
    0x3f, 0x83, 0xf8, 0x0, 0x0, 0x0, 0x1f, 0x83,
    0xfc, 0x70, 0xee, 0x7, 0xe0, 0x7e, 0x7, 0xe0,
    0x7e, 0x7, 0xe0, 0x77, 0xe, 0x7f, 0xe1, 0xf8,

    /* U+014E "Ŏ" */
    0xc, 0x60, 0x18, 0xc0, 0x1f, 0x0, 0x1c, 0x0,
    0x0, 0x1, 0xfc, 0xf, 0xfe, 0x3c, 0x1e, 0x70,
    0x1d, 0xc0, 0x3f, 0x80, 0x3f, 0x0, 0x7e, 0x0,
    0xfc, 0x1, 0xf8, 0x3, 0xf0, 0x7, 0xe0, 0x1e,
    0xe0, 0x39, 0xe0, 0xf1, 0xff, 0xc0, 0xfe, 0x0,

    /* U+014F "ŏ" */
    0x31, 0x83, 0x18, 0x1f, 0x0, 0xe0, 0x0, 0x1,
    0xf8, 0x3f, 0xc7, 0xe, 0xe0, 0x7e, 0x7, 0xe0,
    0x7e, 0x7, 0xe0, 0x7e, 0x7, 0x70, 0xe7, 0xfe,
    0x1f, 0x80,

    /* U+0150 "Ő" */
    0x6, 0x30, 0x1c, 0xe0, 0x31, 0x80, 0x63, 0x0,
    0x0, 0x1, 0xfc, 0xf, 0xfe, 0x3c, 0x1e, 0x70,
    0x1d, 0xc0, 0x3f, 0x80, 0x3f, 0x0, 0x7e, 0x0,
    0xfc, 0x1, 0xf8, 0x3, 0xf0, 0x7, 0xe0, 0x1e,
    0xe0, 0x39, 0xe0, 0xf1, 0xff, 0xc0, 0xfe, 0x0,

    /* U+0151 "ő" */
    0xc, 0x60, 0xce, 0x18, 0xc1, 0x8c, 0x0, 0x1,
    0xf8, 0x3f, 0xc7, 0xe, 0xe0, 0x7e, 0x7, 0xe0,
    0x7e, 0x7, 0xe0, 0x7e, 0x7, 0x70, 0xe7, 0xfe,
    0x1f, 0x80,

    /* U+0152 "Œ" */
    0xf, 0xef, 0xfe, 0x7f, 0xff, 0xfd, 0xe0, 0xf8,
    0x3, 0x80, 0xf0, 0xe, 0x1, 0xe0, 0x1c, 0x1,
    0xc0, 0x38, 0x3, 0x80, 0x70, 0x7, 0xfe, 0xe0,
    0xf, 0xfd, 0xc0, 0x1c, 0x3, 0x80, 0x38, 0x7,
    0x0, 0xf0, 0x7, 0x1, 0xe0, 0xf, 0x7, 0xc0,
    0xf, 0xff, 0xff, 0x87, 0xf7, 0xff,

    /* U+0153 "œ" */
    0x1f, 0x8f, 0xc3, 0xfe, 0xff, 0x9c, 0x3e, 0x1d,
    0xc0, 0xe0, 0x7e, 0x7, 0x3, 0xf0, 0x3f, 0xff,
    0x81, 0xff, 0xfc, 0xe, 0x0, 0xe0, 0x70, 0x3,
    0x87, 0xe0, 0x1f, 0xf7, 0xfc, 0x3f, 0xf, 0xe0,

    /* U+0154 "Ŕ" */
    0x3, 0x0, 0x60, 0x6, 0x0, 0x40, 0x0, 0xf,
    0xfc, 0xff, 0xee, 0xf, 0xe0, 0x7e, 0x7, 0xe0,
    0x7e, 0x7, 0xe0, 0xef, 0xfc, 0xff, 0x8e, 0x18,
    0xe1, 0xce, 0xc, 0xe0, 0xee, 0xe, 0xe0, 0x70,

    /* U+0155 "ŕ" */
    0x30, 0xe1, 0x87, 0x0, 0x1d, 0xff, 0xfc, 0xe1,
    0xc3, 0x87, 0xe, 0x1c, 0x38, 0x70, 0xe0,

    /* U+0156 "Ŗ" */
    0xff, 0xcf, 0xfe, 0xe0, 0xfe, 0x7, 0xe0, 0x7e,
    0x7, 0xe0, 0x7e, 0xe, 0xff, 0xcf, 0xf8, 0xe1,
    0x8e, 0x1c, 0xe0, 0xce, 0xe, 0xe0, 0xee, 0x7,
    0x0, 0x0, 0xc0, 0xc, 0x0, 0xc0, 0xc, 0x0,

    /* U+0157 "ŗ" */
    0x77, 0x7f, 0x7c, 0x70, 0x70, 0x70, 0x70, 0x70,
    0x70, 0x70, 0x70, 0x70, 0x0, 0x70, 0x60, 0x60,
    0x60,

    /* U+0158 "Ř" */
    0x31, 0x81, 0xb0, 0xe, 0x0, 0xe0, 0x0, 0xf,
    0xfc, 0xff, 0xee, 0xf, 0xe0, 0x7e, 0x7, 0xe0,
    0x7e, 0x7, 0xe0, 0xef, 0xfc, 0xff, 0x8e, 0x18,
    0xe1, 0xce, 0xc, 0xe0, 0xee, 0xe, 0xe0, 0x70,

    /* U+0159 "ř" */
    0x63, 0x36, 0x3c, 0x1c, 0x0, 0x77, 0x7f, 0x7c,
    0x70, 0x70, 0x70, 0x70, 0x70, 0x70, 0x70, 0x70,
    0x70,

    /* U+015A "Ś" */
    0x3, 0x0, 0xc0, 0x18, 0x6, 0x0, 0x0, 0x0,
    0x7, 0xf3, 0xfe, 0xf0, 0x5c, 0x3, 0x80, 0x78,
    0xf, 0xc0, 0xfe, 0x7, 0xf0, 0x1f, 0x0, 0xe0,
    0x1c, 0x3, 0xe0, 0xff, 0xfc, 0xfe, 0x0,

    /* U+015B "ś" */
    0x6, 0x6, 0x3, 0x1, 0x0, 0x1, 0xf9, 0xfd,
    0xc0, 0xe0, 0x7c, 0x1f, 0x87, 0xe0, 0x78, 0x1e,
    0xf, 0xfe, 0x7e, 0x0,

    /* U+015C "Ŝ" */
    0x4, 0x1, 0xc0, 0x6c, 0xd, 0x83, 0x18, 0x0,
    0x7, 0xf3, 0xfe, 0xf0, 0x5c, 0x3, 0x80, 0x78,
    0xf, 0xc0, 0xfe, 0x7, 0xf0, 0x1f, 0x0, 0xe0,
    0x1c, 0x3, 0xe0, 0xff, 0xfc, 0xfe, 0x0,

    /* U+015D "ŝ" */
    0x1c, 0xe, 0xd, 0x8c, 0x60, 0x1, 0xf9, 0xfd,
    0xc0, 0xe0, 0x7c, 0x1f, 0x87, 0xe0, 0x78, 0x1e,
    0xf, 0xfe, 0x7e, 0x0,

    /* U+015E "Ş" */
    0x1f, 0xcf, 0xfb, 0xc1, 0x70, 0xe, 0x1, 0xe0,
    0x3f, 0x3, 0xf8, 0x1f, 0xc0, 0x7c, 0x3, 0x80,
    0x70, 0xf, 0x83, 0xff, 0xf3, 0xf8, 0xc, 0x1,
    0xc0, 0xc, 0x1, 0x81, 0xf0, 0x3c, 0x0,

    /* U+015F "ş" */
    0x3f, 0x3f, 0xb8, 0x1c, 0xf, 0x83, 0xf0, 0xfc,
    0xf, 0x3, 0xc1, 0xff, 0xff, 0xc0, 0x80, 0xf0,
    0xc, 0x6, 0x1f, 0xf, 0x0,

    /* U+0160 "Š" */
    0x31, 0x83, 0x30, 0x2c, 0x7, 0x0, 0x60, 0x0,
    0x7, 0xf3, 0xfe, 0xf0, 0x5c, 0x3, 0x80, 0x78,
    0xf, 0xc0, 0xfe, 0x7, 0xf0, 0x1f, 0x0, 0xe0,
    0x1c, 0x3, 0xe0, 0xff, 0xfc, 0xfe, 0x0,

    /* U+0161 "š" */
    0x63, 0x1b, 0x5, 0x3, 0x80, 0x1, 0xf9, 0xfd,
    0xc0, 0xe0, 0x7c, 0x1f, 0x87, 0xe0, 0x78, 0x1e,
    0xf, 0xfe, 0x7e, 0x0,

    /* U+0162 "Ţ" */
    0xff, 0xff, 0xff, 0x7, 0x0, 0x70, 0x7, 0x0,
    0x70, 0x7, 0x0, 0x70, 0x7, 0x0, 0x70, 0x7,
    0x0, 0x70, 0x7, 0x0, 0x70, 0x7, 0x0, 0x70,
    0x6, 0x0, 0x70, 0x1, 0x80, 0x18, 0xf, 0x80,
    0xf0,

    /* U+0163 "ţ" */
    0x0, 0x1c, 0xe, 0x7, 0xf, 0xf7, 0xf8, 0xe0,
    0x70, 0x38, 0x1c, 0xe, 0x7, 0x3, 0x81, 0xc0,
    0x7c, 0x1e, 0x4, 0x7, 0x80, 0x60, 0x31, 0xf8,
    0xf8,

    /* U+0164 "Ť" */
    0x18, 0xc0, 0xd8, 0xf, 0x80, 0x70, 0x0, 0xf,
    0xff, 0xff, 0xf0, 0x70, 0x7, 0x0, 0x70, 0x7,
    0x0, 0x70, 0x7, 0x0, 0x70, 0x7, 0x0, 0x70,
    0x7, 0x0, 0x70, 0x7, 0x0, 0x70, 0x7, 0x0,

    /* U+0165 "ť" */
    0x0, 0xc0, 0x30, 0x8, 0xe6, 0x38, 0xe, 0xf,
    0xf3, 0xfc, 0x38, 0xe, 0x3, 0x80, 0xe0, 0x38,
    0xe, 0x3, 0x80, 0xe0, 0x1f, 0x3, 0xc0,

    /* U+0166 "Ŧ" */
    0xff, 0xff, 0xff, 0x7, 0x0, 0x70, 0x7, 0x0,
    0x70, 0x3f, 0xe3, 0xfe, 0x7, 0x0, 0x70, 0x7,
    0x0, 0x70, 0x7, 0x0, 0x70, 0x7, 0x0, 0x70,

    /* U+0167 "ŧ" */
    0x0, 0xe1, 0xc3, 0x8f, 0xff, 0xdc, 0x38, 0x71,
    0xff, 0xfb, 0x87, 0xe, 0x1f, 0x9f,

    /* U+0168 "Ũ" */
    0x1e, 0x0, 0x7f, 0x80, 0x1e, 0x0, 0x0, 0x0,
    0x3, 0x80, 0x7e, 0x1, 0xf8, 0x7, 0xe0, 0x1f,
    0x80, 0x7e, 0x1, 0xf8, 0x7, 0xe0, 0x1f, 0x80,
    0x7e, 0x1, 0xf8, 0x7, 0xe0, 0x1f, 0xc0, 0xf7,
    0x87, 0x8f, 0xfc, 0xf, 0xc0,

    /* U+0169 "ũ" */
    0x78, 0xf, 0xf0, 0x1e, 0x0, 0xe, 0xf, 0xc1,
    0xf8, 0x3f, 0x7, 0xe0, 0xfc, 0x1f, 0x83, 0xf0,
    0x7e, 0xf, 0xe3, 0xdf, 0xf9, 0xf7,

    /* U+016A "Ū" */
    0x1f, 0xc0, 0x7f, 0x0, 0x0, 0x0, 0x0, 0xe0,
    0x1f, 0x80, 0x7e, 0x1, 0xf8, 0x7, 0xe0, 0x1f,
    0x80, 0x7e, 0x1, 0xf8, 0x7, 0xe0, 0x1f, 0x80,
    0x7e, 0x1, 0xf8, 0x7, 0xf0, 0x3d, 0xe1, 0xe3,
    0xff, 0x3, 0xf0,

    /* U+016B "ū" */
    0x3f, 0x87, 0xf0, 0x0, 0x0, 0xe, 0xf, 0xc1,
    0xf8, 0x3f, 0x7, 0xe0, 0xfc, 0x1f, 0x83, 0xf0,
    0x7e, 0xf, 0xe3, 0xdf, 0xf9, 0xf7,

    /* U+016C "Ŭ" */
    0x18, 0xc0, 0x63, 0x0, 0xf8, 0x1, 0xc0, 0x0,
    0x3, 0x80, 0x7e, 0x1, 0xf8, 0x7, 0xe0, 0x1f,
    0x80, 0x7e, 0x1, 0xf8, 0x7, 0xe0, 0x1f, 0x80,
    0x7e, 0x1, 0xf8, 0x7, 0xe0, 0x1f, 0xc0, 0xf7,
    0x87, 0x8f, 0xfc, 0xf, 0xc0,

    /* U+016D "ŭ" */
    0x31, 0x86, 0x30, 0x7c, 0x7, 0x0, 0x1, 0xc1,
    0xf8, 0x3f, 0x7, 0xe0, 0xfc, 0x1f, 0x83, 0xf0,
    0x7e, 0xf, 0xc1, 0xfc, 0x7b, 0xff, 0x3e, 0xe0,

    /* U+016E "Ů" */
    0x7, 0x0, 0x3e, 0x0, 0x88, 0x2, 0x20, 0xf,
    0x80, 0x1c, 0x0, 0x0, 0x38, 0x7, 0xe0, 0x1f,
    0x80, 0x7e, 0x1, 0xf8, 0x7, 0xe0, 0x1f, 0x80,
    0x7e, 0x1, 0xf8, 0x7, 0xe0, 0x1f, 0x80, 0x7e,
    0x1, 0xfc, 0xf, 0x78, 0x78, 0xff, 0xc0, 0xfc,
    0x0,

    /* U+016F "ů" */
    0xe, 0x3, 0xe0, 0x44, 0x8, 0x81, 0xf0, 0x1c,
    0x0, 0x7, 0x7, 0xe0, 0xfc, 0x1f, 0x83, 0xf0,
    0x7e, 0xf, 0xc1, 0xf8, 0x3f, 0x7, 0xf1, 0xef,
    0xfc, 0xfb, 0x80,

    /* U+0170 "Ű" */
    0xe, 0x70, 0x31, 0x81, 0xce, 0x6, 0x30, 0x0,
    0x3, 0x80, 0x7e, 0x1, 0xf8, 0x7, 0xe0, 0x1f,
    0x80, 0x7e, 0x1, 0xf8, 0x7, 0xe0, 0x1f, 0x80,
    0x7e, 0x1, 0xf8, 0x7, 0xe0, 0x1f, 0xc0, 0xf7,
    0x87, 0x8f, 0xfc, 0xf, 0xc0,

    /* U+0171 "ű" */
    0x18, 0xc3, 0x38, 0xc6, 0x19, 0x80, 0x1, 0xc1,
    0xf8, 0x3f, 0x7, 0xe0, 0xfc, 0x1f, 0x83, 0xf0,
    0x7e, 0xf, 0xc1, 0xfc, 0x7b, 0xff, 0x3e, 0xe0,

    /* U+0172 "Ų" */
    0xe0, 0x1f, 0x80, 0x7e, 0x1, 0xf8, 0x7, 0xe0,
    0x1f, 0x80, 0x7e, 0x1, 0xf8, 0x7, 0xe0, 0x1f,
    0x80, 0x7e, 0x1, 0xf8, 0x7, 0xf0, 0x39, 0xe1,
    0xe3, 0xff, 0x7, 0xe0, 0x3, 0x0, 0x18, 0x0,
    0x60, 0x1, 0xe0, 0x3, 0x80,

    /* U+0173 "ų" */
    0xe0, 0xfc, 0x1f, 0x83, 0xf0, 0x7e, 0xf, 0xc1,
    0xf8, 0x3f, 0x7, 0xe0, 0xfe, 0x3d, 0xff, 0x9f,
    0x70, 0xc, 0x3, 0x0, 0x60, 0xf, 0x0, 0xe0,

    /* U+0174 "Ŵ" */
    0x0, 0xe0, 0x0, 0x3c, 0x0, 0x6, 0xc0, 0x1,
    0x8c, 0x0, 0x0, 0x1, 0xc1, 0x81, 0xf8, 0x38,
    0x37, 0x7, 0x6, 0x60, 0xe1, 0xcc, 0x3c, 0x39,
    0xc6, 0xc6, 0x38, 0xd8, 0xc3, 0x3b, 0x38, 0x66,
    0x67, 0xe, 0xc6, 0xe1, 0xf8, 0xd8, 0x3e, 0x1b,
    0x3, 0xc1, 0xe0, 0x78, 0x3c, 0xf, 0x7, 0x1,
    0xc0, 0xe0,

    /* U+0175 "ŵ" */
    0x1, 0x80, 0x3, 0xc0, 0x6, 0x60, 0x6, 0x30,
    0x0, 0x0, 0xe1, 0x87, 0x61, 0x87, 0x61, 0xc6,
    0x73, 0xc6, 0x73, 0xce, 0x33, 0x6e, 0x36, 0x6c,
    0x36, 0x6c, 0x3e, 0x6c, 0x1c, 0x3c, 0x1c, 0x38,
    0x1c, 0x38,

    /* U+0176 "Ŷ" */
    0x3, 0x80, 0xd, 0x80, 0x3b, 0x80, 0x63, 0x0,
    0x0, 0xc, 0x1, 0x9c, 0x7, 0x1c, 0x1c, 0x38,
    0x38, 0x38, 0xe0, 0x71, 0xc0, 0x77, 0x0, 0x6c,
    0x0, 0xf8, 0x0, 0xe0, 0x1, 0xc0, 0x3, 0x80,
    0x7, 0x0, 0xe, 0x0, 0x1c, 0x0, 0x38, 0x0,

    /* U+0177 "ŷ" */
    0x7, 0x0, 0x7c, 0x3, 0x60, 0x31, 0x80, 0x0,
    0x70, 0x1d, 0xc0, 0xce, 0xe, 0x30, 0x61, 0xc7,
    0x6, 0x38, 0x3b, 0x81, 0xdc, 0x6, 0xc0, 0x3e,
    0x0, 0xe0, 0x7, 0x0, 0x38, 0x3, 0x80, 0xf8,
    0x7, 0x80, 0x0,

    /* U+0178 "Ÿ" */
    0xc, 0x60, 0x18, 0xc0, 0x0, 0x0, 0x0, 0x7,
    0x0, 0xce, 0x3, 0x8e, 0xe, 0x1c, 0x1c, 0x1c,
    0x70, 0x18, 0xe0, 0x3b, 0x80, 0x36, 0x0, 0x7c,
    0x0, 0x70, 0x0, 0xe0, 0x1, 0xc0, 0x3, 0x80,
    0x7, 0x0, 0xe, 0x0, 0x1c, 0x0,

    /* U+0179 "Ź" */
    0x1, 0x80, 0x18, 0x3, 0x0, 0x30, 0x0, 0x7,
    0xff, 0x7f, 0xf0, 0xe, 0x0, 0xe0, 0x1c, 0x3,
    0x80, 0x38, 0x7, 0x0, 0xf0, 0xe, 0x1, 0xc0,
    0x3c, 0x7, 0x80, 0x70, 0xf, 0xff, 0xff, 0xf0,

    /* U+017A "ź" */
    0x6, 0x7, 0x3, 0x1, 0x80, 0x7, 0xff, 0xfe,
    0xe, 0x7, 0x7, 0x7, 0x3, 0x3, 0x83, 0x81,
    0x81, 0xff, 0xff, 0x80,

    /* U+017B "Ż" */
    0x6, 0x0, 0x60, 0x0, 0x0, 0x0, 0x7f, 0xf7,
    0xff, 0x0, 0xe0, 0x1e, 0x1, 0xc0, 0x38, 0x7,
    0x80, 0x70, 0xe, 0x1, 0xe0, 0x1c, 0x3, 0x80,
    0x78, 0x7, 0x0, 0xff, 0xff, 0xff,

    /* U+017C "ż" */
    0xc, 0x6, 0x0, 0x0, 0xf, 0xff, 0xfc, 0xc,
    0xe, 0xe, 0x6, 0x7, 0x7, 0x3, 0x3, 0x83,
    0xff, 0xff,

    /* U+017D "Ž" */
    0x18, 0xc0, 0xcc, 0x7, 0x80, 0x30, 0x0, 0x7,
    0xff, 0x7f, 0xf0, 0xe, 0x0, 0xe0, 0x1c, 0x3,
    0x80, 0x38, 0x7, 0x0, 0xf0, 0xe, 0x1, 0xc0,
    0x3c, 0x7, 0x80, 0x70, 0xf, 0xff, 0xff, 0xf0,

    /* U+017E "ž" */
    0x63, 0x1b, 0xf, 0x3, 0x80, 0x7, 0xff, 0xfe,
    0xe, 0x7, 0x7, 0x7, 0x3, 0x3, 0x83, 0x81,
    0x81, 0xff, 0xff, 0x80,

    /* U+018F "Ə" */
    0x1f, 0xc1, 0xff, 0x84, 0x7, 0x0, 0xe, 0x0,
    0x18, 0x0, 0x70, 0x1, 0xff, 0xff, 0xff, 0xff,
    0x80, 0x7e, 0x1, 0xf8, 0x7, 0x70, 0x39, 0xe1,
    0xe3, 0xff, 0x3, 0xf0,

    /* U+0192 "ƒ" */
    0x0, 0x78, 0xf, 0xc0, 0x70, 0x7, 0x0, 0x38,
    0x7, 0xf0, 0x3f, 0x80, 0xe0, 0x7, 0x0, 0x38,
    0x1, 0xc0, 0xc, 0x0, 0x60, 0x7, 0x0, 0x38,
    0x1, 0xc0, 0xc, 0x0, 0xe0, 0x3e, 0x1, 0xe0,
    0x0,

    /* U+01A0 "Ơ" */
    0x0, 0x1, 0x87, 0xf0, 0xcf, 0xfe, 0xef, 0x7,
    0xe7, 0x1, 0xc7, 0x0, 0xf3, 0x80, 0x39, 0xc0,
    0x1c, 0xe0, 0xe, 0x70, 0x7, 0x38, 0x3, 0x9c,
    0x1, 0xce, 0x1, 0xe3, 0x80, 0xe1, 0xe0, 0xf0,
    0x7f, 0xf0, 0xf, 0xe0, 0x0,

    /* U+01A1 "ơ" */
    0x0, 0x6, 0x0, 0xc, 0x7e, 0x1b, 0xff, 0xe7,
    0xf, 0x9c, 0xe, 0x38, 0x1c, 0x70, 0x38, 0xe0,
    0x71, 0xc0, 0xe3, 0x81, 0xc3, 0x87, 0x7, 0xfc,
    0x3, 0xf0, 0x0,

    /* U+01AF "Ư" */
    0x0, 0x0, 0xf8, 0x7, 0x3e, 0x1, 0xff, 0x80,
    0x7c, 0xe0, 0x1c, 0x38, 0x7, 0xe, 0x1, 0xc3,
    0x80, 0x70, 0xe0, 0x1c, 0x38, 0x7, 0xe, 0x1,
    0xc3, 0x80, 0x70, 0xe0, 0x1c, 0x3c, 0xe, 0x7,
    0x87, 0x80, 0xff, 0xc0, 0xf, 0xc0, 0x0,

    /* U+01B0 "ư" */
    0x0, 0x6, 0x0, 0xf, 0x83, 0x9f, 0x7, 0xee,
    0xf, 0xdc, 0x1c, 0x38, 0x38, 0x70, 0x70, 0xe0,
    0xe1, 0xc1, 0xc3, 0x83, 0x87, 0x8f, 0x7, 0xfe,
    0x7, 0xdc, 0x0,

    /* U+01CD "Ǎ" */
    0xc, 0x60, 0xd, 0x80, 0x1e, 0x0, 0x1c, 0x0,
    0x0, 0x0, 0x70, 0x1, 0xe0, 0x3, 0xe0, 0x6,
    0xc0, 0x1d, 0xc0, 0x33, 0x80, 0x63, 0x1, 0xc7,
    0x3, 0x6, 0xe, 0xc, 0x1f, 0xfc, 0x3f, 0xf8,
    0xe0, 0x31, 0xc0, 0x73, 0x0, 0xee, 0x0, 0xe0,

    /* U+01CE "ǎ" */
    0x19, 0x83, 0x30, 0x3c, 0x3, 0x0, 0x0, 0x7f,
    0xf, 0xf0, 0xf, 0x0, 0xe0, 0x1c, 0xff, 0xbf,
    0xfe, 0xf, 0xc1, 0xf8, 0x7b, 0xff, 0x3e, 0xe0,

    /* U+01CF "Ǐ" */
    0x63, 0x1b, 0xf, 0x83, 0x80, 0x0, 0xe0, 0x70,
    0x38, 0x1c, 0xe, 0x7, 0x3, 0x81, 0xc0, 0xe0,
    0x70, 0x38, 0x1c, 0xe, 0x7, 0x3, 0x81, 0xc0,

    /* U+01D0 "ǐ" */
    0xc7, 0x66, 0x3c, 0x18, 0x0, 0x7c, 0x7c, 0x1c,
    0x1c, 0x1c, 0x1c, 0x1c, 0x1c, 0x1c, 0x1c, 0x1c,
    0x1c,

    /* U+01D1 "Ǒ" */
    0xc, 0x60, 0x18, 0xc0, 0x1b, 0x0, 0x1c, 0x0,
    0x10, 0x0, 0x0, 0x3, 0xf8, 0x1f, 0xfc, 0x78,
    0x3c, 0xe0, 0x3b, 0x80, 0x7f, 0x0, 0x7e, 0x0,
    0xfc, 0x1, 0xf8, 0x3, 0xf0, 0x7, 0xe0, 0xf,
    0xc0, 0x3d, 0xc0, 0x73, 0xc1, 0xe3, 0xff, 0x81,
    0xfc, 0x0,

    /* U+01D2 "ǒ" */
    0x19, 0x81, 0x98, 0xf, 0x0, 0x60, 0x0, 0x1,
    0xf8, 0x3f, 0xc7, 0xe, 0xe0, 0x7e, 0x7, 0xe0,
    0x7e, 0x7, 0xe0, 0x7e, 0x7, 0x70, 0xe7, 0xfe,
    0x1f, 0x80,

    /* U+01D3 "Ǔ" */
    0x18, 0x60, 0x33, 0x0, 0x78, 0x1, 0xe0, 0x3,
    0x0, 0x0, 0xe, 0x1, 0xf8, 0x7, 0xe0, 0x1f,
    0x80, 0x7e, 0x1, 0xf8, 0x7, 0xe0, 0x1f, 0x80,
    0x7e, 0x1, 0xf8, 0x7, 0xe0, 0x1f, 0x80, 0x7f,
    0x3, 0xde, 0x1e, 0x3f, 0xf0, 0x3f, 0x0,

    /* U+01D4 "ǔ" */
    0x31, 0x83, 0x60, 0x38, 0x7, 0x0, 0x1, 0xc1,
    0xf8, 0x3f, 0x7, 0xe0, 0xfc, 0x1f, 0x83, 0xf0,
    0x7e, 0xf, 0xc1, 0xfc, 0x7b, 0xff, 0x3e, 0xe0,

    /* U+01D5 "Ǖ" */
    0x1f, 0xc0, 0x7f, 0x0, 0x0, 0x6, 0x30, 0x18,
    0xc0, 0x0, 0x0, 0x0, 0x38, 0x7, 0xe0, 0x1f,
    0x80, 0x7e, 0x1, 0xf8, 0x7, 0xe0, 0x1f, 0x80,
    0x7e, 0x1, 0xf8, 0x7, 0xe0, 0x1f, 0x80, 0x7e,
    0x1, 0xfc, 0xf, 0x78, 0x78, 0xff, 0xc0, 0xfc,
    0x0,

    /* U+01D6 "ǖ" */
    0x3f, 0x87, 0xf0, 0x0, 0x1c, 0xc3, 0x98, 0x0,
    0x0, 0x7, 0x7, 0xe0, 0xfc, 0x1f, 0x83, 0xf0,
    0x7e, 0xf, 0xc1, 0xf8, 0x3f, 0x7, 0xf1, 0xef,
    0xfc, 0xfb, 0x80,

    /* U+01D7 "Ǘ" */
    0x1, 0x80, 0xc, 0x0, 0x30, 0x0, 0x0, 0x18,
    0xc0, 0x63, 0x0, 0x0, 0x38, 0x7, 0xe0, 0x1f,
    0x80, 0x7e, 0x1, 0xf8, 0x7, 0xe0, 0x1f, 0x80,
    0x7e, 0x1, 0xf8, 0x7, 0xe0, 0x1f, 0x80, 0x7e,
    0x1, 0xfc, 0xf, 0x78, 0x78, 0xff, 0xc0, 0xfc,
    0x0,

    /* U+01D8 "ǘ" */
    0x3, 0x0, 0xc0, 0x18, 0x0, 0x3, 0x18, 0x63,
    0x0, 0x7, 0x7, 0xe0, 0xfc, 0x1f, 0x83, 0xf0,
    0x7e, 0xf, 0xc1, 0xf8, 0x3f, 0x7, 0xf1, 0xef,
    0xfc, 0xfb, 0x80,

    /* U+01D9 "Ǚ" */
    0x18, 0xc0, 0x36, 0x0, 0x78, 0x1, 0xc0, 0x18,
    0xc0, 0x63, 0x0, 0x0, 0x38, 0x7, 0xe0, 0x1f,
    0x80, 0x7e, 0x1, 0xf8, 0x7, 0xe0, 0x1f, 0x80,
    0x7e, 0x1, 0xf8, 0x7, 0xe0, 0x1f, 0x80, 0x7e,
    0x1, 0xfc, 0xf, 0x78, 0x78, 0xff, 0xc0, 0xfc,
    0x0,

    /* U+01DA "ǚ" */
    0x31, 0x83, 0x60, 0x3c, 0x7, 0x3, 0x18, 0x63,
    0x0, 0x7, 0x7, 0xe0, 0xfc, 0x1f, 0x83, 0xf0,
    0x7e, 0xf, 0xc1, 0xf8, 0x3f, 0x7, 0xf1, 0xef,
    0xfc, 0xfb, 0x80,

    /* U+01DB "Ǜ" */
    0xc, 0x0, 0x18, 0x0, 0x60, 0x0, 0x0, 0x18,
    0xc0, 0x63, 0x0, 0x0, 0x38, 0x7, 0xe0, 0x1f,
    0x80, 0x7e, 0x1, 0xf8, 0x7, 0xe0, 0x1f, 0x80,
    0x7e, 0x1, 0xf8, 0x7, 0xe0, 0x1f, 0x80, 0x7e,
    0x1, 0xfc, 0xf, 0x78, 0x78, 0xff, 0xc0, 0xfc,
    0x0,

    /* U+01DC "ǜ" */
    0x18, 0x1, 0x80, 0x30, 0x0, 0x3, 0x18, 0x63,
    0x0, 0x7, 0x7, 0xe0, 0xfc, 0x1f, 0x83, 0xf0,
    0x7e, 0xf, 0xc1, 0xf8, 0x3f, 0x7, 0xf1, 0xef,
    0xfc, 0xfb, 0x80,

    /* U+01E6 "Ǧ" */
    0xc, 0x60, 0x33, 0x1, 0xb0, 0x7, 0x0, 0x18,
    0x0, 0x0, 0x3f, 0xc3, 0xfe, 0x3c, 0x13, 0x80,
    0x1c, 0x1, 0xc0, 0xe, 0x0, 0x70, 0xff, 0x87,
    0xfc, 0x3, 0xe0, 0x1f, 0x80, 0xdc, 0x6, 0xf0,
    0x33, 0xff, 0x87, 0xf0,

    /* U+01E7 "ǧ" */
    0x19, 0x81, 0xb0, 0xf, 0x0, 0x60, 0x0, 0x3,
    0xff, 0x7f, 0xff, 0x1c, 0xe0, 0xce, 0xc, 0xf1,
    0xc7, 0xf8, 0x3f, 0xe, 0x0, 0xe0, 0xf, 0xfc,
    0x7f, 0xe0, 0xe, 0x80, 0xef, 0xfc, 0x7f, 0x80,

    /* U+01FA "Ǻ" */
    0x0, 0xc0, 0x3, 0x0, 0x6, 0x0, 0x18, 0x0,
    0x38, 0x0, 0xf8, 0x1, 0x10, 0x2, 0x20, 0x4,
    0x40, 0x7, 0x0, 0xe, 0x0, 0x3e, 0x0, 0x6c,
    0x0, 0xd8, 0x3, 0xb8, 0x6, 0x30, 0x1c, 0x70,
    0x38, 0xe0, 0x60, 0xc1, 0xff, 0xc3, 0xff, 0x87,
    0x7, 0x1c, 0x7, 0x38, 0xe, 0x60, 0xc,

    /* U+01FB "ǻ" */
    0x3, 0x0, 0xc0, 0x18, 0x0, 0x0, 0xe0, 0x3e,
    0x4, 0x40, 0x88, 0x1f, 0x1, 0xc0, 0x0, 0x1f,
    0xc3, 0xfc, 0x3, 0xc0, 0x38, 0x7, 0x3f, 0xef,
    0xff, 0x83, 0xf0, 0x7e, 0x1e, 0xff, 0xcf, 0xb8,

    /* U+01FC "Ǽ" */
    0x0, 0x1c, 0x0, 0x3, 0x0, 0x0, 0xe0, 0x0,
    0x18, 0x0, 0x0, 0x0, 0x7, 0xff, 0xc0, 0xff,
    0xf8, 0x3b, 0x80, 0x7, 0x70, 0x0, 0xce, 0x0,
    0x39, 0xc0, 0x7, 0x38, 0x1, 0xc7, 0xfc, 0x38,
    0xff, 0x86, 0x1c, 0x1, 0xff, 0x80, 0x3f, 0xf0,
    0x6, 0xe, 0x1, 0xc1, 0xc0, 0x38, 0x3f, 0xfe,
    0x7, 0xfe,

    /* U+01FD "ǽ" */
    0x0, 0x30, 0x0, 0x6, 0x0, 0x1, 0x80, 0x0,
    0x70, 0x0, 0x0, 0x0, 0x7f, 0x3e, 0xf, 0xff,
    0xf0, 0xf, 0x8e, 0x0, 0xe0, 0xe0, 0x1c, 0x1c,
    0xff, 0xff, 0xbf, 0xff, 0xfe, 0xe, 0x1, 0xc1,
    0xc0, 0x38, 0x7c, 0x3, 0xfd, 0xfe, 0x3e, 0xf,
    0xc0,

    /* U+01FE "Ǿ" */
    0x0, 0xc0, 0x3, 0x0, 0x6, 0x0, 0x18, 0x0,
    0x0, 0x0, 0x4, 0x3, 0xf8, 0x1f, 0xfc, 0x78,
    0x7c, 0xe1, 0xbb, 0x82, 0x3f, 0x4, 0x7e, 0x18,
    0xfc, 0x21, 0xf8, 0xc3, 0xf1, 0x87, 0xe2, 0xf,
    0xec, 0x3d, 0xd8, 0x73, 0xe1, 0xe3, 0xff, 0x81,
    0xfc, 0x6, 0x0, 0x0,

    /* U+01FF "ǿ" */
    0x3, 0x0, 0x30, 0x6, 0x0, 0x60, 0x1, 0x81,
    0xf8, 0x7f, 0xc7, 0x1e, 0xe3, 0x7e, 0x27, 0xe6,
    0x7e, 0x67, 0xe4, 0x7f, 0xc7, 0x7c, 0xe3, 0xfe,
    0x1f, 0x81, 0x80,

    /* U+0218 "Ș" */
    0x1f, 0xcf, 0xfb, 0xc1, 0x70, 0xe, 0x1, 0xe0,
    0x3f, 0x3, 0xf8, 0x1f, 0xc0, 0x7c, 0x3, 0x80,
    0x70, 0xf, 0x83, 0xff, 0xf3, 0xf8, 0x0, 0x1,
    0x80, 0x30, 0x6, 0x0, 0xc0,

    /* U+0219 "ș" */
    0x3f, 0x3f, 0xb8, 0x1c, 0xf, 0x83, 0xf0, 0xfc,
    0xf, 0x3, 0xc1, 0xff, 0xcf, 0xc0, 0x0, 0x40,
    0x60, 0x30, 0x18, 0x0,

    /* U+021A "Ț" */
    0xff, 0xff, 0xff, 0x7, 0x0, 0x70, 0x7, 0x0,
    0x70, 0x7, 0x0, 0x70, 0x7, 0x0, 0x70, 0x7,
    0x0, 0x70, 0x7, 0x0, 0x70, 0x7, 0x0, 0x70,
    0x0, 0x0, 0x70, 0x6, 0x0, 0x60, 0x6, 0x0,

    /* U+021B "ț" */
    0x0, 0x38, 0x38, 0x38, 0xff, 0xff, 0x38, 0x38,
    0x38, 0x38, 0x38, 0x38, 0x38, 0x38, 0x1f, 0xf,
    0x0, 0xe, 0xc, 0xc, 0xc,

    /* U+0237 "ȷ" */
    0x3e, 0x7c, 0x38, 0x70, 0xe1, 0xc3, 0x87, 0xe,
    0x1c, 0x38, 0x70, 0xe1, 0xc3, 0xfe, 0xf8,

    /* U+0251 "ɑ" */
    0x1f, 0x73, 0xff, 0x78, 0xf7, 0x7, 0xe0, 0x7e,
    0x7, 0xe0, 0x7e, 0x7, 0xe0, 0x77, 0xf, 0x7f,
    0xf1, 0xf7,

    /* U+0259 "ə" */
    0x7f, 0xf, 0xf0, 0x7, 0x0, 0x70, 0xf, 0xff,
    0xff, 0xff, 0x7, 0xe0, 0xfe, 0x39, 0xfe, 0xf,
    0x80,

    /* U+02BB "ʻ" */
    0x66, 0x6e, 0xc0,

    /* U+02BC "ʼ" */
    0x66, 0x6c, 0xc0,

    /* U+02BE "ʾ" */
    0xce, 0x33, 0x3e, 0xc0,

    /* U+02BF "ʿ" */
    0x7f, 0xcc, 0xcf, 0x70,

    /* U+02C6 "ˆ" */
    0x18, 0x3c, 0x66, 0x63,

    /* U+02C7 "ˇ" */
    0x63, 0x66, 0x3c, 0x18,

    /* U+02C8 "ˈ" */
    0xff,

    /* U+02C9 "ˉ" */
    0xff, 0xfc,

    /* U+02CA "ˊ" */
    0x66, 0xcc,

    /* U+02CB "ˋ" */
    0x63, 0xc, 0x60,

    /* U+02CC "ˌ" */
    0xff,

    /* U+02D8 "˘" */
    0xc7, 0x8f, 0xf3, 0xe0,

    /* U+02D9 "˙" */
    0xf0,

    /* U+02DA "˚" */
    0x77, 0xe3, 0x1f, 0xb8,

    /* U+02DB "˛" */
    0x33, 0x31, 0x8f, 0xbc,

    /* U+02DC "˜" */
    0xf0, 0xff, 0xf,

    /* U+02DD "˝" */
    0x31, 0x9c, 0x66, 0x33, 0x8c,

    /* U+0300 "̀" */
    0xe6, 0x63,

    /* U+0301 "́" */
    0x37, 0x66,

    /* U+0302 "̂" */
    0x1c, 0x3c, 0x36, 0x63,

    /* U+0303 "̃" */
    0xf0, 0xff, 0xf,

    /* U+0304 "̄" */
    0xff, 0xfc,

    /* U+0306 "̆" */
    0xc7, 0x8f, 0xf3, 0xc0,

    /* U+0307 "̇" */
    0xf0,

    /* U+0308 "̈" */
    0xc7, 0x8c,

    /* U+0309 "̉" */
    0xf7, 0xc6, 0x37, 0x30,

    /* U+030A "̊" */
    0x77, 0xe3, 0x1f, 0xb8,

    /* U+030B "̋" */
    0x63, 0xb1, 0xb1, 0xd8, 0xc0,

    /* U+030C "̌" */
    0x63, 0x36, 0x3c, 0x1c,

    /* U+031B "̛" */
    0x18, 0xcf, 0xee, 0x0,

    /* U+0323 "̣" */
    0xf0,

    /* U+0324 "̤" */
    0xc7, 0x8c,

    /* U+0326 "̦" */
    0x6f, 0x60,

    /* U+0327 "̧" */
    0x21, 0xe0, 0xc3, 0xff, 0xe0,

    /* U+0328 "̨" */
    0x33, 0x31, 0x8f, 0xbc,

    /* U+032E "̮" */
    0xc7, 0x8f, 0xf3, 0xc0,

    /* U+0331 "̱" */
    0xff, 0xfc,

    /* U+0394 "Δ" */
    0x7, 0x0, 0x38, 0x1, 0xe0, 0x1f, 0x0, 0xd8,
    0x6, 0xe0, 0x73, 0x3, 0x1c, 0x18, 0x61, 0xc3,
    0xc, 0x1c, 0xe0, 0x66, 0x3, 0x30, 0x1f, 0x80,
    0x7f, 0xff, 0xff, 0xf8,

    /* U+03A9 "Ω" */
    0x7, 0xe0, 0x1f, 0xf8, 0x3e, 0x7c, 0x78, 0x1e,
    0x70, 0xe, 0xe0, 0x7, 0xe0, 0x7, 0xe0, 0x7,
    0xe0, 0x7, 0xe0, 0x7, 0xe0, 0x7, 0xe0, 0x7,
    0x60, 0x6, 0x70, 0xe, 0x38, 0x1c, 0x1c, 0x38,
    0xfe, 0x7f, 0xfe, 0x7f,

    /* U+03BC "μ" */
    0xe0, 0xfc, 0x1f, 0x83, 0xf0, 0x7e, 0xf, 0xc1,
    0xf8, 0x3f, 0x7, 0xe0, 0xfe, 0x3f, 0xff, 0xff,
    0x3e, 0x1, 0xc0, 0x38, 0x7, 0x0,

    /* U+03C0 "π" */
    0xff, 0xf9, 0xff, 0xf1, 0xc1, 0xc3, 0x83, 0x87,
    0x7, 0xe, 0xe, 0x1c, 0x1c, 0x38, 0x38, 0x70,
    0x70, 0xe0, 0xe1, 0xc1, 0xfb, 0x81, 0xf0,

    /* U+0E01 "ก" */
    0x1f, 0x87, 0xfe, 0xe0, 0xfc, 0x7, 0xf8, 0x73,
    0x87, 0xf0, 0x7e, 0x7, 0xe0, 0x7e, 0x7, 0xe0,
    0x7e, 0x7, 0xe0, 0x70,

    /* U+0E02 "ข" */
    0xf8, 0xff, 0x1c, 0xe3, 0x9c, 0x77, 0xf, 0xc1,
    0xf8, 0x3f, 0x7, 0xe0, 0xfc, 0x1f, 0xc7, 0x3f,
    0xe1, 0xf0,

    /* U+0E03 "ฃ" */
    0xfc, 0x7f, 0xc7, 0xdc, 0x73, 0x87, 0x38, 0x77,
    0x7, 0xe0, 0x7e, 0x7, 0xe0, 0x7e, 0x7, 0xf0,
    0xe7, 0xfe, 0x1f, 0x80,

    /* U+0E04 "ค" */
    0x1f, 0x87, 0xfe, 0x70, 0xee, 0x7, 0xe0, 0x7e,
    0x7, 0xfe, 0x7f, 0xe7, 0xf0, 0x7e, 0x7, 0xe0,
    0x7e, 0x7, 0xe0, 0x70,

    /* U+0E05 "ฅ" */
    0x79, 0xef, 0xff, 0xe6, 0x7e, 0x7, 0xe0, 0x7e,
    0x7, 0xfe, 0x7f, 0xe7, 0xe0, 0x7e, 0x7, 0xe0,
    0x7e, 0x7, 0xe0, 0x70,

    /* U+0E06 "ฆ" */
    0xfc, 0x7f, 0xc7, 0xdc, 0x73, 0x87, 0x38, 0x77,
    0x7, 0xe0, 0x7e, 0x7, 0xe0, 0x7e, 0x7, 0xf0,
    0xff, 0xfe, 0xe7, 0xc0,

    /* U+0E07 "ง" */
    0x7, 0x80, 0x7e, 0x0, 0xe0, 0x7, 0xc0, 0x7e,
    0x7, 0x60, 0x77, 0x7, 0x30, 0x73, 0xe, 0x39,
    0xe1, 0xfc, 0x1f, 0x80,

    /* U+0E08 "จ" */
    0x7f, 0x8f, 0xfc, 0x81, 0xe0, 0xf, 0x0, 0x70,
    0x7, 0xe0, 0x7f, 0x7, 0x30, 0x73, 0x8e, 0x19,
    0xe1, 0xfc, 0xf, 0x0,

    /* U+0E09 "ฉ" */
    0x7f, 0x1f, 0xfa, 0x7, 0x0, 0x70, 0xe, 0x1,
    0xf8, 0x3f, 0x7, 0xe0, 0xfc, 0x1f, 0xc7, 0xbf,
    0xf3, 0xce,

    /* U+0E0A "ช" */
    0xf8, 0xff, 0x1c, 0xe3, 0x9d, 0xe7, 0x3d, 0xc1,
    0xf8, 0x3f, 0x7, 0xe0, 0xfc, 0x1f, 0xc7, 0xbf,
    0xe1, 0xf0,

    /* U+0E0B "ซ" */
    0xfc, 0x7f, 0xc7, 0xdc, 0x73, 0x9e, 0x39, 0xe7,
    0x7, 0xe0, 0x7e, 0x7, 0xe0, 0x7e, 0x7, 0xf0,
    0xe7, 0xfe, 0x1f, 0x80,

    /* U+0E0C "ฌ" */
    0x1f, 0x80, 0x3b, 0xff, 0x1, 0xf8, 0x3c, 0xf,
    0x80, 0xe0, 0x7f, 0x87, 0x3, 0x9c, 0x38, 0x1d,
    0xc1, 0xc0, 0xfc, 0xe, 0x7, 0xe0, 0x70, 0x3f,
    0x3, 0x81, 0xf8, 0x1e, 0x1f, 0xf0, 0xff, 0xe7,
    0x87, 0x3e, 0x0,

    /* U+0E0D "ญ" */
    0x1f, 0x80, 0x3b, 0xff, 0x1, 0xf8, 0x3c, 0xf,
    0x80, 0xe0, 0x7f, 0x87, 0x3, 0x9c, 0x38, 0x1d,
    0xc1, 0xc0, 0xfc, 0xe, 0x7, 0xe0, 0x38, 0x77,
    0x1, 0xff, 0xf8, 0x3, 0xf7, 0xf0, 0x40, 0x77,
    0x83, 0xff, 0x0, 0xf, 0xf0,

    /* U+0E0E "ฎ" */
    0xf, 0xc1, 0xff, 0x9c, 0x1c, 0xc0, 0x77, 0xc3,
    0x8e, 0x1c, 0xf0, 0xe7, 0x7, 0x38, 0x39, 0xc1,
    0xce, 0xf, 0xf0, 0x7f, 0x3, 0x80, 0x1c, 0x0,
    0xe1, 0xff, 0x1f, 0xf8, 0x1, 0xc0,

    /* U+0E0F "ฏ" */
    0xf, 0xc1, 0xff, 0x9c, 0x1c, 0xc0, 0x77, 0xc3,
    0x8e, 0x1c, 0xf0, 0xe7, 0x7, 0x38, 0x39, 0xc1,
    0xce, 0xf, 0xf0, 0x7f, 0x3, 0x80, 0x1c, 0x0,
    0xe0, 0x67, 0x3f, 0xf9, 0xe7, 0x80,

    /* U+0E10 "ฐ" */
    0x7f, 0xff, 0xff, 0x1, 0xe0, 0xe, 0x0, 0x70,
    0x7, 0xe0, 0x7f, 0x7, 0x30, 0x73, 0xe, 0x39,
    0xe1, 0xfc, 0x1f, 0x0, 0x0, 0x1c, 0xef, 0xfe,
    0xf7, 0xc0,

    /* U+0E11 "ฑ" */
    0xfb, 0xcf, 0xfe, 0xdc, 0x71, 0xc7, 0x38, 0x73,
    0x87, 0x70, 0x77, 0x7, 0x70, 0x77, 0x7, 0x70,
    0x77, 0x7, 0x70, 0x70,

    /* U+0E12 "ฒ" */
    0x3c, 0xf0, 0x3b, 0xff, 0xc1, 0xdc, 0xce, 0xf,
    0xc0, 0x70, 0x7e, 0x3, 0x83, 0xf0, 0x1c, 0x1f,
    0x80, 0xe0, 0xfc, 0x7, 0x7, 0xe0, 0x38, 0x3f,
    0x1, 0xc1, 0xdc, 0xf, 0x1e, 0x7e, 0x7f, 0xe1,
    0xf3, 0x9e, 0x0,

    /* U+0E13 "ณ" */
    0x1f, 0x80, 0x3b, 0xff, 0x1, 0xf8, 0x3c, 0xf,
    0x80, 0xe0, 0x7f, 0x87, 0x3, 0x9c, 0x38, 0x1d,
    0xc1, 0xc0, 0xfc, 0xe, 0x7, 0xe0, 0x70, 0x3f,
    0x3, 0x81, 0xf8, 0x1e, 0x1f, 0xf0, 0x7f, 0xf7,
    0x81, 0xf3, 0x80,

    /* U+0E14 "ด" */
    0xf, 0xc1, 0xff, 0x1e, 0x1c, 0xe0, 0x7e, 0x3,
    0xf0, 0x1f, 0x80, 0xfc, 0x7, 0xe0, 0x3f, 0x1,
    0xdc, 0xe, 0xfc, 0x71, 0xe3, 0x80,

    /* U+0E15 "ต" */
    0x3c, 0xf3, 0xff, 0xdc, 0xcf, 0xc0, 0x7e, 0x3,
    0xf0, 0x1f, 0x80, 0xfc, 0x7, 0xe0, 0x3f, 0x1,
    0xdc, 0xe, 0xfc, 0x71, 0xe3, 0x80,

    /* U+0E16 "ถ" */
    0x1f, 0x87, 0xfe, 0xe0, 0xfc, 0x7, 0xf8, 0x73,
    0x87, 0x70, 0x7e, 0x7, 0xe0, 0x7e, 0x7, 0xe0,
    0x7f, 0x87, 0x78, 0x70,

    /* U+0E17 "ท" */
    0xe7, 0xcf, 0xfe, 0xf0, 0xfe, 0x7, 0xe0, 0x7e,
    0x7, 0xe0, 0x7e, 0x7, 0xe0, 0x7e, 0x7, 0xe0,
    0x7e, 0x7, 0xe0, 0x70,

    /* U+0E18 "ธ" */
    0x3f, 0xcf, 0xfb, 0x80, 0x70, 0xf, 0x80, 0xfe,
    0x3, 0xf7, 0xf, 0xe0, 0xfc, 0x1f, 0x87, 0xff,
    0xe7, 0xf8,

    /* U+0E19 "น" */
    0xe0, 0x7e, 0x7, 0xe0, 0x7e, 0x7, 0xe0, 0x7e,
    0x7, 0xe0, 0x7e, 0x7, 0xe0, 0x7e, 0x7, 0xf0,
    0xf7, 0xff, 0x3e, 0x70,

    /* U+0E1A "บ" */
    0xe0, 0x7e, 0x7, 0xe0, 0x7e, 0x7, 0xe0, 0x7e,
    0x7, 0xe0, 0x7e, 0x7, 0xe0, 0x7e, 0x7, 0x70,
    0xe7, 0xfe, 0x1f, 0x80,

    /* U+0E1B "ป" */
    0x0, 0x70, 0x7, 0x0, 0x70, 0x7, 0xe0, 0x7e,
    0x7, 0xe0, 0x7e, 0x7, 0xe0, 0x7e, 0x7, 0xe0,
    0x7e, 0x7, 0xe0, 0x7e, 0x7, 0x70, 0xe7, 0xfe,
    0x1f, 0x80,

    /* U+0E1C "ผ" */
    0x78, 0x3f, 0xc1, 0xf8, 0xf, 0xc0, 0x7e, 0x23,
    0xf3, 0x9f, 0x9c, 0xfd, 0xb7, 0xe8, 0xbf, 0xc7,
    0xfc, 0x1f, 0xe0, 0xfe, 0x3, 0x80,

    /* U+0E1D "ฝ" */
    0x0, 0x38, 0x1, 0xc0, 0xe, 0x0, 0x77, 0x83,
    0xfc, 0x1f, 0x80, 0xfc, 0x7, 0xe2, 0x3f, 0x39,
    0xf9, 0xcf, 0xdb, 0x7e, 0x8b, 0xfc, 0x7f, 0xc1,
    0xfe, 0xf, 0xe0, 0x38,

    /* U+0E1E "พ" */
    0xe1, 0x87, 0xe1, 0x87, 0x61, 0xc6, 0x63, 0xc6,
    0x73, 0xce, 0x73, 0xce, 0x33, 0x6c, 0x36, 0x6c,
    0x36, 0x6c, 0x3e, 0x7c, 0x1c, 0x3c, 0x1c, 0x38,
    0x1c, 0x38,

    /* U+0E1F "ฟ" */
    0x0, 0x3, 0x80, 0x1, 0x80, 0x0, 0xc0, 0x0,
    0xee, 0x18, 0x77, 0xc, 0x31, 0x87, 0x18, 0xc7,
    0x8c, 0x73, 0xce, 0x39, 0xe7, 0xc, 0xdb, 0x6,
    0xcd, 0x83, 0x66, 0xc1, 0xf3, 0xe0, 0x70, 0xe0,
    0x38, 0x70, 0x1c, 0x38, 0x0,

    /* U+0E20 "ภ" */
    0xf, 0xc1, 0xff, 0x9c, 0x1c, 0xc0, 0x77, 0xc3,
    0x8e, 0x1c, 0xf0, 0xe7, 0x7, 0x38, 0x39, 0xc1,
    0xce, 0xf, 0xf0, 0x7f, 0x3, 0x80,

    /* U+0E21 "ม" */
    0xe0, 0x7e, 0x7, 0xe0, 0x7e, 0x7, 0xe0, 0x7e,
    0x7, 0xe0, 0x7e, 0x7, 0xe0, 0x7e, 0x7, 0xf0,
    0xff, 0xfe, 0xe7, 0xc0,

    /* U+0E22 "ย" */
    0x3c, 0x77, 0xc7, 0xe0, 0x7e, 0x7, 0xe0, 0x77,
    0xc7, 0x7c, 0x7e, 0x7, 0xe0, 0x7e, 0x7, 0xf0,
    0xe7, 0xfe, 0x1f, 0x80,

    /* U+0E23 "ร" */
    0x3f, 0x9f, 0xef, 0x3, 0x80, 0xf0, 0x1f, 0x3,
    0xf0, 0x3e, 0x1, 0xc0, 0x78, 0x1f, 0xfe, 0x7f,
    0x0,

    /* U+0E24 "ฤ" */
    0x1f, 0x87, 0xfe, 0xe0, 0xec, 0x7, 0xf8, 0x73,
    0x87, 0x70, 0x7e, 0x7, 0xe0, 0x7e, 0x7, 0xe0,
    0x7f, 0x87, 0x78, 0x70, 0x7, 0x0, 0x70, 0x7,
    0x0, 0x70,

    /* U+0E25 "ล" */
    0x3f, 0x83, 0xfe, 0x0, 0xf0, 0x7, 0x0, 0x73,
    0xff, 0x7f, 0xff, 0x7, 0xe0, 0x7e, 0x7, 0xe0,
    0x77, 0xe7, 0x3e, 0x70,

    /* U+0E26 "ฦ" */
    0xf, 0xc1, 0xff, 0x9c, 0x1c, 0xc0, 0x77, 0xc3,
    0x8e, 0x1c, 0xf0, 0xe7, 0x7, 0x38, 0x39, 0xc1,
    0xce, 0xf, 0xf0, 0x7f, 0x3, 0x80, 0x1c, 0x0,
    0xe0, 0x7, 0x0, 0x38,

    /* U+0E27 "ว" */
    0x7f, 0x1f, 0xf2, 0xf, 0x0, 0xf0, 0xe, 0x1,
    0xc0, 0x38, 0x7, 0x0, 0xe0, 0x3e, 0xf, 0x7f,
    0xc7, 0xf0,

    /* U+0E28 "ศ" */
    0x1f, 0xfb, 0xff, 0xfc, 0x3d, 0xc0, 0xee, 0x7,
    0x70, 0x3b, 0xf9, 0xdf, 0xce, 0xf0, 0x77, 0x3,
    0xb8, 0x1d, 0xc0, 0xee, 0x7, 0x0,

    /* U+0E29 "ษ" */
    0xe0, 0x77, 0x3, 0xb8, 0x1d, 0xc0, 0xee, 0x3f,
    0xf1, 0xff, 0x81, 0xdc, 0xe, 0xe0, 0x77, 0x3,
    0x9c, 0x38, 0xff, 0xc1, 0xf8, 0x0,

    /* U+0E2A "ส" */
    0x1f, 0xf9, 0xff, 0xc0, 0x3c, 0x0, 0xe0, 0x7,
    0x1f, 0xf9, 0xff, 0xde, 0xe, 0xe0, 0x77, 0x3,
    0xb8, 0x1c, 0xfc, 0xe3, 0xe7, 0x0,

    /* U+0E2B "ห" */
    0xe0, 0x7e, 0x7, 0xe0, 0x7e, 0xf, 0xff, 0xef,
    0xfe, 0xe0, 0xfe, 0x7, 0xe0, 0x7e, 0x7, 0xe0,
    0x7e, 0x7, 0xe0, 0x70,

    /* U+0E2C "ฬ" */
    0x0, 0x3, 0x80, 0x1, 0x80, 0x0, 0xc0, 0x3,
    0xce, 0x1, 0xe7, 0xc, 0x31, 0x86, 0x18, 0xc3,
    0xc, 0x71, 0xc6, 0x39, 0xe7, 0xc, 0xf3, 0x6,
    0xed, 0x83, 0x66, 0xc1, 0xf3, 0xe0, 0x70, 0xe0,
    0x38, 0x70, 0x1c, 0x38, 0x0,

    /* U+0E2D "อ" */
    0x7f, 0x8f, 0xfc, 0x1, 0xe0, 0xf, 0x0, 0x7f,
    0x87, 0xf8, 0x7e, 0x7, 0xe0, 0x7e, 0xf, 0xe0,
    0xef, 0xfc, 0x7f, 0x80,

    /* U+0E2E "ฮ" */
    0x7f, 0xff, 0xff, 0x1, 0xe0, 0xf, 0x0, 0x7f,
    0x87, 0xf8, 0x7e, 0x7, 0xe0, 0x7e, 0xf, 0xe0,
    0xef, 0xfc, 0x7f, 0x80,

    /* U+0E2F "ฯ" */
    0x60, 0xfc, 0x1f, 0x83, 0xf0, 0x7f, 0x1e, 0xff,
    0xcf, 0xb8, 0x7, 0x0, 0xe0, 0x1c, 0x3, 0x80,
    0x70, 0xe,

    /* U+0E30 "ะ" */
    0xc3, 0xff, 0xc0, 0x0, 0xc, 0x3f, 0xfc,

    /* U+0E31 "ั" */
    0xc0, 0x60, 0x3f, 0xff, 0xf0,

    /* U+0E32 "า" */
    0x7e, 0x7f, 0x81, 0xe0, 0x70, 0x38, 0x1c, 0xe,
    0x7, 0x3, 0x81, 0xc0, 0xe0, 0x70, 0x38,

    /* U+0E33 "ำ" */
    0x78, 0x1, 0xf8, 0x3, 0x30, 0x7, 0xe0, 0x7,
    0x80, 0x0, 0x0, 0x0, 0x7e, 0x1, 0xfe, 0x2,
    0x1e, 0x0, 0x1c, 0x0, 0x38, 0x0, 0x70, 0x0,
    0xe0, 0x1, 0xc0, 0x3, 0x80, 0x7, 0x0, 0xe,
    0x0, 0x1c, 0x0, 0x38,

    /* U+0E34 "ิ" */
    0xff, 0xff, 0xf0,

    /* U+0E35 "ี" */
    0x0, 0xc0, 0x3f, 0xff, 0xff,

    /* U+0E36 "ึ" */
    0x3, 0x80, 0x9f, 0xff, 0xfe,

    /* U+0E37 "ื" */
    0x6, 0xc1, 0xbf, 0xff, 0xff,

    /* U+0E38 "ุ" */
    0xff, 0x33, 0x30,

    /* U+0E39 "ู" */
    0xe7, 0xcd, 0x9b, 0xf3, 0xc0,

    /* U+0E3A "ฺ" */
    0xff, 0x80,

    /* U+0E3F "฿" */
    0x6, 0x0, 0x30, 0x3f, 0xf1, 0xff, 0xce, 0x67,
    0x73, 0x3b, 0x99, 0xdc, 0xce, 0xff, 0xe7, 0xff,
    0xb9, 0x9f, 0xcc, 0x7e, 0x63, 0xf3, 0x1f, 0x99,
    0xff, 0xfe, 0xff, 0xe0, 0x30, 0x1, 0x80,

    /* U+0E40 "เ" */
    0xe7, 0x39, 0xce, 0x73, 0x9c, 0xe7, 0x39, 0xf7,
    0x80,

    /* U+0E41 "แ" */
    0xe3, 0x9c, 0x73, 0x8e, 0x71, 0xce, 0x39, 0xc7,
    0x38, 0xe7, 0x1c, 0xe3, 0x9c, 0x73, 0x8e, 0x7d,
    0xf7, 0x9e,

    /* U+0E42 "โ" */
    0xff, 0xfd, 0xc1, 0xc3, 0x87, 0xe, 0x1c, 0x38,
    0x70, 0xe1, 0xc3, 0x87, 0xe, 0x1c, 0x38, 0x7c,
    0x78,

    /* U+0E43 "ใ" */
    0x7e, 0xff, 0x87, 0x7, 0xe, 0x1e, 0x3c, 0x38,
    0x38, 0x38, 0x38, 0x38, 0x38, 0x38, 0x38, 0x38,
    0x38, 0x3e, 0x1e,

    /* U+0E44 "ไ" */
    0xff, 0xfc, 0x70, 0xc3, 0x87, 0xe, 0x1c, 0x38,
    0x70, 0xe1, 0xc3, 0x87, 0xe, 0x1c, 0x38, 0x7c,
    0x78,

    /* U+0E45 "ๅ" */
    0x7e, 0x7f, 0x81, 0xe0, 0x70, 0x38, 0x1c, 0xe,
    0x7, 0x3, 0x81, 0xc0, 0xe0, 0x70, 0x38, 0x1c,
    0xe, 0x7, 0x3, 0x80,

    /* U+0E46 "ๆ" */
    0x39, 0xe7, 0xff, 0xe6, 0x7e, 0x7, 0xe0, 0x7e,
    0x7, 0x7e, 0x73, 0xe7, 0x0, 0x70, 0x7, 0x0,
    0x70, 0x7, 0x0, 0x70,

    /* U+0E47 "็" */
    0x7f, 0xff, 0xf0, 0x19, 0x8f, 0xfb, 0xbc,

    /* U+0E48 "่" */
    0xff, 0xf0,

    /* U+0E49 "้" */
    0xe0, 0x70, 0xf, 0xe7, 0xf0,

    /* U+0E4A "๊" */
    0x6e, 0xff, 0xfd, 0x3f, 0x8f, 0x63, 0x80,

    /* U+0E4B "๋" */
    0x73, 0xff, 0xdc,

    /* U+0E4C "์" */
    0xff, 0xff, 0x6, 0x0,

    /* U+0E4D "ํ" */
    0x7b, 0xfc, 0xff, 0x78,

    /* U+0E4E "๎" */
    0x7b, 0x1d, 0x8f, 0x38,

    /* U+0E4F "๏" */
    0xf, 0x3, 0xfc, 0x70, 0xe6, 0xf6, 0xdf, 0xbd,
    0x9b, 0xd9, 0xbd, 0xfb, 0x6f, 0x67, 0xe, 0x3f,
    0xc0, 0xf0,

    /* U+0E50 "๐" */
    0xf, 0x81, 0xff, 0x1e, 0x1d, 0xe0, 0xfe, 0x3,
    0xf0, 0x1f, 0x80, 0xfc, 0x7, 0xf0, 0x7b, 0x83,
    0x8f, 0xf8, 0x1f, 0x0,

    /* U+0E51 "๑" */
    0x1f, 0xc1, 0xff, 0x1c, 0x1d, 0xc0, 0xfe, 0x3,
    0xf0, 0x1f, 0x80, 0xfe, 0x7, 0x7e, 0x39, 0xf3,
    0x80, 0x3c, 0x7, 0xc0, 0x38, 0x1, 0x0,

    /* U+0E52 "๒" */
    0xe0, 0x3, 0xb9, 0xef, 0xff, 0xfe, 0x67, 0xf8,
    0x1f, 0xe0, 0x7f, 0x81, 0xff, 0xc7, 0xef, 0x1f,
    0xc0, 0x77, 0x87, 0x8f, 0xfc, 0xf, 0xc0,

    /* U+0E53 "๓" */
    0x3c, 0xf3, 0xff, 0xdc, 0xcf, 0xc6, 0x7e, 0x33,
    0xf0, 0x1f, 0x80, 0xfc, 0x7, 0xe0, 0x3b, 0x81,
    0xdf, 0xce, 0x3e, 0x70,

    /* U+0E54 "๔" */
    0x0, 0x8, 0x3f, 0xe3, 0xff, 0x1e, 0x0, 0x70,
    0x3, 0x80, 0xe, 0xf, 0xb8, 0xfe, 0xe3, 0x83,
    0x8e, 0x7, 0x38, 0x1f, 0xff, 0x1f, 0x7c,

    /* U+0E55 "๕" */
    0x18, 0x8, 0x7f, 0xe1, 0xff, 0xe, 0x0, 0x70,
    0x3, 0x80, 0xe, 0xf, 0xb8, 0xfe, 0xe3, 0x83,
    0x8e, 0x7, 0x38, 0x1f, 0xff, 0x1f, 0x7c,

    /* U+0E56 "๖" */
    0xc0, 0x3, 0x1f, 0x86, 0xff, 0x1e, 0xe, 0x70,
    0x3c, 0xc0, 0x70, 0x1, 0xc0, 0x7, 0x0, 0x1c,
    0x0, 0xf3, 0x7, 0x8f, 0xfc, 0xf, 0xc0,

    /* U+0E57 "๗" */
    0x0, 0x1, 0xcf, 0x3c, 0x77, 0xff, 0x9d, 0xcc,
    0xe7, 0xe3, 0x39, 0xf8, 0xce, 0x7e, 0x33, 0x9f,
    0x80, 0xe7, 0xe0, 0x39, 0xf8, 0xe, 0x77, 0x3,
    0x9d, 0xfc, 0xfe, 0x1f, 0x3f, 0x0,

    /* U+0E58 "๘" */
    0x0, 0x8, 0x7f, 0xcf, 0xfc, 0xf0, 0xf, 0x0,
    0x70, 0x3, 0x80, 0xfc, 0xf, 0xe3, 0x1f, 0x18,
    0xfc, 0xc6, 0xff, 0xf3, 0xcf, 0x0,

    /* U+0E59 "๙" */
    0x0, 0x3, 0x3c, 0xe3, 0x7f, 0xf3, 0x73, 0x33,
    0xe3, 0x1e, 0xe1, 0x9e, 0xe1, 0x80, 0xe1, 0x80,
    0xe1, 0x80, 0xe0, 0xc0, 0x70, 0xc0, 0x7e, 0xc0,
    0x1e, 0xc0,

    /* U+0E5A "๚" */
    0x60, 0xe0, 0xfc, 0x1c, 0x1f, 0x83, 0x83, 0xf0,
    0x70, 0x7f, 0x1e, 0x1e, 0xff, 0xff, 0xcf, 0xbf,
    0xb8, 0x7, 0x7, 0x0, 0xe0, 0xe0, 0x1c, 0x1c,
    0x3, 0x83, 0x80, 0x70, 0x70, 0xe, 0xe,

    /* U+0E5B "๛" */
    0x1f, 0x0, 0x0, 0xf, 0xe0, 0x0, 0x7, 0x1c,
    0xc0, 0x3, 0x83, 0x39, 0x90, 0xc0, 0xce, 0x66,
    0xb0, 0x33, 0xdf, 0xbc, 0xc, 0xdf, 0xef, 0x6,
    0x37, 0x6e, 0xc1, 0x19, 0x99, 0x18, 0x6, 0x0,
    0x7, 0x7, 0x0, 0x0, 0xff, 0x80, 0x0, 0xf,
    0xc0, 0x0, 0x0
};


/*---------------------
 *  GLYPH DESCRIPTION
 *--------------------*/

static const lv_font_fmt_txt_glyph_dsc_t glyph_dsc[] = {
    {.bitmap_index = 0, .adv_w = 0, .box_w = 0, .box_h = 0, .ofs_x = 0, .ofs_y = 0} /* id = 0 reserved */,
    {.bitmap_index = 0, .adv_w = 192, .box_w = 1, .box_h = 1, .ofs_x = 0, .ofs_y = 0},
    {.bitmap_index = 1, .adv_w = 88, .box_w = 1, .box_h = 1, .ofs_x = 0, .ofs_y = 0},
    {.bitmap_index = 2, .adv_w = 88, .box_w = 1, .box_h = 1, .ofs_x = 0, .ofs_y = 0},
    {.bitmap_index = 3, .adv_w = 78, .box_w = 3, .box_h = 16, .ofs_x = 1, .ofs_y = 0},
    {.bitmap_index = 9, .adv_w = 131, .box_w = 6, .box_h = 4, .ofs_x = 1, .ofs_y = 12},
    {.bitmap_index = 12, .adv_w = 270, .box_w = 15, .box_h = 16, .ofs_x = 1, .ofs_y = 0},
    {.bitmap_index = 42, .adv_w = 213, .box_w = 11, .box_h = 20, .ofs_x = 1, .ofs_y = -2},
    {.bitmap_index = 70, .adv_w = 279, .box_w = 16, .box_h = 16, .ofs_x = 1, .ofs_y = 0},
    {.bitmap_index = 102, .adv_w = 257, .box_w = 14, .box_h = 16, .ofs_x = 1, .ofs_y = 0},
    {.bitmap_index = 130, .adv_w = 70, .box_w = 2, .box_h = 4, .ofs_x = 1, .ofs_y = 12},
    {.bitmap_index = 131, .adv_w = 125, .box_w = 7, .box_h = 18, .ofs_x = 1, .ofs_y = -1},
    {.bitmap_index = 147, .adv_w = 125, .box_w = 7, .box_h = 18, .ofs_x = 0, .ofs_y = -1},
    {.bitmap_index = 163, .adv_w = 166, .box_w = 8, .box_h = 8, .ofs_x = 1, .ofs_y = 8},
    {.bitmap_index = 171, .adv_w = 182, .box_w = 9, .box_h = 9, .ofs_x = 1, .ofs_y = 3},
    {.bitmap_index = 182, .adv_w = 81, .box_w = 3, .box_h = 4, .ofs_x = 1, .ofs_y = -3},
    {.bitmap_index = 184, .adv_w = 180, .box_w = 9, .box_h = 2, .ofs_x = 1, .ofs_y = 6},
    {.bitmap_index = 187, .adv_w = 69, .box_w = 2, .box_h = 2, .ofs_x = 1, .ofs_y = 0},
    {.bitmap_index = 188, .adv_w = 166, .box_w = 8, .box_h = 17, .ofs_x = 1, .ofs_y = 0},
    {.bitmap_index = 205, .adv_w = 250, .box_w = 14, .box_h = 16, .ofs_x = 1, .ofs_y = 0},
    {.bitmap_index = 233, .adv_w = 122, .box_w = 6, .box_h = 16, .ofs_x = 1, .ofs_y = 0},
    {.bitmap_index = 245, .adv_w = 195, .box_w = 10, .box_h = 16, .ofs_x = 1, .ofs_y = 0},
    {.bitmap_index = 265, .adv_w = 199, .box_w = 11, .box_h = 16, .ofs_x = 1, .ofs_y = 0},
    {.bitmap_index = 287, .adv_w = 209, .box_w = 12, .box_h = 16, .ofs_x = 0, .ofs_y = 0},
    {.bitmap_index = 311, .adv_w = 198, .box_w = 10, .box_h = 16, .ofs_x = 1, .ofs_y = 0},
    {.bitmap_index = 331, .adv_w = 220, .box_w = 12, .box_h = 16, .ofs_x = 1, .ofs_y = 0},
    {.bitmap_index = 355, .adv_w = 191, .box_w = 10, .box_h = 16, .ofs_x = 1, .ofs_y = 0},
    {.bitmap_index = 375, .adv_w = 227, .box_w = 12, .box_h = 16, .ofs_x = 1, .ofs_y = 0},
    {.bitmap_index = 399, .adv_w = 220, .box_w = 12, .box_h = 16, .ofs_x = 1, .ofs_y = 0},
    {.bitmap_index = 423, .adv_w = 69, .box_w = 2, .box_h = 10, .ofs_x = 1, .ofs_y = 1},
    {.bitmap_index = 426, .adv_w = 81, .box_w = 3, .box_h = 13, .ofs_x = 1, .ofs_y = -3},
    {.bitmap_index = 431, .adv_w = 209, .box_w = 11, .box_h = 13, .ofs_x = 1, .ofs_y = 1},
    {.bitmap_index = 449, .adv_w = 182, .box_w = 9, .box_h = 6, .ofs_x = 1, .ofs_y = 4},
    {.bitmap_index = 456, .adv_w = 209, .box_w = 11, .box_h = 13, .ofs_x = 1, .ofs_y = 1},
    {.bitmap_index = 474, .adv_w = 190, .box_w = 10, .box_h = 16, .ofs_x = 1, .ofs_y = 0},
    {.bitmap_index = 494, .adv_w = 293, .box_w = 16, .box_h = 16, .ofs_x = 1, .ofs_y = -3},
    {.bitmap_index = 526, .adv_w = 269, .box_w = 15, .box_h = 16, .ofs_x = 1, .ofs_y = 0},
    {.bitmap_index = 556, .adv_w = 242, .box_w = 13, .box_h = 16, .ofs_x = 2, .ofs_y = 0},
    {.bitmap_index = 582, .adv_w = 229, .box_w = 12, .box_h = 16, .ofs_x = 1, .ofs_y = 0},
    {.bitmap_index = 606, .adv_w = 249, .box_w = 13, .box_h = 16, .ofs_x = 2, .ofs_y = 0},
    {.bitmap_index = 632, .adv_w = 211, .box_w = 11, .box_h = 16, .ofs_x = 2, .ofs_y = 0},
    {.bitmap_index = 654, .adv_w = 201, .box_w = 11, .box_h = 16, .ofs_x = 2, .ofs_y = 0},
    {.bitmap_index = 676, .adv_w = 246, .box_w = 13, .box_h = 16, .ofs_x = 1, .ofs_y = 0},
    {.bitmap_index = 702, .adv_w = 251, .box_w = 13, .box_h = 16, .ofs_x = 2, .ofs_y = 0},
    {.bitmap_index = 728, .adv_w = 90, .box_w = 3, .box_h = 16, .ofs_x = 2, .ofs_y = 0},
    {.bitmap_index = 734, .adv_w = 166, .box_w = 9, .box_h = 16, .ofs_x = 1, .ofs_y = 0},
    {.bitmap_index = 752, .adv_w = 240, .box_w = 13, .box_h = 16, .ofs_x = 2, .ofs_y = 0},
    {.bitmap_index = 778, .adv_w = 202, .box_w = 11, .box_h = 16, .ofs_x = 2, .ofs_y = 0},
    {.bitmap_index = 800, .adv_w = 291, .box_w = 15, .box_h = 16, .ofs_x = 2, .ofs_y = 0},
    {.bitmap_index = 830, .adv_w = 256, .box_w = 13, .box_h = 16, .ofs_x = 2, .ofs_y = 0},
    {.bitmap_index = 856, .adv_w = 267, .box_w = 15, .box_h = 16, .ofs_x = 1, .ofs_y = 0},
    {.bitmap_index = 886, .adv_w = 227, .box_w = 12, .box_h = 16, .ofs_x = 2, .ofs_y = 0},
    {.bitmap_index = 910, .adv_w = 268, .box_w = 15, .box_h = 20, .ofs_x = 1, .ofs_y = -4},
    {.bitmap_index = 948, .adv_w = 234, .box_w = 12, .box_h = 16, .ofs_x = 2, .ofs_y = 0},
    {.bitmap_index = 972, .adv_w = 213, .box_w = 11, .box_h = 16, .ofs_x = 1, .ofs_y = 0},
    {.bitmap_index = 994, .adv_w = 218, .box_w = 12, .box_h = 16, .ofs_x = 1, .ofs_y = 0},
    {.bitmap_index = 1018, .adv_w = 259, .box_w = 14, .box_h = 16, .ofs_x = 1, .ofs_y = 0},
    {.bitmap_index = 1046, .adv_w = 269, .box_w = 15, .box_h = 16, .ofs_x = 1, .ofs_y = 0},
    {.bitmap_index = 1076, .adv_w = 334, .box_w = 19, .box_h = 16, .ofs_x = 1, .ofs_y = 0},
    {.bitmap_index = 1114, .adv_w = 260, .box_w = 14, .box_h = 16, .ofs_x = 1, .ofs_y = 0},
    {.bitmap_index = 1142, .adv_w = 252, .box_w = 15, .box_h = 16, .ofs_x = 1, .ofs_y = 0},
    {.bitmap_index = 1172, .adv_w = 221, .box_w = 12, .box_h = 16, .ofs_x = 1, .ofs_y = 0},
    {.bitmap_index = 1196, .adv_w = 135, .box_w = 7, .box_h = 20, .ofs_x = 1, .ofs_y = -2},
    {.bitmap_index = 1214, .adv_w = 173, .box_w = 9, .box_h = 18, .ofs_x = 1, .ofs_y = -1},
    {.bitmap_index = 1235, .adv_w = 135, .box_w = 7, .box_h = 20, .ofs_x = 1, .ofs_y = -2},
    {.bitmap_index = 1253, .adv_w = 183, .box_w = 9, .box_h = 6, .ofs_x = 1, .ofs_y = 10},
    {.bitmap_index = 1260, .adv_w = 208, .box_w = 11, .box_h = 2, .ofs_x = 1, .ofs_y = -2},
    {.bitmap_index = 1263, .adv_w = 100, .box_w = 4, .box_h = 4, .ofs_x = 1, .ofs_y = 13},
    {.bitmap_index = 1265, .adv_w = 210, .box_w = 11, .box_h = 12, .ofs_x = 1, .ofs_y = 0},
    {.bitmap_index = 1282, .adv_w = 223, .box_w = 12, .box_h = 17, .ofs_x = 2, .ofs_y = 0},
    {.bitmap_index = 1308, .adv_w = 182, .box_w = 10, .box_h = 12, .ofs_x = 1, .ofs_y = 0},
    {.bitmap_index = 1323, .adv_w = 223, .box_w = 12, .box_h = 17, .ofs_x = 1, .ofs_y = 0},
    {.bitmap_index = 1349, .adv_w = 206, .box_w = 11, .box_h = 12, .ofs_x = 1, .ofs_y = 0},
    {.bitmap_index = 1366, .adv_w = 138, .box_w = 8, .box_h = 17, .ofs_x = 1, .ofs_y = 0},
    {.bitmap_index = 1383, .adv_w = 213, .box_w = 12, .box_h = 16, .ofs_x = 1, .ofs_y = -4},
    {.bitmap_index = 1407, .adv_w = 222, .box_w = 11, .box_h = 17, .ofs_x = 2, .ofs_y = 0},
    {.bitmap_index = 1431, .adv_w = 109, .box_w = 5, .box_h = 17, .ofs_x = 0, .ofs_y = 0},
    {.bitmap_index = 1442, .adv_w = 118, .box_w = 6, .box_h = 22, .ofs_x = 0, .ofs_y = -5},
    {.bitmap_index = 1459, .adv_w = 206, .box_w = 11, .box_h = 17, .ofs_x = 2, .ofs_y = 0},
    {.bitmap_index = 1483, .adv_w = 108, .box_w = 5, .box_h = 17, .ofs_x = 2, .ofs_y = 0},
    {.bitmap_index = 1494, .adv_w = 329, .box_w = 17, .box_h = 12, .ofs_x = 2, .ofs_y = 0},
    {.bitmap_index = 1520, .adv_w = 222, .box_w = 11, .box_h = 12, .ofs_x = 2, .ofs_y = 0},
    {.bitmap_index = 1537, .adv_w = 223, .box_w = 12, .box_h = 12, .ofs_x = 1, .ofs_y = 0},
    {.bitmap_index = 1555, .adv_w = 223, .box_w = 12, .box_h = 17, .ofs_x = 2, .ofs_y = -5},
    {.bitmap_index = 1581, .adv_w = 223, .box_w = 14, .box_h = 18, .ofs_x = 1, .ofs_y = -6},
    {.bitmap_index = 1613, .adv_w = 138, .box_w = 7, .box_h = 12, .ofs_x = 2, .ofs_y = 0},
    {.bitmap_index = 1624, .adv_w = 178, .box_w = 9, .box_h = 12, .ofs_x = 1, .ofs_y = 0},
    {.bitmap_index = 1638, .adv_w = 138, .box_w = 8, .box_h = 16, .ofs_x = 0, .ofs_y = 0},
    {.bitmap_index = 1654, .adv_w = 222, .box_w = 11, .box_h = 12, .ofs_x = 1, .ofs_y = 0},
    {.bitmap_index = 1671, .adv_w = 222, .box_w = 12, .box_h = 12, .ofs_x = 1, .ofs_y = 0},
    {.bitmap_index = 1689, .adv_w = 286, .box_w = 16, .box_h = 12, .ofs_x = 1, .ofs_y = 0},
    {.bitmap_index = 1713, .adv_w = 207, .box_w = 11, .box_h = 12, .ofs_x = 1, .ofs_y = 0},
    {.bitmap_index = 1730, .adv_w = 230, .box_w = 13, .box_h = 16, .ofs_x = 1, .ofs_y = -4},
    {.bitmap_index = 1756, .adv_w = 187, .box_w = 9, .box_h = 12, .ofs_x = 1, .ofs_y = 0},
    {.bitmap_index = 1770, .adv_w = 117, .box_w = 7, .box_h = 20, .ofs_x = 0, .ofs_y = -3},
    {.bitmap_index = 1788, .adv_w = 75, .box_w = 3, .box_h = 21, .ofs_x = 1, .ofs_y = -3},
    {.bitmap_index = 1796, .adv_w = 117, .box_w = 6, .box_h = 20, .ofs_x = 1, .ofs_y = -3},
    {.bitmap_index = 1811, .adv_w = 216, .box_w = 11, .box_h = 4, .ofs_x = 1, .ofs_y = 5},
    {.bitmap_index = 1817, .adv_w = 88, .box_w = 1, .box_h = 1, .ofs_x = 0, .ofs_y = 0},
    {.bitmap_index = 1818, .adv_w = 78, .box_w = 3, .box_h = 16, .ofs_x = 1, .ofs_y = -4},
    {.bitmap_index = 1824, .adv_w = 189, .box_w = 10, .box_h = 16, .ofs_x = 1, .ofs_y = -2},
    {.bitmap_index = 1844, .adv_w = 191, .box_w = 10, .box_h = 16, .ofs_x = 1, .ofs_y = 0},
    {.bitmap_index = 1864, .adv_w = 220, .box_w = 11, .box_h = 11, .ofs_x = 1, .ofs_y = 2},
    {.bitmap_index = 1880, .adv_w = 252, .box_w = 14, .box_h = 16, .ofs_x = 1, .ofs_y = 0},
    {.bitmap_index = 1908, .adv_w = 75, .box_w = 3, .box_h = 21, .ofs_x = 1, .ofs_y = -3},
    {.bitmap_index = 1916, .adv_w = 213, .box_w = 11, .box_h = 19, .ofs_x = 1, .ofs_y = 0},
    {.bitmap_index = 1943, .adv_w = 140, .box_w = 7, .box_h = 2, .ofs_x = 1, .ofs_y = 14},
    {.bitmap_index = 1945, .adv_w = 288, .box_w = 16, .box_h = 17, .ofs_x = 1, .ofs_y = 0},
    {.bitmap_index = 1979, .adv_w = 132, .box_w = 6, .box_h = 6, .ofs_x = 1, .ofs_y = 9},
    {.bitmap_index = 1984, .adv_w = 238, .box_w = 13, .box_h = 10, .ofs_x = 1, .ofs_y = 2},
    {.bitmap_index = 2001, .adv_w = 201, .box_w = 11, .box_h = 6, .ofs_x = 1, .ofs_y = 3},
    {.bitmap_index = 2010, .adv_w = 180, .box_w = 9, .box_h = 2, .ofs_x = 1, .ofs_y = 6},
    {.bitmap_index = 2013, .adv_w = 288, .box_w = 16, .box_h = 17, .ofs_x = 1, .ofs_y = 0},
    {.bitmap_index = 2047, .adv_w = 140, .box_w = 7, .box_h = 2, .ofs_x = 1, .ofs_y = 14},
    {.bitmap_index = 2049, .adv_w = 120, .box_w = 6, .box_h = 6, .ofs_x = 1, .ofs_y = 12},
    {.bitmap_index = 2054, .adv_w = 182, .box_w = 9, .box_h = 12, .ofs_x = 1, .ofs_y = 0},
    {.bitmap_index = 2068, .adv_w = 116, .box_w = 5, .box_h = 6, .ofs_x = 1, .ofs_y = 9},
    {.bitmap_index = 2072, .adv_w = 117, .box_w = 5, .box_h = 6, .ofs_x = 1, .ofs_y = 9},
    {.bitmap_index = 2076, .adv_w = 100, .box_w = 4, .box_h = 4, .ofs_x = 1, .ofs_y = 13},
    {.bitmap_index = 2078, .adv_w = 224, .box_w = 11, .box_h = 15, .ofs_x = 2, .ofs_y = -3},
    {.bitmap_index = 2099, .adv_w = 243, .box_w = 13, .box_h = 20, .ofs_x = 1, .ofs_y = -2},
    {.bitmap_index = 2132, .adv_w = 69, .box_w = 2, .box_h = 2, .ofs_x = 1, .ofs_y = 6},
    {.bitmap_index = 2133, .adv_w = 113, .box_w = 6, .box_h = 6, .ofs_x = 0, .ofs_y = -6},
    {.bitmap_index = 2138, .adv_w = 78, .box_w = 4, .box_h = 7, .ofs_x = 0, .ofs_y = 9},
    {.bitmap_index = 2142, .adv_w = 139, .box_w = 7, .box_h = 6, .ofs_x = 1, .ofs_y = 9},
    {.bitmap_index = 2148, .adv_w = 238, .box_w = 13, .box_h = 10, .ofs_x = 1, .ofs_y = 2},
    {.bitmap_index = 2165, .adv_w = 247, .box_w = 14, .box_h = 17, .ofs_x = 1, .ofs_y = -1},
    {.bitmap_index = 2195, .adv_w = 250, .box_w = 13, .box_h = 16, .ofs_x = 1, .ofs_y = 0},
    {.bitmap_index = 2221, .adv_w = 253, .box_w = 13, .box_h = 17, .ofs_x = 1, .ofs_y = -1},
    {.bitmap_index = 2249, .adv_w = 190, .box_w = 10, .box_h = 17, .ofs_x = 1, .ofs_y = -5},
    {.bitmap_index = 2271, .adv_w = 269, .box_w = 15, .box_h = 21, .ofs_x = 1, .ofs_y = 0},
    {.bitmap_index = 2311, .adv_w = 269, .box_w = 15, .box_h = 21, .ofs_x = 1, .ofs_y = 0},
    {.bitmap_index = 2351, .adv_w = 269, .box_w = 15, .box_h = 21, .ofs_x = 1, .ofs_y = 0},
    {.bitmap_index = 2391, .adv_w = 269, .box_w = 16, .box_h = 20, .ofs_x = 1, .ofs_y = 0},
    {.bitmap_index = 2431, .adv_w = 269, .box_w = 15, .box_h = 20, .ofs_x = 1, .ofs_y = 0},
    {.bitmap_index = 2469, .adv_w = 269, .box_w = 15, .box_h = 21, .ofs_x = 1, .ofs_y = 0},
    {.bitmap_index = 2509, .adv_w = 324, .box_w = 19, .box_h = 16, .ofs_x = 1, .ofs_y = 0},
    {.bitmap_index = 2547, .adv_w = 229, .box_w = 12, .box_h = 22, .ofs_x = 1, .ofs_y = -6},
    {.bitmap_index = 2580, .adv_w = 211, .box_w = 11, .box_h = 21, .ofs_x = 2, .ofs_y = 0},
    {.bitmap_index = 2609, .adv_w = 211, .box_w = 11, .box_h = 21, .ofs_x = 2, .ofs_y = 0},
    {.bitmap_index = 2638, .adv_w = 211, .box_w = 11, .box_h = 21, .ofs_x = 2, .ofs_y = 0},
    {.bitmap_index = 2667, .adv_w = 211, .box_w = 11, .box_h = 20, .ofs_x = 2, .ofs_y = 0},
    {.bitmap_index = 2695, .adv_w = 90, .box_w = 5, .box_h = 21, .ofs_x = 0, .ofs_y = 0},
    {.bitmap_index = 2709, .adv_w = 91, .box_w = 5, .box_h = 21, .ofs_x = 2, .ofs_y = 0},
    {.bitmap_index = 2723, .adv_w = 90, .box_w = 9, .box_h = 21, .ofs_x = -1, .ofs_y = 0},
    {.bitmap_index = 2747, .adv_w = 90, .box_w = 7, .box_h = 20, .ofs_x = 0, .ofs_y = 0},
    {.bitmap_index = 2765, .adv_w = 265, .box_w = 15, .box_h = 16, .ofs_x = 1, .ofs_y = 0},
    {.bitmap_index = 2795, .adv_w = 256, .box_w = 13, .box_h = 20, .ofs_x = 2, .ofs_y = 0},
    {.bitmap_index = 2828, .adv_w = 268, .box_w = 15, .box_h = 22, .ofs_x = 1, .ofs_y = 0},
    {.bitmap_index = 2870, .adv_w = 268, .box_w = 15, .box_h = 22, .ofs_x = 1, .ofs_y = 0},
    {.bitmap_index = 2912, .adv_w = 268, .box_w = 15, .box_h = 22, .ofs_x = 1, .ofs_y = 0},
    {.bitmap_index = 2954, .adv_w = 268, .box_w = 15, .box_h = 20, .ofs_x = 1, .ofs_y = 0},
    {.bitmap_index = 2992, .adv_w = 268, .box_w = 15, .box_h = 20, .ofs_x = 1, .ofs_y = 0},
    {.bitmap_index = 3030, .adv_w = 159, .box_w = 8, .box_h = 8, .ofs_x = 1, .ofs_y = 2},
    {.bitmap_index = 3038, .adv_w = 268, .box_w = 15, .box_h = 18, .ofs_x = 1, .ofs_y = -1},
    {.bitmap_index = 3072, .adv_w = 259, .box_w = 14, .box_h = 22, .ofs_x = 1, .ofs_y = 0},
    {.bitmap_index = 3111, .adv_w = 259, .box_w = 14, .box_h = 22, .ofs_x = 1, .ofs_y = 0},
    {.bitmap_index = 3150, .adv_w = 259, .box_w = 14, .box_h = 22, .ofs_x = 1, .ofs_y = 0},
    {.bitmap_index = 3189, .adv_w = 259, .box_w = 14, .box_h = 20, .ofs_x = 1, .ofs_y = 0},
    {.bitmap_index = 3224, .adv_w = 252, .box_w = 15, .box_h = 21, .ofs_x = 1, .ofs_y = 0},
    {.bitmap_index = 3264, .adv_w = 227, .box_w = 12, .box_h = 16, .ofs_x = 2, .ofs_y = 0},
    {.bitmap_index = 3288, .adv_w = 242, .box_w = 13, .box_h = 17, .ofs_x = 1, .ofs_y = 0},
    {.bitmap_index = 3316, .adv_w = 210, .box_w = 11, .box_h = 17, .ofs_x = 1, .ofs_y = 0},
    {.bitmap_index = 3340, .adv_w = 211, .box_w = 11, .box_h = 17, .ofs_x = 1, .ofs_y = 0},
    {.bitmap_index = 3364, .adv_w = 210, .box_w = 11, .box_h = 17, .ofs_x = 1, .ofs_y = 0},
    {.bitmap_index = 3388, .adv_w = 210, .box_w = 11, .box_h = 16, .ofs_x = 1, .ofs_y = 0},
    {.bitmap_index = 3410, .adv_w = 210, .box_w = 11, .box_h = 16, .ofs_x = 1, .ofs_y = 0},
    {.bitmap_index = 3432, .adv_w = 210, .box_w = 11, .box_h = 19, .ofs_x = 1, .ofs_y = 0},
    {.bitmap_index = 3459, .adv_w = 338, .box_w = 19, .box_h = 12, .ofs_x = 1, .ofs_y = 0},
    {.bitmap_index = 3488, .adv_w = 189, .box_w = 10, .box_h = 18, .ofs_x = 1, .ofs_y = -6},
    {.bitmap_index = 3511, .adv_w = 206, .box_w = 11, .box_h = 17, .ofs_x = 1, .ofs_y = 0},
    {.bitmap_index = 3535, .adv_w = 206, .box_w = 11, .box_h = 17, .ofs_x = 1, .ofs_y = 0},
    {.bitmap_index = 3559, .adv_w = 206, .box_w = 11, .box_h = 17, .ofs_x = 1, .ofs_y = 0},
    {.bitmap_index = 3583, .adv_w = 206, .box_w = 11, .box_h = 16, .ofs_x = 1, .ofs_y = 0},
    {.bitmap_index = 3605, .adv_w = 118, .box_w = 5, .box_h = 17, .ofs_x = 1, .ofs_y = 0},
    {.bitmap_index = 3616, .adv_w = 118, .box_w = 6, .box_h = 17, .ofs_x = 1, .ofs_y = 0},
    {.bitmap_index = 3629, .adv_w = 118, .box_w = 8, .box_h = 17, .ofs_x = 0, .ofs_y = 0},
    {.bitmap_index = 3646, .adv_w = 126, .box_w = 7, .box_h = 16, .ofs_x = 1, .ofs_y = 0},
    {.bitmap_index = 3660, .adv_w = 220, .box_w = 12, .box_h = 16, .ofs_x = 1, .ofs_y = 0},
    {.bitmap_index = 3684, .adv_w = 222, .box_w = 11, .box_h = 16, .ofs_x = 2, .ofs_y = 0},
    {.bitmap_index = 3706, .adv_w = 223, .box_w = 12, .box_h = 17, .ofs_x = 1, .ofs_y = 0},
    {.bitmap_index = 3732, .adv_w = 223, .box_w = 12, .box_h = 17, .ofs_x = 1, .ofs_y = 0},
    {.bitmap_index = 3758, .adv_w = 223, .box_w = 12, .box_h = 17, .ofs_x = 1, .ofs_y = 0},
    {.bitmap_index = 3784, .adv_w = 223, .box_w = 12, .box_h = 16, .ofs_x = 1, .ofs_y = 0},
    {.bitmap_index = 3808, .adv_w = 223, .box_w = 12, .box_h = 16, .ofs_x = 1, .ofs_y = 0},
    {.bitmap_index = 3832, .adv_w = 180, .box_w = 9, .box_h = 10, .ofs_x = 1, .ofs_y = 2},
    {.bitmap_index = 3844, .adv_w = 223, .box_w = 12, .box_h = 15, .ofs_x = 1, .ofs_y = -1},
    {.bitmap_index = 3867, .adv_w = 222, .box_w = 11, .box_h = 17, .ofs_x = 1, .ofs_y = 0},
    {.bitmap_index = 3891, .adv_w = 222, .box_w = 11, .box_h = 17, .ofs_x = 1, .ofs_y = 0},
    {.bitmap_index = 3915, .adv_w = 222, .box_w = 11, .box_h = 17, .ofs_x = 1, .ofs_y = 0},
    {.bitmap_index = 3939, .adv_w = 222, .box_w = 11, .box_h = 16, .ofs_x = 1, .ofs_y = 0},
    {.bitmap_index = 3961, .adv_w = 230, .box_w = 13, .box_h = 21, .ofs_x = 1, .ofs_y = -4},
    {.bitmap_index = 3996, .adv_w = 223, .box_w = 12, .box_h = 22, .ofs_x = 2, .ofs_y = -5},
    {.bitmap_index = 4029, .adv_w = 230, .box_w = 13, .box_h = 20, .ofs_x = 1, .ofs_y = -4},
    {.bitmap_index = 4062, .adv_w = 269, .box_w = 15, .box_h = 19, .ofs_x = 1, .ofs_y = 0},
    {.bitmap_index = 4098, .adv_w = 210, .box_w = 11, .box_h = 16, .ofs_x = 1, .ofs_y = 0},
    {.bitmap_index = 4120, .adv_w = 269, .box_w = 15, .box_h = 21, .ofs_x = 1, .ofs_y = 0},
    {.bitmap_index = 4160, .adv_w = 210, .box_w = 11, .box_h = 17, .ofs_x = 1, .ofs_y = 0},
    {.bitmap_index = 4184, .adv_w = 269, .box_w = 15, .box_h = 22, .ofs_x = 2, .ofs_y = -6},
    {.bitmap_index = 4226, .adv_w = 214, .box_w = 11, .box_h = 17, .ofs_x = 1, .ofs_y = -5},
    {.bitmap_index = 4250, .adv_w = 229, .box_w = 12, .box_h = 22, .ofs_x = 1, .ofs_y = 0},
    {.bitmap_index = 4283, .adv_w = 189, .box_w = 10, .box_h = 17, .ofs_x = 1, .ofs_y = 0},
    {.bitmap_index = 4305, .adv_w = 229, .box_w = 12, .box_h = 22, .ofs_x = 1, .ofs_y = 0},
    {.bitmap_index = 4338, .adv_w = 189, .box_w = 10, .box_h = 17, .ofs_x = 1, .ofs_y = 0},
    {.bitmap_index = 4360, .adv_w = 229, .box_w = 12, .box_h = 20, .ofs_x = 1, .ofs_y = 0},
    {.bitmap_index = 4390, .adv_w = 189, .box_w = 10, .box_h = 16, .ofs_x = 1, .ofs_y = 0},
    {.bitmap_index = 4410, .adv_w = 229, .box_w = 12, .box_h = 22, .ofs_x = 1, .ofs_y = 0},
    {.bitmap_index = 4443, .adv_w = 190, .box_w = 10, .box_h = 17, .ofs_x = 1, .ofs_y = 0},
    {.bitmap_index = 4465, .adv_w = 249, .box_w = 13, .box_h = 22, .ofs_x = 2, .ofs_y = 0},
    {.bitmap_index = 4501, .adv_w = 267, .box_w = 16, .box_h = 17, .ofs_x = 1, .ofs_y = 0},
    {.bitmap_index = 4535, .adv_w = 261, .box_w = 15, .box_h = 16, .ofs_x = 1, .ofs_y = 0},
    {.bitmap_index = 4565, .adv_w = 223, .box_w = 13, .box_h = 17, .ofs_x = 1, .ofs_y = 0},
    {.bitmap_index = 4593, .adv_w = 211, .box_w = 11, .box_h = 20, .ofs_x = 2, .ofs_y = 0},
    {.bitmap_index = 4621, .adv_w = 206, .box_w = 11, .box_h = 16, .ofs_x = 1, .ofs_y = 0},
    {.bitmap_index = 4643, .adv_w = 211, .box_w = 11, .box_h = 21, .ofs_x = 2, .ofs_y = 0},
    {.bitmap_index = 4672, .adv_w = 206, .box_w = 11, .box_h = 17, .ofs_x = 1, .ofs_y = 0},
    {.bitmap_index = 4696, .adv_w = 211, .box_w = 11, .box_h = 20, .ofs_x = 2, .ofs_y = 0},
    {.bitmap_index = 4724, .adv_w = 206, .box_w = 11, .box_h = 16, .ofs_x = 1, .ofs_y = 0},
    {.bitmap_index = 4746, .adv_w = 211, .box_w = 11, .box_h = 22, .ofs_x = 2, .ofs_y = -6},
    {.bitmap_index = 4777, .adv_w = 206, .box_w = 11, .box_h = 17, .ofs_x = 1, .ofs_y = -5},
    {.bitmap_index = 4801, .adv_w = 211, .box_w = 11, .box_h = 21, .ofs_x = 2, .ofs_y = 0},
    {.bitmap_index = 4830, .adv_w = 206, .box_w = 11, .box_h = 17, .ofs_x = 1, .ofs_y = 0},
    {.bitmap_index = 4854, .adv_w = 246, .box_w = 13, .box_h = 22, .ofs_x = 1, .ofs_y = 0},
    {.bitmap_index = 4890, .adv_w = 213, .box_w = 12, .box_h = 21, .ofs_x = 1, .ofs_y = -4},
    {.bitmap_index = 4922, .adv_w = 246, .box_w = 13, .box_h = 21, .ofs_x = 1, .ofs_y = 0},
    {.bitmap_index = 4957, .adv_w = 213, .box_w = 12, .box_h = 21, .ofs_x = 1, .ofs_y = -4},
    {.bitmap_index = 4989, .adv_w = 246, .box_w = 13, .box_h = 20, .ofs_x = 1, .ofs_y = 0},
    {.bitmap_index = 5022, .adv_w = 213, .box_w = 12, .box_h = 20, .ofs_x = 1, .ofs_y = -4},
    {.bitmap_index = 5052, .adv_w = 246, .box_w = 13, .box_h = 21, .ofs_x = 1, .ofs_y = -5},
    {.bitmap_index = 5087, .adv_w = 213, .box_w = 12, .box_h = 22, .ofs_x = 1, .ofs_y = -4},
    {.bitmap_index = 5120, .adv_w = 251, .box_w = 13, .box_h = 21, .ofs_x = 2, .ofs_y = 0},
    {.bitmap_index = 5155, .adv_w = 222, .box_w = 11, .box_h = 22, .ofs_x = 2, .ofs_y = 0},
    {.bitmap_index = 5186, .adv_w = 251, .box_w = 15, .box_h = 16, .ofs_x = 1, .ofs_y = 0},
    {.bitmap_index = 5216, .adv_w = 225, .box_w = 12, .box_h = 17, .ofs_x = 1, .ofs_y = 0},
    {.bitmap_index = 5242, .adv_w = 90, .box_w = 8, .box_h = 20, .ofs_x = -1, .ofs_y = 0},
    {.bitmap_index = 5262, .adv_w = 118, .box_w = 8, .box_h = 16, .ofs_x = 0, .ofs_y = 0},
    {.bitmap_index = 5278, .adv_w = 90, .box_w = 7, .box_h = 20, .ofs_x = -1, .ofs_y = 0},
    {.bitmap_index = 5296, .adv_w = 118, .box_w = 7, .box_h = 16, .ofs_x = 1, .ofs_y = 0},
    {.bitmap_index = 5310, .adv_w = 90, .box_w = 7, .box_h = 21, .ofs_x = 0, .ofs_y = 0},
    {.bitmap_index = 5329, .adv_w = 118, .box_w = 7, .box_h = 17, .ofs_x = 1, .ofs_y = 0},
    {.bitmap_index = 5344, .adv_w = 90, .box_w = 5, .box_h = 22, .ofs_x = 1, .ofs_y = -6},
    {.bitmap_index = 5358, .adv_w = 109, .box_w = 5, .box_h = 23, .ofs_x = 1, .ofs_y = -6},
    {.bitmap_index = 5373, .adv_w = 90, .box_w = 2, .box_h = 20, .ofs_x = 2, .ofs_y = 0},
    {.bitmap_index = 5378, .adv_w = 109, .box_w = 5, .box_h = 12, .ofs_x = 1, .ofs_y = 0},
    {.bitmap_index = 5386, .adv_w = 250, .box_w = 13, .box_h = 16, .ofs_x = 2, .ofs_y = 0},
    {.bitmap_index = 5412, .adv_w = 200, .box_w = 11, .box_h = 23, .ofs_x = 0, .ofs_y = -6},
    {.bitmap_index = 5444, .adv_w = 166, .box_w = 12, .box_h = 22, .ofs_x = 1, .ofs_y = 0},
    {.bitmap_index = 5477, .adv_w = 118, .box_w = 9, .box_h = 22, .ofs_x = -1, .ofs_y = -5},
    {.bitmap_index = 5502, .adv_w = 240, .box_w = 13, .box_h = 21, .ofs_x = 2, .ofs_y = -5},
    {.bitmap_index = 5537, .adv_w = 211, .box_w = 11, .box_h = 22, .ofs_x = 2, .ofs_y = -5},
    {.bitmap_index = 5568, .adv_w = 211, .box_w = 11, .box_h = 12, .ofs_x = 2, .ofs_y = 0},
    {.bitmap_index = 5585, .adv_w = 202, .box_w = 11, .box_h = 21, .ofs_x = 2, .ofs_y = 0},
    {.bitmap_index = 5614, .adv_w = 108, .box_w = 5, .box_h = 23, .ofs_x = 2, .ofs_y = 0},
    {.bitmap_index = 5629, .adv_w = 202, .box_w = 11, .box_h = 21, .ofs_x = 2, .ofs_y = -5},
    {.bitmap_index = 5658, .adv_w = 108, .box_w = 5, .box_h = 22, .ofs_x = 2, .ofs_y = -5},
    {.bitmap_index = 5672, .adv_w = 202, .box_w = 11, .box_h = 16, .ofs_x = 2, .ofs_y = 0},
    {.bitmap_index = 5694, .adv_w = 134, .box_w = 7, .box_h = 17, .ofs_x = 2, .ofs_y = 0},
    {.bitmap_index = 5709, .adv_w = 202, .box_w = 11, .box_h = 16, .ofs_x = 2, .ofs_y = 0},
    {.bitmap_index = 5731, .adv_w = 125, .box_w = 6, .box_h = 17, .ofs_x = 2, .ofs_y = 0},
    {.bitmap_index = 5744, .adv_w = 202, .box_w = 13, .box_h = 16, .ofs_x = 0, .ofs_y = 0},
    {.bitmap_index = 5770, .adv_w = 108, .box_w = 8, .box_h = 17, .ofs_x = -1, .ofs_y = 0},
    {.bitmap_index = 5787, .adv_w = 256, .box_w = 13, .box_h = 21, .ofs_x = 2, .ofs_y = 0},
    {.bitmap_index = 5822, .adv_w = 222, .box_w = 11, .box_h = 17, .ofs_x = 2, .ofs_y = 0},
    {.bitmap_index = 5846, .adv_w = 256, .box_w = 13, .box_h = 21, .ofs_x = 2, .ofs_y = -5},
    {.bitmap_index = 5881, .adv_w = 222, .box_w = 11, .box_h = 17, .ofs_x = 2, .ofs_y = -5},
    {.bitmap_index = 5905, .adv_w = 256, .box_w = 13, .box_h = 21, .ofs_x = 2, .ofs_y = 0},
    {.bitmap_index = 5940, .adv_w = 222, .box_w = 11, .box_h = 17, .ofs_x = 2, .ofs_y = 0},
    {.bitmap_index = 5964, .adv_w = 243, .box_w = 14, .box_h = 16, .ofs_x = 0, .ofs_y = 0},
    {.bitmap_index = 5992, .adv_w = 256, .box_w = 13, .box_h = 22, .ofs_x = 2, .ofs_y = -6},
    {.bitmap_index = 6028, .adv_w = 222, .box_w = 11, .box_h = 18, .ofs_x = 2, .ofs_y = -6},
    {.bitmap_index = 6053, .adv_w = 268, .box_w = 15, .box_h = 20, .ofs_x = 1, .ofs_y = 0},
    {.bitmap_index = 6091, .adv_w = 223, .box_w = 12, .box_h = 16, .ofs_x = 1, .ofs_y = 0},
    {.bitmap_index = 6115, .adv_w = 268, .box_w = 15, .box_h = 21, .ofs_x = 1, .ofs_y = 0},
    {.bitmap_index = 6155, .adv_w = 223, .box_w = 12, .box_h = 17, .ofs_x = 1, .ofs_y = 0},
    {.bitmap_index = 6181, .adv_w = 268, .box_w = 15, .box_h = 21, .ofs_x = 1, .ofs_y = 0},
    {.bitmap_index = 6221, .adv_w = 223, .box_w = 12, .box_h = 17, .ofs_x = 1, .ofs_y = 0},
    {.bitmap_index = 6247, .adv_w = 398, .box_w = 23, .box_h = 16, .ofs_x = 1, .ofs_y = 0},
    {.bitmap_index = 6293, .adv_w = 356, .box_w = 21, .box_h = 12, .ofs_x = 1, .ofs_y = 0},
    {.bitmap_index = 6325, .adv_w = 234, .box_w = 12, .box_h = 21, .ofs_x = 2, .ofs_y = 0},
    {.bitmap_index = 6357, .adv_w = 141, .box_w = 7, .box_h = 17, .ofs_x = 2, .ofs_y = 0},
    {.bitmap_index = 6372, .adv_w = 234, .box_w = 12, .box_h = 21, .ofs_x = 2, .ofs_y = -5},
    {.bitmap_index = 6404, .adv_w = 141, .box_w = 8, .box_h = 17, .ofs_x = 1, .ofs_y = -5},
    {.bitmap_index = 6421, .adv_w = 234, .box_w = 12, .box_h = 21, .ofs_x = 2, .ofs_y = 0},
    {.bitmap_index = 6453, .adv_w = 141, .box_w = 8, .box_h = 17, .ofs_x = 1, .ofs_y = 0},
    {.bitmap_index = 6470, .adv_w = 213, .box_w = 11, .box_h = 22, .ofs_x = 1, .ofs_y = 0},
    {.bitmap_index = 6501, .adv_w = 178, .box_w = 9, .box_h = 17, .ofs_x = 1, .ofs_y = 0},
    {.bitmap_index = 6521, .adv_w = 213, .box_w = 11, .box_h = 22, .ofs_x = 1, .ofs_y = 0},
    {.bitmap_index = 6552, .adv_w = 178, .box_w = 9, .box_h = 17, .ofs_x = 1, .ofs_y = 0},
    {.bitmap_index = 6572, .adv_w = 213, .box_w = 11, .box_h = 22, .ofs_x = 1, .ofs_y = -6},
    {.bitmap_index = 6603, .adv_w = 178, .box_w = 9, .box_h = 18, .ofs_x = 1, .ofs_y = -6},
    {.bitmap_index = 6624, .adv_w = 213, .box_w = 11, .box_h = 22, .ofs_x = 1, .ofs_y = 0},
    {.bitmap_index = 6655, .adv_w = 178, .box_w = 9, .box_h = 17, .ofs_x = 1, .ofs_y = 0},
    {.bitmap_index = 6675, .adv_w = 218, .box_w = 12, .box_h = 22, .ofs_x = 1, .ofs_y = -6},
    {.bitmap_index = 6708, .adv_w = 144, .box_w = 9, .box_h = 22, .ofs_x = 0, .ofs_y = -6},
    {.bitmap_index = 6733, .adv_w = 218, .box_w = 12, .box_h = 21, .ofs_x = 1, .ofs_y = 0},
    {.bitmap_index = 6765, .adv_w = 143, .box_w = 10, .box_h = 18, .ofs_x = 0, .ofs_y = 0},
    {.bitmap_index = 6788, .adv_w = 218, .box_w = 12, .box_h = 16, .ofs_x = 1, .ofs_y = 0},
    {.bitmap_index = 6812, .adv_w = 142, .box_w = 7, .box_h = 16, .ofs_x = 1, .ofs_y = 0},
    {.bitmap_index = 6826, .adv_w = 259, .box_w = 14, .box_h = 21, .ofs_x = 1, .ofs_y = 0},
    {.bitmap_index = 6863, .adv_w = 222, .box_w = 11, .box_h = 16, .ofs_x = 1, .ofs_y = 0},
    {.bitmap_index = 6885, .adv_w = 259, .box_w = 14, .box_h = 20, .ofs_x = 1, .ofs_y = 0},
    {.bitmap_index = 6920, .adv_w = 222, .box_w = 11, .box_h = 16, .ofs_x = 1, .ofs_y = 0},
    {.bitmap_index = 6942, .adv_w = 259, .box_w = 14, .box_h = 21, .ofs_x = 1, .ofs_y = 0},
    {.bitmap_index = 6979, .adv_w = 222, .box_w = 11, .box_h = 17, .ofs_x = 1, .ofs_y = 0},
    {.bitmap_index = 7003, .adv_w = 259, .box_w = 14, .box_h = 23, .ofs_x = 1, .ofs_y = 0},
    {.bitmap_index = 7044, .adv_w = 222, .box_w = 11, .box_h = 19, .ofs_x = 1, .ofs_y = 0},
    {.bitmap_index = 7071, .adv_w = 259, .box_w = 14, .box_h = 21, .ofs_x = 1, .ofs_y = 0},
    {.bitmap_index = 7108, .adv_w = 222, .box_w = 11, .box_h = 17, .ofs_x = 1, .ofs_y = 0},
    {.bitmap_index = 7132, .adv_w = 259, .box_w = 14, .box_h = 21, .ofs_x = 1, .ofs_y = -5},
    {.bitmap_index = 7169, .adv_w = 222, .box_w = 11, .box_h = 17, .ofs_x = 1, .ofs_y = -5},
    {.bitmap_index = 7193, .adv_w = 334, .box_w = 19, .box_h = 21, .ofs_x = 1, .ofs_y = 0},
    {.bitmap_index = 7243, .adv_w = 286, .box_w = 16, .box_h = 17, .ofs_x = 1, .ofs_y = 0},
    {.bitmap_index = 7277, .adv_w = 252, .box_w = 15, .box_h = 21, .ofs_x = 1, .ofs_y = 0},
    {.bitmap_index = 7317, .adv_w = 230, .box_w = 13, .box_h = 21, .ofs_x = 1, .ofs_y = -4},
    {.bitmap_index = 7352, .adv_w = 252, .box_w = 15, .box_h = 20, .ofs_x = 1, .ofs_y = 0},
    {.bitmap_index = 7390, .adv_w = 221, .box_w = 12, .box_h = 21, .ofs_x = 1, .ofs_y = 0},
    {.bitmap_index = 7422, .adv_w = 187, .box_w = 9, .box_h = 17, .ofs_x = 1, .ofs_y = 0},
    {.bitmap_index = 7442, .adv_w = 221, .box_w = 12, .box_h = 20, .ofs_x = 1, .ofs_y = 0},
    {.bitmap_index = 7472, .adv_w = 187, .box_w = 9, .box_h = 16, .ofs_x = 1, .ofs_y = 0},
    {.bitmap_index = 7490, .adv_w = 221, .box_w = 12, .box_h = 21, .ofs_x = 1, .ofs_y = 0},
    {.bitmap_index = 7522, .adv_w = 187, .box_w = 9, .box_h = 17, .ofs_x = 1, .ofs_y = 0},
    {.bitmap_index = 7542, .adv_w = 259, .box_w = 14, .box_h = 16, .ofs_x = 1, .ofs_y = 0},
    {.bitmap_index = 7570, .adv_w = 199, .box_w = 13, .box_h = 20, .ofs_x = -1, .ofs_y = -3},
    {.bitmap_index = 7603, .adv_w = 296, .box_w = 17, .box_h = 17, .ofs_x = 1, .ofs_y = 0},
    {.bitmap_index = 7640, .adv_w = 260, .box_w = 15, .box_h = 14, .ofs_x = 1, .ofs_y = 0},
    {.bitmap_index = 7667, .adv_w = 300, .box_w = 18, .box_h = 17, .ofs_x = 1, .ofs_y = 0},
    {.bitmap_index = 7706, .adv_w = 270, .box_w = 15, .box_h = 14, .ofs_x = 1, .ofs_y = 0},
    {.bitmap_index = 7733, .adv_w = 269, .box_w = 15, .box_h = 21, .ofs_x = 1, .ofs_y = 0},
    {.bitmap_index = 7773, .adv_w = 210, .box_w = 11, .box_h = 17, .ofs_x = 1, .ofs_y = 0},
    {.bitmap_index = 7797, .adv_w = 90, .box_w = 9, .box_h = 21, .ofs_x = -1, .ofs_y = 0},
    {.bitmap_index = 7821, .adv_w = 118, .box_w = 8, .box_h = 17, .ofs_x = 0, .ofs_y = 0},
    {.bitmap_index = 7838, .adv_w = 268, .box_w = 15, .box_h = 22, .ofs_x = 1, .ofs_y = 0},
    {.bitmap_index = 7880, .adv_w = 223, .box_w = 12, .box_h = 17, .ofs_x = 1, .ofs_y = 0},
    {.bitmap_index = 7906, .adv_w = 259, .box_w = 14, .box_h = 22, .ofs_x = 1, .ofs_y = 0},
    {.bitmap_index = 7945, .adv_w = 222, .box_w = 11, .box_h = 17, .ofs_x = 1, .ofs_y = 0},
    {.bitmap_index = 7969, .adv_w = 259, .box_w = 14, .box_h = 23, .ofs_x = 1, .ofs_y = 0},
    {.bitmap_index = 8010, .adv_w = 222, .box_w = 11, .box_h = 19, .ofs_x = 1, .ofs_y = 0},
    {.bitmap_index = 8037, .adv_w = 259, .box_w = 14, .box_h = 23, .ofs_x = 1, .ofs_y = 0},
    {.bitmap_index = 8078, .adv_w = 222, .box_w = 11, .box_h = 19, .ofs_x = 1, .ofs_y = 0},
    {.bitmap_index = 8105, .adv_w = 259, .box_w = 14, .box_h = 23, .ofs_x = 1, .ofs_y = 0},
    {.bitmap_index = 8146, .adv_w = 222, .box_w = 11, .box_h = 19, .ofs_x = 1, .ofs_y = 0},
    {.bitmap_index = 8173, .adv_w = 259, .box_w = 14, .box_h = 23, .ofs_x = 1, .ofs_y = 0},
    {.bitmap_index = 8214, .adv_w = 222, .box_w = 11, .box_h = 19, .ofs_x = 1, .ofs_y = 0},
    {.bitmap_index = 8241, .adv_w = 246, .box_w = 13, .box_h = 22, .ofs_x = 1, .ofs_y = 0},
    {.bitmap_index = 8277, .adv_w = 213, .box_w = 12, .box_h = 21, .ofs_x = 1, .ofs_y = -4},
    {.bitmap_index = 8309, .adv_w = 269, .box_w = 15, .box_h = 25, .ofs_x = 1, .ofs_y = 0},
    {.bitmap_index = 8356, .adv_w = 210, .box_w = 11, .box_h = 23, .ofs_x = 1, .ofs_y = 0},
    {.bitmap_index = 8388, .adv_w = 324, .box_w = 19, .box_h = 21, .ofs_x = 1, .ofs_y = 0},
    {.bitmap_index = 8438, .adv_w = 338, .box_w = 19, .box_h = 17, .ofs_x = 1, .ofs_y = 0},
    {.bitmap_index = 8479, .adv_w = 268, .box_w = 15, .box_h = 23, .ofs_x = 1, .ofs_y = -1},
    {.bitmap_index = 8523, .adv_w = 223, .box_w = 12, .box_h = 18, .ofs_x = 1, .ofs_y = -1},
    {.bitmap_index = 8550, .adv_w = 213, .box_w = 11, .box_h = 21, .ofs_x = 1, .ofs_y = -5},
    {.bitmap_index = 8579, .adv_w = 178, .box_w = 9, .box_h = 17, .ofs_x = 1, .ofs_y = -5},
    {.bitmap_index = 8599, .adv_w = 218, .box_w = 12, .box_h = 21, .ofs_x = 1, .ofs_y = -5},
    {.bitmap_index = 8631, .adv_w = 139, .box_w = 8, .box_h = 21, .ofs_x = 0, .ofs_y = -5},
    {.bitmap_index = 8652, .adv_w = 118, .box_w = 7, .box_h = 17, .ofs_x = -1, .ofs_y = -5},
    {.bitmap_index = 8667, .adv_w = 224, .box_w = 12, .box_h = 12, .ofs_x = 1, .ofs_y = 0},
    {.bitmap_index = 8685, .adv_w = 206, .box_w = 11, .box_h = 12, .ofs_x = 1, .ofs_y = 0},
    {.bitmap_index = 8702, .adv_w = 90, .box_w = 4, .box_h = 5, .ofs_x = 1, .ofs_y = 11},
    {.bitmap_index = 8705, .adv_w = 90, .box_w = 4, .box_h = 5, .ofs_x = 1, .ofs_y = 11},
    {.bitmap_index = 8708, .adv_w = 0, .box_w = 4, .box_h = 7, .ofs_x = -9, .ofs_y = 12},
    {.bitmap_index = 8712, .adv_w = 0, .box_w = 4, .box_h = 7, .ofs_x = -9, .ofs_y = 12},
    {.bitmap_index = 8716, .adv_w = 132, .box_w = 8, .box_h = 4, .ofs_x = 0, .ofs_y = 13},
    {.bitmap_index = 8720, .adv_w = 132, .box_w = 8, .box_h = 4, .ofs_x = 0, .ofs_y = 13},
    {.bitmap_index = 8724, .adv_w = 0, .box_w = 2, .box_h = 4, .ofs_x = -1, .ofs_y = 12},
    {.bitmap_index = 8725, .adv_w = 0, .box_w = 7, .box_h = 2, .ofs_x = 2, .ofs_y = 14},
    {.bitmap_index = 8727, .adv_w = 0, .box_w = 4, .box_h = 4, .ofs_x = -2, .ofs_y = 13},
    {.bitmap_index = 8729, .adv_w = 0, .box_w = 5, .box_h = 4, .ofs_x = -3, .ofs_y = 13},
    {.bitmap_index = 8732, .adv_w = 0, .box_w = 2, .box_h = 4, .ofs_x = -1, .ofs_y = -5},
    {.bitmap_index = 8733, .adv_w = 119, .box_w = 7, .box_h = 4, .ofs_x = 1, .ofs_y = 13},
    {.bitmap_index = 8737, .adv_w = 56, .box_w = 2, .box_h = 2, .ofs_x = 1, .ofs_y = 14},
    {.bitmap_index = 8738, .adv_w = 113, .box_w = 5, .box_h = 6, .ofs_x = 1, .ofs_y = 13},
    {.bitmap_index = 8742, .adv_w = 91, .box_w = 5, .box_h = 6, .ofs_x = 1, .ofs_y = -5},
    {.bitmap_index = 8746, .adv_w = 142, .box_w = 8, .box_h = 3, .ofs_x = 1, .ofs_y = 14},
    {.bitmap_index = 8749, .adv_w = 156, .box_w = 10, .box_h = 4, .ofs_x = 0, .ofs_y = 13},
    {.bitmap_index = 8754, .adv_w = 0, .box_w = 4, .box_h = 4, .ofs_x = -11, .ofs_y = 13},
    {.bitmap_index = 8756, .adv_w = 0, .box_w = 4, .box_h = 4, .ofs_x = -10, .ofs_y = 13},
    {.bitmap_index = 8758, .adv_w = 0, .box_w = 8, .box_h = 4, .ofs_x = -5, .ofs_y = 13},
    {.bitmap_index = 8762, .adv_w = 0, .box_w = 8, .box_h = 3, .ofs_x = -12, .ofs_y = 14},
    {.bitmap_index = 8765, .adv_w = 0, .box_w = 7, .box_h = 2, .ofs_x = -4, .ofs_y = 14},
    {.bitmap_index = 8767, .adv_w = 0, .box_w = 7, .box_h = 4, .ofs_x = -4, .ofs_y = 13},
    {.bitmap_index = 8771, .adv_w = 0, .box_w = 2, .box_h = 2, .ofs_x = -1, .ofs_y = 14},
    {.bitmap_index = 8772, .adv_w = 0, .box_w = 7, .box_h = 2, .ofs_x = -3, .ofs_y = 14},
    {.bitmap_index = 8774, .adv_w = 0, .box_w = 5, .box_h = 6, .ofs_x = -10, .ofs_y = 13},
    {.bitmap_index = 8778, .adv_w = 0, .box_w = 5, .box_h = 6, .ofs_x = -3, .ofs_y = 13},
    {.bitmap_index = 8782, .adv_w = 0, .box_w = 9, .box_h = 4, .ofs_x = -5, .ofs_y = 13},
    {.bitmap_index = 8787, .adv_w = 0, .box_w = 8, .box_h = 4, .ofs_x = -5, .ofs_y = 13},
    {.bitmap_index = 8791, .adv_w = 0, .box_w = 5, .box_h = 5, .ofs_x = -3, .ofs_y = 13},
    {.bitmap_index = 8795, .adv_w = 0, .box_w = 2, .box_h = 2, .ofs_x = -9, .ofs_y = -4},
    {.bitmap_index = 8796, .adv_w = 0, .box_w = 7, .box_h = 2, .ofs_x = -4, .ofs_y = -4},
    {.bitmap_index = 8798, .adv_w = 0, .box_w = 3, .box_h = 4, .ofs_x = 1, .ofs_y = -6},
    {.bitmap_index = 8800, .adv_w = 0, .box_w = 6, .box_h = 6, .ofs_x = -3, .ofs_y = -6},
    {.bitmap_index = 8805, .adv_w = 0, .box_w = 5, .box_h = 6, .ofs_x = -2, .ofs_y = -5},
    {.bitmap_index = 8809, .adv_w = 0, .box_w = 7, .box_h = 4, .ofs_x = -4, .ofs_y = -5},
    {.bitmap_index = 8813, .adv_w = 0, .box_w = 7, .box_h = 2, .ofs_x = -4, .ofs_y = -4},
    {.bitmap_index = 8815, .adv_w = 249, .box_w = 13, .box_h = 17, .ofs_x = 1, .ofs_y = 0},
    {.bitmap_index = 8843, .adv_w = 293, .box_w = 16, .box_h = 18, .ofs_x = 1, .ofs_y = 0},
    {.bitmap_index = 8879, .adv_w = 224, .box_w = 11, .box_h = 16, .ofs_x = 2, .ofs_y = -4},
    {.bitmap_index = 8901, .adv_w = 258, .box_w = 15, .box_h = 12, .ofs_x = 1, .ofs_y = 0},
    {.bitmap_index = 8924, .adv_w = 235, .box_w = 12, .box_h = 13, .ofs_x = 1, .ofs_y = 0},
    {.bitmap_index = 8944, .adv_w = 223, .box_w = 11, .box_h = 13, .ofs_x = 1, .ofs_y = 0},
    {.bitmap_index = 8962, .adv_w = 222, .box_w = 12, .box_h = 13, .ofs_x = 1, .ofs_y = 0},
    {.bitmap_index = 8982, .adv_w = 236, .box_w = 12, .box_h = 13, .ofs_x = 2, .ofs_y = 0},
    {.bitmap_index = 9002, .adv_w = 236, .box_w = 12, .box_h = 13, .ofs_x = 2, .ofs_y = 0},
    {.bitmap_index = 9022, .adv_w = 231, .box_w = 12, .box_h = 13, .ofs_x = 1, .ofs_y = 0},
    {.bitmap_index = 9042, .adv_w = 217, .box_w = 12, .box_h = 13, .ofs_x = 1, .ofs_y = 0},
    {.bitmap_index = 9062, .adv_w = 218, .box_w = 12, .box_h = 13, .ofs_x = 1, .ofs_y = 0},
    {.bitmap_index = 9082, .adv_w = 224, .box_w = 11, .box_h = 13, .ofs_x = 1, .ofs_y = 0},
    {.bitmap_index = 9100, .adv_w = 223, .box_w = 11, .box_h = 13, .ofs_x = 1, .ofs_y = 0},
    {.bitmap_index = 9118, .adv_w = 223, .box_w = 12, .box_h = 13, .ofs_x = 1, .ofs_y = 0},
    {.bitmap_index = 9138, .adv_w = 367, .box_w = 21, .box_h = 13, .ofs_x = 1, .ofs_y = 0},
    {.bitmap_index = 9173, .adv_w = 372, .box_w = 21, .box_h = 14, .ofs_x = 1, .ofs_y = -1},
    {.bitmap_index = 9210, .adv_w = 248, .box_w = 13, .box_h = 18, .ofs_x = 1, .ofs_y = -5},
    {.bitmap_index = 9240, .adv_w = 248, .box_w = 13, .box_h = 18, .ofs_x = 1, .ofs_y = -5},
    {.bitmap_index = 9270, .adv_w = 232, .box_w = 12, .box_h = 17, .ofs_x = 1, .ofs_y = -4},
    {.bitmap_index = 9296, .adv_w = 231, .box_w = 12, .box_h = 13, .ofs_x = 1, .ofs_y = 0},
    {.bitmap_index = 9316, .adv_w = 380, .box_w = 21, .box_h = 13, .ofs_x = 1, .ofs_y = 0},
    {.bitmap_index = 9351, .adv_w = 369, .box_w = 21, .box_h = 13, .ofs_x = 1, .ofs_y = 0},
    {.bitmap_index = 9386, .adv_w = 247, .box_w = 13, .box_h = 13, .ofs_x = 1, .ofs_y = 0},
    {.bitmap_index = 9408, .adv_w = 248, .box_w = 13, .box_h = 13, .ofs_x = 1, .ofs_y = 0},
    {.bitmap_index = 9430, .adv_w = 235, .box_w = 12, .box_h = 13, .ofs_x = 1, .ofs_y = 0},
    {.bitmap_index = 9450, .adv_w = 232, .box_w = 12, .box_h = 13, .ofs_x = 2, .ofs_y = 0},
    {.bitmap_index = 9470, .adv_w = 202, .box_w = 11, .box_h = 13, .ofs_x = 1, .ofs_y = 0},
    {.bitmap_index = 9488, .adv_w = 232, .box_w = 12, .box_h = 13, .ofs_x = 2, .ofs_y = 0},
    {.bitmap_index = 9508, .adv_w = 238, .box_w = 12, .box_h = 13, .ofs_x = 2, .ofs_y = 0},
    {.bitmap_index = 9528, .adv_w = 238, .box_w = 12, .box_h = 17, .ofs_x = 2, .ofs_y = 0},
    {.bitmap_index = 9554, .adv_w = 247, .box_w = 13, .box_h = 13, .ofs_x = 2, .ofs_y = 0},
    {.bitmap_index = 9576, .adv_w = 247, .box_w = 13, .box_h = 17, .ofs_x = 2, .ofs_y = 0},
    {.bitmap_index = 9604, .adv_w = 279, .box_w = 16, .box_h = 13, .ofs_x = 1, .ofs_y = 0},
    {.bitmap_index = 9630, .adv_w = 279, .box_w = 17, .box_h = 17, .ofs_x = 1, .ofs_y = 0},
    {.bitmap_index = 9667, .adv_w = 248, .box_w = 13, .box_h = 13, .ofs_x = 1, .ofs_y = 0},
    {.bitmap_index = 9689, .adv_w = 232, .box_w = 12, .box_h = 13, .ofs_x = 2, .ofs_y = 0},
    {.bitmap_index = 9709, .adv_w = 229, .box_w = 12, .box_h = 13, .ofs_x = 1, .ofs_y = 0},
    {.bitmap_index = 9729, .adv_w = 194, .box_w = 10, .box_h = 13, .ofs_x = 1, .ofs_y = 0},
    {.bitmap_index = 9746, .adv_w = 235, .box_w = 12, .box_h = 17, .ofs_x = 1, .ofs_y = -4},
    {.bitmap_index = 9772, .adv_w = 228, .box_w = 12, .box_h = 13, .ofs_x = 1, .ofs_y = 0},
    {.bitmap_index = 9792, .adv_w = 248, .box_w = 13, .box_h = 17, .ofs_x = 1, .ofs_y = -4},
    {.bitmap_index = 9820, .adv_w = 191, .box_w = 11, .box_h = 13, .ofs_x = 0, .ofs_y = 0},
    {.bitmap_index = 9838, .adv_w = 244, .box_w = 13, .box_h = 13, .ofs_x = 2, .ofs_y = 0},
    {.bitmap_index = 9860, .adv_w = 244, .box_w = 13, .box_h = 13, .ofs_x = 2, .ofs_y = 0},
    {.bitmap_index = 9882, .adv_w = 234, .box_w = 13, .box_h = 13, .ofs_x = 1, .ofs_y = 0},
    {.bitmap_index = 9904, .adv_w = 232, .box_w = 12, .box_h = 13, .ofs_x = 2, .ofs_y = 0},
    {.bitmap_index = 9924, .adv_w = 279, .box_w = 17, .box_h = 17, .ofs_x = 1, .ofs_y = 0},
    {.bitmap_index = 9961, .adv_w = 221, .box_w = 12, .box_h = 13, .ofs_x = 1, .ofs_y = 0},
    {.bitmap_index = 9981, .adv_w = 232, .box_w = 12, .box_h = 13, .ofs_x = 1, .ofs_y = 0},
    {.bitmap_index = 10001, .adv_w = 214, .box_w = 11, .box_h = 13, .ofs_x = 1, .ofs_y = 0},
    {.bitmap_index = 10019, .adv_w = 124, .box_w = 6, .box_h = 9, .ofs_x = 1, .ofs_y = 1},
    {.bitmap_index = 10026, .adv_w = 0, .box_w = 9, .box_h = 4, .ofs_x = -7, .ofs_y = 15},
    {.bitmap_index = 10031, .adv_w = 169, .box_w = 9, .box_h = 13, .ofs_x = 1, .ofs_y = 0},
    {.bitmap_index = 10046, .adv_w = 169, .box_w = 15, .box_h = 19, .ofs_x = -5, .ofs_y = 0},
    {.bitmap_index = 10082, .adv_w = 0, .box_w = 10, .box_h = 2, .ofs_x = -11, .ofs_y = 15},
    {.bitmap_index = 10085, .adv_w = 0, .box_w = 10, .box_h = 4, .ofs_x = -11, .ofs_y = 15},
    {.bitmap_index = 10090, .adv_w = 0, .box_w = 10, .box_h = 4, .ofs_x = -11, .ofs_y = 15},
    {.bitmap_index = 10095, .adv_w = 0, .box_w = 10, .box_h = 4, .ofs_x = -12, .ofs_y = 15},
    {.bitmap_index = 10100, .adv_w = 0, .box_w = 4, .box_h = 5, .ofs_x = -6, .ofs_y = -6},
    {.bitmap_index = 10103, .adv_w = 0, .box_w = 7, .box_h = 5, .ofs_x = -8, .ofs_y = -6},
    {.bitmap_index = 10108, .adv_w = 0, .box_w = 3, .box_h = 3, .ofs_x = -4, .ofs_y = -4},
    {.bitmap_index = 10110, .adv_w = 242, .box_w = 13, .box_h = 19, .ofs_x = 2, .ofs_y = -2},
    {.bitmap_index = 10141, .adv_w = 118, .box_w = 5, .box_h = 13, .ofs_x = 2, .ofs_y = 0},
    {.bitmap_index = 10150, .adv_w = 208, .box_w = 11, .box_h = 13, .ofs_x = 2, .ofs_y = 0},
    {.bitmap_index = 10168, .adv_w = 121, .box_w = 7, .box_h = 19, .ofs_x = 0, .ofs_y = 0},
    {.bitmap_index = 10185, .adv_w = 113, .box_w = 8, .box_h = 19, .ofs_x = -1, .ofs_y = 0},
    {.bitmap_index = 10204, .adv_w = 116, .box_w = 7, .box_h = 19, .ofs_x = 0, .ofs_y = 0},
    {.bitmap_index = 10221, .adv_w = 169, .box_w = 9, .box_h = 17, .ofs_x = 1, .ofs_y = -4},
    {.bitmap_index = 10241, .adv_w = 228, .box_w = 12, .box_h = 13, .ofs_x = 1, .ofs_y = 0},
    {.bitmap_index = 10261, .adv_w = 0, .box_w = 9, .box_h = 6, .ofs_x = -11, .ofs_y = 15},
    {.bitmap_index = 10268, .adv_w = 0, .box_w = 3, .box_h = 4, .ofs_x = -4, .ofs_y = 15},
    {.bitmap_index = 10270, .adv_w = 0, .box_w = 9, .box_h = 4, .ofs_x = -9, .ofs_y = 15},
    {.bitmap_index = 10275, .adv_w = 0, .box_w = 10, .box_h = 5, .ofs_x = -11, .ofs_y = 14},
    {.bitmap_index = 10282, .adv_w = 0, .box_w = 6, .box_h = 4, .ofs_x = -7, .ofs_y = 15},
    {.bitmap_index = 10285, .adv_w = 0, .box_w = 7, .box_h = 4, .ofs_x = -7, .ofs_y = 14},
    {.bitmap_index = 10289, .adv_w = 0, .box_w = 6, .box_h = 5, .ofs_x = -5, .ofs_y = 14},
    {.bitmap_index = 10293, .adv_w = 0, .box_w = 5, .box_h = 6, .ofs_x = -7, .ofs_y = 15},
    {.bitmap_index = 10297, .adv_w = 232, .box_w = 12, .box_h = 12, .ofs_x = 1, .ofs_y = 0},
    {.bitmap_index = 10315, .adv_w = 235, .box_w = 13, .box_h = 12, .ofs_x = 1, .ofs_y = 0},
    {.bitmap_index = 10335, .adv_w = 245, .box_w = 13, .box_h = 14, .ofs_x = 1, .ofs_y = -3},
    {.bitmap_index = 10358, .adv_w = 270, .box_w = 14, .box_h = 13, .ofs_x = 2, .ofs_y = 0},
    {.bitmap_index = 10381, .adv_w = 246, .box_w = 13, .box_h = 12, .ofs_x = 1, .ofs_y = 0},
    {.bitmap_index = 10401, .adv_w = 242, .box_w = 14, .box_h = 13, .ofs_x = 1, .ofs_y = 0},
    {.bitmap_index = 10424, .adv_w = 240, .box_w = 14, .box_h = 13, .ofs_x = 1, .ofs_y = 0},
    {.bitmap_index = 10447, .adv_w = 248, .box_w = 14, .box_h = 13, .ofs_x = 1, .ofs_y = 0},
    {.bitmap_index = 10470, .adv_w = 327, .box_w = 18, .box_h = 13, .ofs_x = 1, .ofs_y = 0},
    {.bitmap_index = 10500, .adv_w = 241, .box_w = 13, .box_h = 13, .ofs_x = 1, .ofs_y = 0},
    {.bitmap_index = 10522, .adv_w = 286, .box_w = 16, .box_h = 13, .ofs_x = 1, .ofs_y = 0},
    {.bitmap_index = 10548, .adv_w = 338, .box_w = 19, .box_h = 13, .ofs_x = 1, .ofs_y = 0},
    {.bitmap_index = 10579, .adv_w = 451, .box_w = 26, .box_h = 13, .ofs_x = 1, .ofs_y = 0}
};

/*---------------------
 *  CHARACTER MAPPING
 *--------------------*/

static const uint16_t unicode_list_0[] = {
    0x0, 0xd
};

static const uint16_t unicode_list_3[] = {
    0x0, 0x3, 0x11, 0x12, 0x20, 0x21, 0x3e, 0x3f,
    0x40, 0x41, 0x42, 0x43, 0x44, 0x45, 0x46, 0x47,
    0x48, 0x49, 0x4a, 0x4b, 0x4c, 0x4d, 0x57, 0x58,
    0x6b, 0x6c, 0x6d, 0x6e, 0x6f, 0x70, 0x89, 0x8a,
    0x8b, 0x8c, 0xa8, 0xc2, 0xca, 0x12c, 0x12d, 0x12f,
    0x130, 0x137, 0x138, 0x139, 0x13a, 0x13b, 0x13c, 0x13d,
    0x149, 0x14a, 0x14b, 0x14c, 0x14d, 0x14e, 0x171, 0x172,
    0x173, 0x174, 0x175, 0x177, 0x178, 0x179, 0x17a, 0x17b,
    0x17c, 0x17d, 0x18c, 0x194, 0x195, 0x197, 0x198, 0x199,
    0x19f, 0x1a2, 0x205, 0x21a, 0x22d, 0x231
};

/*Collect the unicode lists and glyph_id offsets*/
static const lv_font_fmt_txt_cmap_t cmaps[] =
{
    {
        .range_start = 0, .range_length = 14, .glyph_id_start = 1,
        .unicode_list = unicode_list_0, .glyph_id_ofs_list = NULL, .list_length = 2, .type = LV_FONT_FMT_TXT_CMAP_SPARSE_TINY
    },
    {
        .range_start = 32, .range_length = 95, .glyph_id_start = 3,
        .unicode_list = NULL, .glyph_id_ofs_list = NULL, .list_length = 0, .type = LV_FONT_FMT_TXT_CMAP_FORMAT0_TINY
    },
    {
        .range_start = 160, .range_length = 223, .glyph_id_start = 98,
        .unicode_list = NULL, .glyph_id_ofs_list = NULL, .list_length = 0, .type = LV_FONT_FMT_TXT_CMAP_FORMAT0_TINY
    },
    {
        .range_start = 399, .range_length = 562, .glyph_id_start = 321,
        .unicode_list = unicode_list_3, .glyph_id_ofs_list = NULL, .list_length = 78, .type = LV_FONT_FMT_TXT_CMAP_SPARSE_TINY
    },
    {
        .range_start = 3585, .range_length = 58, .glyph_id_start = 399,
        .unicode_list = NULL, .glyph_id_ofs_list = NULL, .list_length = 0, .type = LV_FONT_FMT_TXT_CMAP_FORMAT0_TINY
    },
    {
        .range_start = 3647, .range_length = 29, .glyph_id_start = 457,
        .unicode_list = NULL, .glyph_id_ofs_list = NULL, .list_length = 0, .type = LV_FONT_FMT_TXT_CMAP_FORMAT0_TINY
    }
};

/*-----------------
 *    KERNING
 *----------------*/


/*Map glyph_ids to kern left classes*/
static const uint8_t kern_left_class_mapping[] =
{
    0, 0, 0, 0, 0, 0, 0, 0,
    0, 0, 1, 0, 0, 0, 0, 2,
    0, 0, 0, 3, 0, 0, 0, 4,
    5, 0, 6, 0, 0, 0, 0, 0,
    0, 0, 0, 0, 7, 8, 9, 10,
    11, 12, 13, 14, 14, 15, 16, 17,
    14, 14, 10, 18, 10, 19, 20, 21,
    22, 23, 24, 25, 26, 27, 0, 0,
    0, 0, 0, 0, 28, 29, 30, 31,
    29, 32, 33, 34, 35, 36, 37, 38,
    34, 34, 29, 29, 39, 40, 41, 42,
    43, 44, 45, 46, 47, 48, 0, 0,
    0, 0, 0, 0, 0, 0, 0, 0,
    0, 0, 0, 0, 0, 0, 0, 0,
    0, 0, 0, 0, 0, 0, 0, 0,
    0, 0, 0, 0, 0, 0, 0, 0,
    0, 0, 7, 7, 7, 7, 7, 7,
    11, 9, 11, 11, 11, 11, 14, 14,
    14, 14, 49, 14, 10, 10, 10, 10,
    10, 0, 10, 22, 22, 22, 22, 26,
    0, 8, 28, 28, 28, 28, 28, 28,
    50, 30, 29, 29, 29, 29, 35, 35,
    35, 35, 10, 34, 29, 29, 29, 29,
    29, 0, 29, 43, 43, 43, 43, 47,
    29, 47, 7, 28, 7, 28, 7, 28,
    9, 30, 9, 30, 9, 30, 9, 30,
    49, 51, 49, 31, 11, 29, 11, 29,
    11, 29, 11, 29, 11, 29, 13, 33,
    13, 33, 13, 33, 13, 33, 14, 34,
    14, 34, 14, 35, 14, 35, 14, 35,
    14, 35, 14, 43, 15, 36, 15, 36,
    16, 37, 37, 17, 38, 17, 38, 52,
    51, 0, 0, 17, 38, 14, 34, 14,
    34, 14, 34, 34, 14, 34, 10, 29,
    10, 29, 10, 29, 11, 29, 19, 40,
    19, 40, 19, 40, 20, 41, 20, 41,
    20, 41, 20, 41, 21, 42, 21, 42,
    21, 42, 22, 43, 22, 43, 22, 43,
    22, 43, 22, 43, 22, 43, 24, 45,
    26, 47, 26, 27, 48, 27, 48, 27,
    48, 0, 0, 53, 54, 55, 54, 7,
    28, 14, 35, 10, 29, 22, 43, 22,
    43, 22, 43, 22, 43, 22, 43, 13,
    33, 7, 28, 11, 50, 10, 29, 20,
    41, 21, 42, 43, 28, 29, 0, 0,
    0, 0, 0, 0, 0, 0, 0, 0,
    0, 0, 0, 0, 0, 0, 0, 0,
    0, 0, 0, 0, 0, 0, 0, 0,
    0, 0, 0, 0, 0, 0, 0, 0,
    0, 0, 0, 0, 0, 0, 0, 0,
    0, 0, 0, 0, 0, 0, 0, 0,
    0, 0, 0, 0, 0, 0, 0, 0,
    0, 0, 0, 0, 0, 0, 0, 0,
    0, 0, 0, 0, 0, 0, 0, 0,
    0, 0, 0, 0, 0, 0, 0, 0,
    0, 0, 0, 0, 0, 0, 0, 0,
    0, 0, 0, 0, 0, 0, 0, 0,
    0, 0, 0, 0, 0, 0, 0, 0,
    0, 0, 0, 0, 0, 0, 0, 0,
    0, 0, 0, 0, 0, 0, 0, 0,
    0, 0, 0, 0, 0, 0
};

/*Map glyph_ids to kern right classes*/
static const uint8_t kern_right_class_mapping[] =
{
    0, 0, 0, 0, 0, 0, 0, 0,
    0, 0, 1, 0, 0, 0, 0, 2,
    0, 3, 0, 4, 5, 0, 0, 6,
    0, 0, 0, 4, 4, 0, 0, 0,
    0, 0, 0, 0, 7, 8, 9, 8,
    8, 8, 9, 8, 8, 10, 8, 8,
    8, 8, 9, 8, 9, 8, 11, 12,
    13, 14, 15, 16, 17, 18, 0, 0,
    0, 0, 0, 0, 19, 20, 21, 21,
    21, 22, 23, 20, 24, 25, 20, 26,
    27, 27, 21, 27, 21, 27, 28, 29,
    30, 31, 32, 33, 34, 35, 0, 0,
    0, 0, 0, 0, 0, 0, 0, 0,
    0, 0, 0, 0, 0, 0, 0, 0,
    0, 0, 0, 0, 0, 0, 0, 0,
    0, 0, 0, 0, 0, 0, 0, 0,
    0, 0, 7, 7, 7, 7, 7, 7,
    7, 9, 8, 8, 8, 8, 8, 8,
    8, 8, 36, 8, 9, 9, 9, 9,
    9, 0, 9, 13, 13, 13, 13, 17,
    8, 22, 19, 19, 19, 19, 19, 19,
    19, 21, 21, 21, 21, 21, 24, 24,
    37, 24, 21, 27, 21, 21, 21, 21,
    21, 0, 21, 30, 30, 30, 30, 34,
    20, 34, 7, 19, 7, 19, 7, 19,
    9, 21, 9, 21, 9, 21, 9, 21,
    8, 21, 36, 21, 8, 21, 8, 21,
    8, 21, 8, 21, 8, 21, 9, 23,
    9, 23, 9, 23, 9, 23, 8, 20,
    8, 20, 8, 24, 8, 24, 8, 24,
    8, 24, 8, 24, 8, 24, 10, 25,
    8, 20, 27, 8, 26, 8, 26, 8,
    26, 8, 26, 38, 26, 8, 27, 8,
    27, 8, 27, 0, 8, 27, 9, 21,
    9, 21, 9, 21, 9, 21, 8, 27,
    8, 27, 8, 27, 11, 28, 11, 28,
    11, 28, 11, 28, 12, 29, 12, 29,
    12, 29, 13, 30, 13, 30, 13, 30,
    13, 30, 13, 30, 13, 30, 15, 32,
    17, 34, 17, 18, 35, 18, 35, 18,
    35, 9, 0, 9, 21, 13, 30, 7,
    19, 8, 24, 9, 21, 13, 30, 13,
    30, 13, 30, 13, 30, 13, 30, 9,
    23, 7, 19, 7, 19, 9, 21, 11,
    28, 12, 29, 25, 21, 21, 0, 0,
    0, 0, 0, 0, 0, 0, 0, 0,
    0, 0, 0, 0, 0, 0, 0, 0,
    0, 0, 0, 0, 0, 0, 0, 0,
    0, 0, 0, 0, 0, 0, 0, 0,
    0, 0, 0, 0, 0, 0, 0, 0,
    0, 0, 0, 0, 0, 0, 0, 0,
    0, 0, 0, 0, 0, 0, 0, 0,
    0, 0, 0, 0, 0, 0, 0, 0,
    0, 0, 0, 0, 0, 0, 0, 0,
    0, 0, 0, 0, 0, 0, 0, 0,
    0, 0, 0, 0, 0, 0, 0, 0,
    0, 0, 0, 0, 0, 0, 0, 0,
    0, 0, 0, 0, 0, 0, 0, 0,
    0, 0, 0, 0, 0, 0, 0, 0,
    0, 0, 0, 0, 0, 0, 0, 0,
    0, 0, 0, 0, 0, 0
};

/*Kern values between classes*/
static const int8_t kern_class_values[] =
{
    0, 0, 0, -10, 0, -25, -48, 0,
    -10, -33, 0, 0, 0, 0, 0, 0,
    0, 0, -17, 0, -13, -10, -13, -13,
    -10, 0, -17, -17, -13, -13, -13, -13,
    -13, -17, -17, 0, -13, 0, 0, 0,
    0, 0, -17, -2, 0, 0, 0, 0,
    0, -21, 0, -33, 0, 0, -21, 0,
    0, 0, 0, 0, 0, 0, 0, 0,
    0, 0, -12, 0, -25, -13, 0, -17,
    0, 0, 0, 0, 0, -25, 0, 0,
    0, 0, 0, 0, 0, 0, 0, 0,
    0, 0, 0, 0, 0, 0, 0, 0,
    0, 0, 0, 0, 0, 0, 0, 0,
    0, 0, 0, 0, 0, 0, 0, 0,
    0, 0, 0, -6, 0, 0, 0, 0,
    0, 0, 0, 0, 0, 0, 0, 0,
    0, 0, 0, 0, 0, 0, 0, 0,
    0, 0, 0, 0, 0, 0, 0, 0,
    0, 0, 0, 0, 0, 0, 0, 0,
    -13, 0, 0, 0, 0, 0, 0, 0,
    0, 0, 0, 0, 0, 0, 0, 0,
    0, 0, 0, 0, 0, 0, 0, 0,
    0, 0, 0, 0, 0, 0, 0, 0,
    0, 0, 0, 0, 0, 0, 0, -36,
    0, 0, 0, 0, 0, 0, 0, 0,
    0, 0, 0, 0, 0, 0, 0, 0,
    0, 0, 0, 0, 0, 0, 0, 0,
    0, 0, 0, 0, 0, 0, 0, 0,
    0, 0, 0, 0, -33, -8, 0, 0,
    0, 0, -13, 0, -21, 0, -21, -33,
    -17, -44, -36, -12, -56, -6, -13, 0,
    -17, -17, 0, -25, -13, -20, 0, 0,
    -21, -13, -33, -29, -17, -33, -6, -15,
    -25, -8, -6, -8, 2, 0, 0, 0,
    -13, 0, 0, 0, -4, -10, 0, -25,
    -10, -21, -29, -8, 0, 0, 0, 0,
    0, -6, -6, 0, 0, 0, 0, 0,
    -13, -10, -13, -13, -6, 0, -6, 0,
    0, 0, 0, 0, 0, 0, -15, 0,
    -8, 0, -8, 0, 0, -12, 0, -6,
    -10, 0, 0, 0, -1, 0, 0, 0,
    -6, 0, 0, 6, 0, 0, -6, -6,
    -13, -6, 0, -8, 0, 0, -6, -29,
    0, 0, 0, 0, -21, 0, 0, -12,
    -8, -4, 0, -15, -15, -25, -33, 0,
    -6, 0, 0, 0, 0, -10, -13, 0,
    0, -2, 0, 0, -4, 0, -17, -6,
    0, 0, -10, 0, 0, 0, 0, 0,
    0, 0, 0, 0, -4, 0, -8, 0,
    0, -6, 0, -10, 0, 0, -8, 0,
    -8, 0, 0, -6, -10, 0, 0, 0,
    2, 0, -19, -13, -10, -10, 0, 0,
    -6, 0, 0, -48, 0, 0, 0, 0,
    -31, 0, 0, -12, -12, 0, 0, 0,
    -2, -10, -10, -6, -21, 0, -15, -8,
    -13, -6, -6, 0, -13, -13, -10, -13,
    -25, -17, -29, -21, -15, 0, -6, 0,
    -6, 0, 0, 0, 0, 0, 0, 0,
    0, 0, 0, 0, 0, -13, 0, 0,
    -17, 0, 0, 0, 0, 0, 0, -6,
    0, 0, 0, 0, 0, 0, -13, 0,
    0, -13, 0, 0, -6, 0, 0, 0,
    0, 0, 0, 0, 0, 0, 0, 0,
    0, 0, 0, -6, 0, -8, -8, 0,
    0, 0, 0, 0, 0, -10, 0, 0,
    0, 0, 0, 0, -6, -10, -10, -13,
    0, 0, -10, 0, 0, -17, 0, 0,
    0, 0, -13, 0, 0, 0, 0, 0,
    0, 0, 0, 0, 0, 0, 0, 0,
    0, 0, 0, -6, 0, 0, 0, 0,
    0, 0, -6, 0, 0, 0, 0, 0,
    -6, 0, -6, -6, 0, 0, 0, 0,
    -17, 0, -25, 0, -13, -13, -19, -13,
    -12, -13, -13, -2, -13, -4, -25, -17,
    -6, -17, -21, -10, -10, -10, -25, -21,
    -33, -33, -25, -33, -10, -19, -17, -12,
    -17, 0, 0, 0, 0, 0, 0, 0,
    -12, 0, 0, -50, 0, -60, -23, -10,
    -63, 0, 0, 0, -10, -10, 0, -13,
    0, 0, 0, 0, -10, 0, -33, -21,
    0, -33, 0, -11, -13, 0, 0, -40,
    -19, 0, 0, 0, -31, 0, 0, -27,
    0, 0, 0, -17, -13, -21, -17, 0,
    -8, 0, 0, 0, 0, 2, -6, 0,
    0, 0, 0, 0, -6, -17, -6, 0,
    0, 0, 2, 0, 0, -13, 0, 0,
    0, 0, -17, 0, -6, -8, 0, 0,
    0, -25, -12, -10, -25, 0, -17, 0,
    -6, 0, 0, -6, 0, 0, 0, 0,
    0, 0, 0, -6, -12, -10, 0, -4,
    -6, 0, -6, 0, 0, 0, 0, 0,
    -21, 0, 0, -12, -12, -15, 0, -25,
    -12, -21, -29, -12, -6, 0, 0, -2,
    0, -10, 0, 0, 0, -6, -6, -2,
    -17, -10, -17, -17, 0, 0, -10, 0,
    0, -36, 0, 0, 0, 0, -33, 0,
    -4, -23, -12, 0, 0, 0, -6, -10,
    -4, -6, -36, 0, -36, -13, -29, -19,
    -17, -6, -33, -36, -17, -25, -40, -44,
    -44, -48, -44, -12, -19, 0, 0, 0,
    0, 0, 0, 0, -17, 0, 0, 0,
    0, 0, 0, 0, 0, -13, -13, -10,
    -2, 0, 0, 0, 0, -6, -6, 0,
    0, -2, 0, -6, -10, -10, -17, -10,
    -6, 0, -6, 0, -6, -48, 0, 0,
    0, 0, -52, -6, -15, -38, -17, 0,
    -8, 0, -13, -10, -13, -10, -36, -6,
    -35, -17, -31, -17, -25, -6, -23, -29,
    -21, -17, -36, -36, -40, -33, -25, -19,
    -17, -8, 0, -36, 0, 0, 0, 0,
    -36, 0, -15, -23, -12, -6, 0, -13,
    -6, -13, -13, -10, -29, -13, -29, -17,
    -21, -17, -25, 0, -13, -25, -10, -21,
    -25, -25, -25, -25, -25, -8, -17, 0,
    0, -17, 0, 0, 0, 0, -12, -8,
    -25, -21, -17, 0, -10, -10, -13, 0,
    -13, -13, -17, 0, -25, -17, -12, -33,
    0, -10, -10, -10, -25, -17, -33, -33,
    -17, -33, -17, -15, -33, 0, -8, -52,
    0, 0, 0, 0, -56, -8, -33, -46,
    -25, -10, 0, -13, -13, -13, -13, -13,
    -52, -10, -36, -21, -36, -25, -29, -8,
    -31, -36, -25, -36, -40, -40, -40, -40,
    -40, -23, -25, -19, 0, 0, 0, 0,
    0, 0, -10, 0, 0, 0, -4, 0,
    0, -10, -13, -13, -10, -6, 0, 0,
    0, -2, 0, -8, -12, 0, 0, 0,
    -2, 0, -13, -13, -6, -17, 0, -12,
    -8, 0, 0, -10, 0, 0, 0, 0,
    0, 0, 0, 0, 0, -25, 0, -29,
    -13, 0, -44, 0, 0, 0, 0, 0,
    0, 0, 0, 0, 0, 0, 0, 0,
    -17, -10, -10, -17, 0, 0, 0, 0,
    0, -17, 0, 0, 0, 0, -25, 0,
    -6, 0, 0, -36, 0, -36, -29, -25,
    -36, -10, 0, 0, 0, 0, 0, -8,
    -10, 0, 0, -2, 0, 0, -21, -17,
    -17, -21, -8, 0, -8, 0, 0, -6,
    0, 0, 0, 0, -2, 0, 0, 0,
    0, -8, 0, -13, -2, -15, -25, 0,
    0, 0, 0, 0, 0, 0, 0, 0,
    0, 0, 0, 0, -10, -10, -10, -10,
    0, 0, 0, 0, 0, 0, 0, 0,
    0, 0, 0, 0, 0, 0, 0, 0,
    0, -6, 0, 0, -13, 0, -2, 0,
    -4, 0, 0, 0, -2, 0, 0, 0,
    0, 0, -10, -10, -13, -10, 0, 0,
    0, 0, 0, -40, 0, 0, 0, 0,
    -29, 0, 0, -33, 0, 0, 0, 0,
    -10, 0, 0, 0, -21, 0, -13, -15,
    -17, -21, -13, 0, -10, -4, -12, 0,
    -19, -8, -25, -19, -8, 0, -21, 0,
    0, -13, 0, 0, 0, 0, 0, 0,
    -8, -13, -8, -36, -6, -13, -17, -29,
    -33, -13, -15, 0, -4, 0, -6, -10,
    -10, 0, -10, -10, 0, 0, -8, -8,
    -17, -17, -8, 0, -10, 0, 0, 0,
    0, 0, 0, 0, 0, 0, 0, 0,
    0, -40, 0, -29, -13, -10, -33, 0,
    -6, 0, -4, 0, 0, 0, 0, 0,
    0, 0, 0, 0, -10, -10, 0, -10,
    0, 0, 0, 0, 0, 0, 0, 0,
    0, 0, 0, 0, 0, 0, 0, -8,
    0, 0, -13, -10, -21, 0, 0, 0,
    0, 0, 0, 0, 0, 0, 0, 0,
    0, 0, -8, 0, 0, 0, 0, 0,
    0, 0, 0, 0, 0, 0, 0, 0,
    0, 0, 0, 0, 0, 0, 0, -6,
    -12, 0, -13, 0, 0, 0, 0, 0,
    0, -8, 0, 0, 0, 0, 0, 0,
    -17, 0, 0, -12, 0, 0, -8, 0,
    0, -17, 0, 0, 0, 0, -10, -15,
    -15, -17, -13, -33, 0, -33, -17, 0,
    -25, -17, -21, 0, -25, -13, -13, -21,
    -25, -12, 0, -13, -13, -10, -25, -17,
    -17, -17, -10, 0, -21, 0, -10, 0,
    0, 0, 0, 0, 0, 0, -6, 0,
    0, -10, 0, -13, -17, -10, -17, 0,
    0, 0, 0, -13, 0, -13, -21, -10,
    0, 0, -10, -10, -25, -17, -17, -25,
    0, 0, -13, 0, 0, 0, 0, 0,
    0, 0, -8, 0, 0, 0, 0, -23,
    0, -23, -12, -12, -27, 0, 0, 0,
    -4, 0, 0, -8, 8, 0, 0, 0,
    0, 0, -15, 0, -8, 0, 0, 0,
    -8, 0, 0, -36, 0, 0, 0, 0,
    -25, 0, 0, -33, 0, -29, 0, -21,
    -13, -13, -25, -13, -12, 0, -8, 0,
    0, 0, -13, 0, 0, -2, 0, 0,
    -13, -13, -13, -13, -6, 0, 0, 0,
    0, 0, 0, 0, 0, 0, 0, 0,
    0, -10, 0, -33, 0, -29, -17, -21,
    -40, 0, -6, 0, -6, -10, 0, 0,
    0, 0, 0, -10, -6, 0, -17, -17,
    -17, -17, 0, 0, 0, 0, -10, 0,
    0, 0, 0, 0, 0, 0, 0, 0,
    0, -6, 0, -25, -21, -17, -29, 0,
    0, 0, 0, 0, 0, 0, -6, 0,
    0, 0, 0, 0, -8, -8, -10, -17,
    0, 0, 0, 0, 0, 0, 0, 0,
    0, 0, 0, 0, 0, 0, 0, -17,
    0, -21, -17, 0, -36, 0, -6, 0,
    0, 0, 0, 0, 0, 0, 0, 0,
    0, 0, -10, -10, -13, -13, 0, 0,
    0, 0, 0, -36, 0, 0, 0, 0,
    -33, -6, -4, -29, 0, -21, -10, -36,
    -25, -33, -40, -25, -17, 0, -21, -13,
    -25, -13, -21, 0, -10, -25, -2, -10,
    -10, -17, -17, -17, -17, 0, -13, 0,
    0, -36, 0, 0, 0, 0, -25, 0,
    -2, -17, 0, -33, -6, -33, -25, -29,
    -36, -10, -17, 0, -17, -8, -10, -13,
    -21, 0, -10, -17, -8, -10, -10, -13,
    -25, -17, -10, 0, -13, 0, 0, -10,
    0, 0, 0, 0, -17, -13, -17, -25,
    -6, -44, -17, -40, -25, -17, -40, -17,
    -17, 0, -17, 0, -17, -13, 0, 0,
    0, -17, -10, -13, -17, -17, -10, -13,
    -13, 0, -13, 0, 0, -29, 0, 0,
    0, 0, -29, 0, -8, -36, -2, -36,
    -2, -29, -21, -33, -40, -17, -25, 0,
    -17, -6, -17, -10, -13, 0, 0, -17,
    0, -6, -17, -10, -13, -10, -6, 0,
    -10, 0, 0, -2, 0, 0, 0, 0,
    -6, 0, 0, -2, 0, -25, -2, -25,
    -13, -25, -44, 0, -8, 0, -8, 0,
    -10, 0, -8, 0, 0, -6, 0, -6,
    -13, -10, -13, -13, 0, 0, 0, 0,
    0, -15, 0, 0, 0, 0, -21, 0,
    0, 0, 0, -4, 0, -21, -17, -25,
    -25, -6, -4, 0, 0, 0, 0, 0,
    -10, 0, 0, 0, 0, 0, -6, -6,
    -13, -13, -2, 0, 0, 0, 0, 0,
    0, 0, 0, 0, 0, 0, 0, 0,
    0, -29, 0, -40, -25, -17, -38, 0,
    0, 0, 0, 0, 0, 0, 0, 0,
    0, 0, 0, 0, -19, -17, -17, -17,
    0, 0, 0, 0, 0, 0, 0, 0,
    0, 0, 0, 0, 0, 0, 0, 0,
    0, 0, 0, 0, 0, 0, -19, 0,
    -19, 0, -23, 0, -15, 0, -12, -19,
    -8, -15, -15, -12, -15, -15, -12, 0,
    0, 0, -17, 0, 0, 0, 0, 0,
    0, 0, -12, 0, 0, -27, 0, -44,
    -23, -10, -48, 0, 0, 0, -10, -10,
    0, -13, 0, 0, 0, 0, -10, 0,
    -33, -21, 0, -33, 0, -11, -13, 0,
    0, 0, 0, 0, 0, 0, -46, 0,
    -12, -35, -8, -4, 0, -15, -12, -19,
    -15, -4, -31, 0, -27, -12, -31, -19,
    -27, 0, -23, -19, -8, -19, -27, -27,
    -35, -31, -23, 0, -19, 0, 0, 0,
    0, 0, 0, 0, -42, 0, 0, -38,
    0, 0, 0, -12, 0, -23, -19, 0,
    -23, 0, -15, 0, -12, -8, -8, 0,
    -8, -8, 0, -8, -8, -4, -8, -12,
    -8, 0, -8, 0, 0, 0, 0, 0,
    0, 0, -58, 0, -15, -50, -8, 0,
    0, 0, 0, 0, -12, -12, -54, -8,
    -46, -15, -54, -27, -35, -8, -42, -42,
    -27, -42, -42, -42, -46, -42, -42, -19,
    -12, 0
};


/*Collect the kern class' data in one place*/
static const lv_font_fmt_txt_kern_classes_t kern_classes =
{
    .class_pair_values   = kern_class_values,
    .left_class_mapping  = kern_left_class_mapping,
    .right_class_mapping = kern_right_class_mapping,
    .left_class_cnt      = 55,
    .right_class_cnt     = 38,
};

/*--------------------
 *  ALL CUSTOM DATA
 *--------------------*/

#if LVGL_VERSION_MAJOR == 8
/*Store all the custom data of the font*/
static  lv_font_fmt_txt_glyph_cache_t cache;
#endif

#if LVGL_VERSION_MAJOR >= 8
static const lv_font_fmt_txt_dsc_t font_dsc = {
#else
static lv_font_fmt_txt_dsc_t font_dsc = {
#endif
    .glyph_bitmap = glyph_bitmap,
    .glyph_dsc = glyph_dsc,
    .cmaps = cmaps,
    .kern_dsc = &kern_classes,
    .kern_scale = 16,
    .cmap_num = 6,
    .bpp = 1,
    .kern_classes = 1,
    .bitmap_format = 0,
#if LVGL_VERSION_MAJOR == 8
    .cache = &cache
#endif
};



/*-----------------
 *  PUBLIC FONT
 *----------------*/

/*Initialize a public general font descriptor*/
#if LVGL_VERSION_MAJOR >= 8
const lv_font_t ui_font_Kanit24 = {
#else
lv_font_t ui_font_Kanit24 = {
#endif
    .get_glyph_dsc = lv_font_get_glyph_dsc_fmt_txt,    /*Function pointer to get glyph's data*/
    .get_glyph_bitmap = lv_font_get_bitmap_fmt_txt,    /*Function pointer to get glyph's bitmap*/
    .line_height = 31,          /*The maximum line height required by the font*/
    .base_line = 6,             /*Baseline measured from the bottom of the line*/
#if !(LVGL_VERSION_MAJOR == 6 && LVGL_VERSION_MINOR == 0)
    .subpx = LV_FONT_SUBPX_NONE,
#endif
#if LV_VERSION_CHECK(7, 4, 0) || LVGL_VERSION_MAJOR >= 8
    .underline_position = -2,
    .underline_thickness = 1,
#endif
    .dsc = &font_dsc,          /*The custom font data. Will be accessed by `get_glyph_bitmap/dsc` */
#if LV_VERSION_CHECK(8, 2, 0) || LVGL_VERSION_MAJOR >= 9
    .fallback = NULL,
#endif
    .user_data = NULL,
};



#endif /*#if UI_FONT_KANIT24*/

